gene_bnumber,kappa_mu_max,kappa_mu_sum,kappa_mu_own,kappa_v_lex,n_rxns,kappa_V_E22
b3735,22.681701240154617,22.681701240154617,22.681701240154617,466.629996362235,1,466.6299963622043
b3736,22.681701240154617,22.681701240154617,22.681701240154617,466.629996362235,1,466.6299963622043
b3737,22.681701240154617,22.681701240154617,22.681701240154617,466.629996362235,1,466.6299963622043
b3738,22.681701240154617,22.681701240154617,22.681701240154617,466.629996362235,1,466.6299963622043
b3739,22.681701240154617,22.681701240154617,22.681701240154617,466.629996362235,1,466.6299963622043
b3732,22.681701240154617,22.681701240154617,22.681701240154617,466.629996362235,1,466.6299963622043
b3733,22.681701240154617,22.681701240154617,22.681701240154617,466.629996362235,1,466.6299963622043
b3734,22.681701240154617,22.681701240154617,22.681701240154617,466.629996362235,1,466.6299963622043
b3731,22.681701240154617,22.681701240154617,22.681701240154617,466.629996362235,1,466.6299963622043
b0875,19.079833573413218,19.079833573413218,19.079833573413218,330.1950558715654,1,330.19505587154964
b0241,19.079833573413218,47.42744116930204,19.079833573413218,330.1950558715654,270,330.1950558715495
b0957,19.079833573413218,19.079833573413218,19.079833573413218,330.1950558715654,1,330.1950558715495
b3875,19.079833573413218,19.079833573413218,19.079833573413218,330.1950558715654,1,330.1950558715495
b2215,19.079833573413218,47.42744116930206,19.079833573413218,330.1950558715654,271,330.1950558715495
b0929,19.079833573413218,47.42744116930206,19.079833573413218,330.1950558715654,271,330.1950558715495
b1377,19.079833573413218,47.42744116930204,19.079833573413218,330.1950558715654,270,330.1950558715495
b1319,19.079833573413218,19.079833573413218,19.079833573413218,330.1950558715654,1,330.1950558715495
b0431,14.288847716476127,14.288847716476127,14.288847716476127,185.18926892870883,1,185.1892689286952
b0432,14.288847716476127,14.288847716476127,14.288847716476127,185.18926892870883,1,185.1892689286952
b0430,14.288847716476127,14.288847716476127,14.288847716476127,185.18926892870883,1,185.1892689286952
b0429,14.288847716476127,14.288847716476127,14.288847716476127,185.18926892870883,1,185.1892689286952
b2285,12.666167133342014,12.666167133342014,12.666167133342014,145.51636264094648,3,145.5163626409395
b2283,12.666167133342014,12.666167133342014,12.666167133342014,145.51636264094648,3,145.5163626409395
b2286,12.666167133342014,12.666167133342014,12.666167133342014,145.51636264094648,3,145.5163626409395
b2276,12.666167133342014,12.666167133342014,12.666167133342014,145.51636264094648,3,145.5163626409395
b2281,12.666167133342014,12.666167133342014,12.666167133342014,145.51636264094648,3,145.5163626409395
b2277,12.666167133342014,12.666167133342014,12.666167133342014,145.51636264094648,3,145.5163626409395
b2278,12.666167133342014,12.666167133342014,12.666167133342014,145.51636264094648,3,145.5163626409395
b2279,12.666167133342014,12.666167133342014,12.666167133342014,145.51636264094648,3,145.5163626409395
b2287,12.666167133342014,12.666167133342014,12.666167133342014,145.51636264094648,3,145.5163626409395
b2288,12.666167133342014,12.666167133342014,12.666167133342014,145.51636264094648,3,145.5163626409395
b2284,12.666167133342014,12.666167133342014,12.666167133342014,145.51636264094648,3,145.5163626409395
b2282,12.666167133342014,12.666167133342014,12.666167133342014,145.51636264094648,3,145.5163626409395
b2280,12.666167133342014,12.666167133342014,12.666167133342014,145.51636264094648,3,145.5163626409395
b1779,6.792253676059778,6.792346908681933,6.792253676059778,41.8455419496423,2,41.845541949642005
b2926,6.792253676059778,6.792253676059778,6.792253676059778,41.8455419496423,1,41.845541949642005
b2779,6.07391409105014,6.07391409105014,6.07391409105014,33.46252370443936,1,33.46252370443901
b0755,6.07391409105014,6.07391409105014,6.07391409105014,33.46252370443936,1,33.46252370443899
b3612,6.07391409105014,6.07391409105014,6.07391409105014,33.46252370443936,1,33.46252370443899
b4395,6.07391409105014,6.07391409105014,6.07391409105014,33.46252370443936,1,33.46252370443899
b0451,4.515646380952978,4.515646380952978,4.515646380952978,18.495294543148106,1,18.495294543147853
b2417,4.200000000000731,4.200000000000731,4.200000000000731,16.0,6,16.0
b1101,4.200000000000731,4.200000000000731,4.200000000000731,16.0,2,16.0
b2415,4.200000000000731,4.490090012517866,4.200000000000731,16.0,18,16.0
b2416,4.200000000000731,4.490090012517866,4.200000000000731,16.0,19,16.0
b1819,4.200000000000731,4.200000000000731,4.200000000000731,16.0,5,16.0
b1817,4.200000000000731,4.200000000000731,4.200000000000731,16.0,5,16.0
b1621,4.200000000000731,4.200000000000731,4.200000000000731,16.0,2,16.0
b1818,4.200000000000731,4.200000000000731,4.200000000000731,16.0,5,16.0
b1761,3.5753278660324277,3.5753278660324277,3.5753278660324277,11.594530020086834,1,11.594530020086626
b0116,3.2575133575983983,4.764163852049696,3.2575133575983983,9.624846505736594,3,9.624846505736867
b0115,3.2575133575983983,3.2575133575983983,3.2575133575983983,9.624846505736594,1,9.624846505736867
b0114,3.2575133575983983,3.2575133575983983,3.2575133575983983,9.624846505736594,1,9.624846505736867
b3916,2.425638849772171,2.9445477190571605,2.425638849772171,5.336710954837904,3,9.490141723290314
b1723,2.425638849772171,2.425638849772171,2.425638849772171,5.336710954837904,1,9.490141723290314
b1773,2.425638849772171,2.425638849772171,2.425638849772171,5.336710954837904,1,9.490141723290312
b2925,2.425638849772171,2.9445477190571605,2.425638849772171,5.336710954837904,2,9.490141723290312
b2097,2.425638849772171,2.425638849772171,2.425638849772171,5.336710954837904,1,9.490141723290312
b3919,3.1755600228078364,3.1755600228078364,3.1755600228078364,9.146649848721097,1,9.146649848720998
b4025,2.395756668023422,2.395756668023422,2.395756668023422,5.206031756235614,1,5.20603175623541
b0720,1.933341296071478,1.933341296071478,1.933341296071478,3.3903025516869434,1,3.390302551686155
b0118,1.933341296071478,3.866682592142956,1.933341296071478,3.3903025516869434,3,3.390302551686155
b1276,1.933341296071478,3.866682592142956,1.933341296071478,3.3903025516869434,2,3.390302551686155
b1136,1.933341296071478,1.933341296071478,1.933341296071478,3.3903025516869434,1,3.390302551686154
b4122,1.9198171307769805,1.9198171307769805,1.9198171307769805,3.3430365639753505,2,3.3430365639747155
b1611,1.9198171307769805,1.9198171307769805,1.9198171307769805,3.3430365639753505,1,3.3430365639747155
b1612,1.9198171307769805,1.9198171307769805,1.9198171307769805,3.3430365639753505,1,3.3430365639747155
b3236,1.9194170248607785,1.9194170248607785,1.9194170248607785,3.3416432757214385,1,3.341643275720806
b1852,1.804243332450916,1.804243332450916,1.804243332450916,2.952647620709422,1,2.952647620709575
b0767,1.804243332450916,1.804243332450916,1.804243332450916,2.952647620709422,1,2.9526476207095738
b2029,1.804243332450916,1.804243332450916,1.804243332450916,2.952647620709422,1,2.9526476207095738
b2501,1.4647923595942256,1.4647923595942256,1.4647923595942256,1.9461375567466095,2,2.64715310087908
b0722,1.484100951428485,1.484100951428485,1.484100951428485,1.9977828854373192,1,2.3874690515788184
b0723,1.484100951428485,1.484100951428485,1.484100951428485,1.9977828854373192,1,2.3874690515788184
b0724,1.484100951428485,1.484100951428485,1.484100951428485,1.9977828854373192,1,2.3874690515788184
b0721,1.484100951428485,1.484100951428485,1.484100951428485,1.9977828854373192,1,2.3874690515788184
b0726,1.483821253562093,1.483821253562093,1.483821253562093,1.9970299407589043,1,1.997029940758318
b0727,1.483821253562093,1.483821253562093,1.483821253562093,1.9970299407589043,1,1.997029940758318
b3380,0.000281370200493367,0.000281370200493367,0.000281370200493367,7.180878885313249e-08,1,1.6318250334497593
b4383,0.000281370200493367,0.000281370200493367,0.000281370200493367,7.180878885313249e-08,2,1.6318250334497593
b4094,0.0,0.0,0.0,0.0,1,1.631140475784241
b0728,1.2643859438579428,1.2643859438579428,1.2643859438579428,1.4500424604641668,1,1.450042460463684
b0729,1.2643859438579428,1.2643859438579428,1.2643859438579428,1.4500424604641668,1,1.450042460463684
b3956,1.2372587723515611,1.2372587723515611,1.2372587723515611,1.388489133301982,1,1.3884891333019085
b0928,1.2240143049255976,1.3592158218889754,1.2240143049255976,1.3589215586028878,3,1.3589215586029115
b1207,0.3900267594094685,0.3900267594094685,0.3900267594094685,0.13797811611964653,1,0.8203052488796222
b3844,0.9138845580333195,0.9138845580333195,0.9138845580333195,0.7575374015895971,6,0.7575374015895484
b4090,0.9092169988142178,0.9092169988142178,0.9092169988142178,0.7498190937323393,2,0.7498190937323724
b2914,0.9092169988142178,0.9092169988142178,0.9092169988142178,0.7498190937323393,1,0.7498190937323724
b4301,0.8783849377135822,0.8783849377135822,0.8783849377135822,0.6998277537090769,1,0.69982775370912
b3386,0.8783849377135822,0.8783849377135822,0.8783849377135822,0.6998277537090769,1,0.69982775370912
b3870,0.7569882697982837,0.7569882697982837,0.7569882697982837,0.5197562271973369,1,0.5197562271973608
b1297,0.7569882697982837,0.7569882697982837,0.7569882697982837,0.5197562271973369,2,0.5197562271973608
b2913,0.7183395851586432,0.7183395851586432,0.7183395851586432,0.46803787709544475,1,0.4680378770954553
b4388,0.7183395851586432,0.7183395851586432,0.7183395851586432,0.46803787709544475,1,0.4680378770954553
b0907,0.7183395851586432,0.7184328177807977,0.7183395851586432,0.46803787709544475,2,0.4680378770954553
b2465,0.5189088692849896,0.8783849377135985,0.5189088692849896,0.24423257553788003,2,0.2442325755378905
b2464,0.0,0.0,0.0,0.0,1,0.2442325755378905
b2935,0.5189088692849896,0.8783849377135985,0.5189088692849896,0.24423257553788003,2,0.2442325755378905
b0008,0.0,0.0,0.0,0.0,1,0.2442325755378905
b2551,0.46636399990867394,0.46636399990867394,0.46636399990867394,0.19727472141452687,6,0.1972747214145404
b3433,0.4469630437781016,0.4469630437781016,0.4469630437781016,0.18120268704332307,1,0.1812026870433115
b0002,0.4469630437781016,0.7388384285624179,0.4469630437781016,0.18120268704332307,2,0.1812026870433114
b4024,0.4469630437781016,0.4469630437781016,0.4469630437781016,0.18120268704332307,1,0.1812026870433114
b3940,0.4469630437781016,0.7388384285624179,0.4469630437781016,0.18120268704332307,2,0.1812026870433114
b2290,0.24305535553943308,0.24305535553943308,0.24305535553943308,0.05358358806813731,1,0.1599789787217618
b2379,0.24305535553943308,0.24305535553943308,0.24305535553943308,0.05358358806813731,1,0.1599789787217618
b0529,0.41338466689874875,0.8267693337974509,0.41338466689874875,0.1549994401620369,2,0.1549994401620578
b3493,0.40329631188719395,0.40329631188719395,0.40329631188719395,0.14752645362112088,1,0.1475264536211723
b2987,0.40329631188719395,0.40329631188719395,0.40329631188719395,0.14752645362112088,1,0.1475264536211723
b0078,0.3655174499481374,0.48698283327524383,0.3655174499481374,0.12118186502598706,2,0.1211818650259794
b0077,0.3655174499481374,0.48698283327524383,0.3655174499481374,0.12118186502598706,2,0.1211818650259794
b3774,0.3655174499481374,0.487223649376194,0.3655174499481374,0.12118186502598706,3,0.1211818650259794
b3671,0.3655174499481374,0.48698283327524383,0.3655174499481374,0.12118186502598706,2,0.1211818650259794
b3670,0.3655174499481374,0.48698283327524383,0.3655174499481374,0.12118186502598706,2,0.1211818650259794
b3771,0.3655174499481374,0.48698283327524383,0.3655174499481374,0.12118186502598706,2,0.1211818650259794
b0474,1.097454030740503,1.6926594605182923,1.097454030740503,1.0924311477459387,13,0.0991034010905592
b2518,0.33054698833061824,0.5949237665813699,0.33054698833061824,0.09910322793624476,8,0.0991034010905592
b1676,0.0,0.0,0.0,0.0,1,0.0763285398807885
b1854,0.0,0.0,0.0,0.0,1,0.0763285398807885
b0323,0.26196569066349445,0.26196569066349445,0.26196569066349445,0.06224582591539034,1,0.0622458259153863
b0521,0.26196569066349445,0.26196569066349445,0.26196569066349445,0.06224582591539034,1,0.0622458259153863
b2874,0.26196569066349445,0.26196569066349445,0.26196569066349445,0.06224582591539034,1,0.0622458259153863
b4069,0.0,0.0,0.0,0.0,2,0.0538087188670391
b0004,0.2275277340738442,0.2275277340738442,0.2275277340738442,0.046955890941410824,2,0.0469558909414078
b0003,0.2275277340738442,0.2275277340738442,0.2275277340738442,0.046955890941410824,1,0.0469558909414077
b4006,0.2269160779115882,0.4538321558231764,0.2269160779115882,0.04670376997808035,2,0.0467037699780858
b0126,0.21984712196834444,0.21984712196834444,0.21984712196834444,0.043839235396335476,1,0.0438392353963408
b0339,0.21984712196834444,0.21984712196834444,0.21984712196834444,0.043839235396335476,1,0.0438392353963408
b0071,0.18835958068125114,0.3767191613625023,0.18835958068125114,0.032180799662265294,2,0.0321807996622632
b0072,0.18835958068125114,0.3767191613625023,0.18835958068125114,0.032180799662265294,2,0.0321807996622632
b0074,0.18835958068125114,0.18835958068125114,0.18835958068125114,0.032180799662265294,1,0.0321807996622632
b4054,0.18835958068125114,0.3235610976446289,0.18835958068125114,0.032180799662265294,3,0.0321807996622632
b3770,0.18835958068125114,0.5641982581771222,0.18835958068125114,0.032180799662265294,4,0.0321807996622632
b0073,0.18835958068125114,0.18835958068125114,0.18835958068125114,0.032180799662265294,1,0.0321807996622632
b4005,0.18740091520899904,0.18740091520899904,0.18740091520899904,0.0318540616876442,1,0.0318540616876491
b2312,0.18740091520899904,0.18740091520899904,0.18740091520899904,0.0318540616876442,1,0.0318540616876491
b2499,0.18740091520897145,0.18740091520897145,0.18740091520897145,0.03185406168764422,1,0.0318540616876491
b2557,0.18740091520897145,0.18740091520897145,0.18740091520897145,0.03185406168764422,1,0.0318540616876491
b2476,0.18730768258682468,0.18730768258682468,0.18730768258682468,0.03182237455375961,1,0.0318223745537645
b1131,0.18730768258679553,0.3123301204073935,0.18730768258679553,0.03182237455375961,2,0.0318223745537645
b0523,0.18730768258682468,0.18730768258682468,0.18730768258682468,0.03182237455375961,1,0.0318223745537645
b0522,0.18730768258682468,0.18730768258682468,0.18730768258682468,0.03182237455375961,1,0.0318223745537645
b2500,0.1863753563650406,0.1863753563650406,0.1863753563650406,0.03150637047604851,1,0.0315063704760534
b3572,0.0,0.0,0.0,0.0,1,0.0283896994967888
b1704,0.15933956826425116,0.15933956826425116,0.15933956826425116,0.023028660326341342,1,0.0230286603263399
b0754,0.15933956826425116,0.15933956826425116,0.15933956826425116,0.023028660326341342,1,0.0230286603263399
b2601,0.15933956826425116,0.15933956826425116,0.15933956826425116,0.023028660326341342,1,0.0230286603263399
b1693,0.15933956826425116,0.15933956826425116,0.15933956826425116,0.023028660326341342,1,0.0230286603263399
b3389,0.15933956826425116,0.15933956826425116,0.15933956826425116,0.023028660326341342,1,0.0230286603263399
b3281,0.15933956826425116,0.15933956826425116,0.15933956826425116,0.023028660326341342,1,0.0230286603263399
b0908,0.15933956826425116,0.15933956826425116,0.15933956826425116,0.023028660326341342,1,0.0230286603263399
b2329,0.15933956826425855,0.15933956826425855,0.15933956826425855,0.02302866032634133,1,0.0230286603263399
b3390,0.15933956826425116,0.15933956826425116,0.15933956826425116,0.023028660326341342,1,0.0230286603263399
b0388,0.15933956826425116,0.15933956826425116,0.15933956826425116,0.023028660326341342,1,0.0230286603263399
b1692,0.15933956826425116,0.15933956826425116,0.15933956826425116,0.023028660326341342,2,0.0230286603263399
b0171,0.15805187106138613,0.15805187106138613,0.15805187106138613,0.022657953688199926,1,0.0226579536881984
b0910,0.15805187106138613,0.2336852679710714,0.15805187106138613,0.022657953688199926,3,0.0226579536881984
b2472,0.15508765899378996,0.15508765899378996,0.15508765899378996,0.021816038065835677,1,0.0218160380658343
b3359,0.15508765899378996,0.2787534158204405,0.15508765899378996,0.021816038065835677,2,0.0218160380658343
b3809,0.15508765899378996,0.15508765899378996,0.15508765899378996,0.021816038065835677,1,0.0218160380658343
b0031,0.15508765899378996,0.15508765899378996,0.15508765899378996,0.021816038065835677,1,0.0218160380658343
b0166,0.15508765899378996,0.15508765899378996,0.15508765899378996,0.021816038065835677,1,0.0218160380658343
b2478,0.15508765899378996,0.15508765899378996,0.15508765899378996,0.021816038065835677,1,0.0218160380658342
b0221,0.14878755862047988,0.9135475827264041,0.14878755862047988,0.020079580585958396,8,0.0200795805859571
b3846,0.14878755862047988,2.015769563015144,0.14878755862047988,0.020079580585958396,19,0.0200795805859571
b2341,0.14878755862047988,1.9528780971610276,0.14878755862047988,0.020079580585958396,16,0.0200795805859571
b2342,0.14878755862047988,0.9764390485805138,0.14878755862047988,0.020079580585958396,8,0.0200795805859571
b3845,0.14878755862047988,0.9764390485805138,0.14878755862047988,0.020079580585958396,8,0.0200795805859571
b2224,0.14878755862047988,0.14878755862047988,0.14878755862047988,0.020079580585958396,1,0.020079580585957
b2838,0.14346995448961264,0.14346995448961264,0.14346995448961264,0.018669957222062338,1,0.0186699572220611
b4244,0.13829993383684897,0.13829993383684897,0.13829993383684897,0.01734863645862187,1,0.0173486364586207
b4245,0.13829993383684897,0.13829993383684897,0.13829993383684897,0.01734863645862187,1,0.0173486364586207
b3642,0.13829993383684897,0.13829993383684897,0.13829993383684897,0.01734863645862187,1,0.0173486364586207
b1062,0.13829993383684897,0.13829993383684897,0.13829993383684897,0.01734863645862187,1,0.0173486364586207
b1281,0.13829993383684897,0.13829993383684897,0.13829993383684897,0.01734863645862187,1,0.0173486364586207
b2599,0.13520151696338242,0.2126577579654711,0.13520151696338242,0.01658000016844427,2,0.0165800001684432
b2600,0.13520151696338242,0.1929467929246715,0.13520151696338242,0.01658000016844427,2,0.0165800001684432
b4177,0.12502243782059796,0.12502243782059796,0.12502243782059796,0.01417742399322696,1,0.0141774239932306
b3960,0.12366575682665054,0.12366575682665054,0.12366575682665054,0.013871400824118744,1,0.0138714008241178
b2818,0.12366575682665054,0.12366575682665054,0.12366575682665054,0.013871400824118744,1,0.0138714008241178
b4254,0.12366575682665054,0.12366575682665054,0.12366575682665054,0.013871400824118744,1,0.0138714008241178
b3957,0.12366575682665054,0.12366575682665054,0.12366575682665054,0.013871400824118744,2,0.0138714008241178
b0273,0.12366575682665054,0.12366575682665054,0.12366575682665054,0.013871400824118744,1,0.0138714008241178
b1748,0.12366575682665054,0.12366575682665054,0.12366575682665054,0.013871400824118744,2,0.0138714008241178
b3959,0.12366575682665054,0.12366575682665054,0.12366575682665054,0.013871400824118744,1,0.0138714008241178
b3172,0.12366575682665054,0.12366575682665054,0.12366575682665054,0.013871400824118744,1,0.0138714008241178
b3958,0.12366575682665054,0.12366575682665054,0.12366575682665054,0.013871400824118744,1,0.0138714008241178
b3772,0.12146538332710646,0.12146538332710646,0.12146538332710646,0.01338216720542876,1,0.0133821672054278
b3117,0.12146538332710646,0.12146538332710646,0.12146538332710646,0.01338216720542876,1,0.0133821672054278
b1206,0.10544484140622987,0.10544484140622987,0.10544484140622987,0.010084911181021958,1,0.0100849111810213
b3781,0.10363119515104394,0.20726239030208787,0.10363119515104394,0.009740974699680334,10,0.0097409746996797
b0888,0.10363119515104394,0.10363119515104394,0.10363119515104394,0.009740974699680334,1,0.0097409746996797
b2582,0.10363119515104394,0.20726239030208787,0.10363119515104394,0.009740974699680334,10,0.0097409746996797
b3607,0.10363119515104394,0.10363119515104394,0.10363119515104394,0.009740974699680334,1,0.0097409746996797
b2421,0.10363119515104394,0.10363119515104394,0.10363119515104394,0.009740974699680334,1,0.0097409746996797
b2414,0.10363119515104394,0.10363119515104394,0.10363119515104394,0.009740974699680334,1,0.0097409746996797
b2764,0.10363119515104394,0.10363119515104394,0.10363119515104394,0.009740974699680334,4,0.0097409746996797
b2762,0.10363119515104394,0.10363119515104394,0.10363119515104394,0.009740974699680334,2,0.0097409746996797
b4214,0.10363119515104394,0.10363119515104394,0.10363119515104394,0.009740974699680334,1,0.0097409746996797
b2763,0.10363119515104394,0.10363119515104394,0.10363119515104394,0.009740974699680334,4,0.0097409746996797
b2750,0.10363119515104394,0.10363119515104394,0.10363119515104394,0.009740974699680334,1,0.0097409746996797
b2751,0.10363119515104394,0.10363119515104394,0.10363119515104394,0.009740974699680334,1,0.0097409746996797
b2752,0.10363119515104394,0.10363119515104394,0.10363119515104394,0.009740974699680334,1,0.0097409746996797
b2507,0.10189364009436017,0.10189364009436017,0.10189364009436017,0.009417064752544103,1,0.0094170647525435
b3648,0.10189364009436017,0.10189364009436017,0.10189364009436017,0.009417064752544103,2,0.0094170647525435
b2508,0.10189364009436017,0.10189364009436017,0.10189364009436017,0.009417064752544103,1,0.0094170647525435
b3744,0.10078111988102575,0.10078111988102575,0.10078111988102575,0.009212547956948817,1,0.0092125479569482
b0242,0.09241944973263691,0.09241944973263691,0.09241944973263691,0.007747260487304744,1,0.0077472604873042
b0243,0.09241944973263691,0.09241944973263691,0.09241944973263691,0.007747260487304744,1,0.0077472604873042
b0386,0.09241944973263691,0.09241944973263691,0.09241944973263691,0.007747260487304744,1,0.0077472604873042
b3290,0.08160697406375234,0.08160697406375234,0.08160697406375234,0.006040542598250309,1,0.0060405425982499
b3849,0.08160697406375234,0.08160697406375234,0.08160697406375234,0.006040542598250309,1,0.0060405425982499
b1291,0.08160697406375234,0.08160697406375234,0.08160697406375234,0.006040542598250309,1,0.0060405425982499
b1363,0.08160697406375234,0.08160697406375234,0.08160697406375234,0.006040542598250309,1,0.0060405425982499
b1250,0.08160697406375234,0.08160697406375234,0.08160697406375234,0.006040542598250309,1,0.0060405425982499
b3747,0.08160697406375234,0.08160697406375234,0.08160697406375234,0.006040542598250309,1,0.0060405425982499
b2780,0.06711285502851726,0.06711285502851726,0.06711285502851726,0.004085383500427105,1,0.0040853835004268
b4019,0.06453495212177898,0.06453495212177898,0.06453495212177898,0.0037775601311253524,1,0.0037775601311251
b3941,0.06453495212177898,0.06453495212177898,0.06453495212177898,0.0037775601311253524,1,0.0037775601311251
b3829,0.06453495212177898,0.06453495212177898,0.06453495212177898,0.0037775601311253524,1,0.0037775601311251
b3939,0.06434765071045714,0.06434765071045714,0.06434765071045714,0.00375566453620383,1,0.0037556645362035
b1622,0.06434765071045714,0.06434765071045714,0.06434765071045714,0.00375566453620383,1,0.0037556645362035
b3008,0.06434765071045714,0.06434765071045714,0.06434765071045714,0.00375566453620383,2,0.0037556645362035
b4013,0.06434765071045714,0.06434765071045714,0.06434765071045714,0.00375566453620383,1,0.0037556645362035
b0452,0.0628914658541163,0.1487875586204875,0.0628914658541163,0.003587606781427997,10,0.0035876067814277
b1094,0.0628914658541163,0.25571994114618357,0.0628914658541163,0.003587606781427997,26,0.0035876067814277
b2836,0.0628914658541163,0.1487875586204875,0.0628914658541163,0.003587606781427997,23,0.0035876067814277
b3608,0.0581253138695286,0.0581253138695286,0.0581253138695286,0.003064446359897239,1,0.003064446359897
b2895,0.04546867184941805,0.09093734369883649,0.04546867184941805,0.001875192852023104,7,0.0018751928520229
b1378,0.04546867184941805,0.04546867184941805,0.04546867184941805,0.001875192852023104,1,0.0018751928520229
b0684,0.04546867184941805,0.09093734369883649,0.04546867184941805,0.001875192852023104,7,0.0018751928520229
b2026,0.03960839532591866,0.07921679065183732,0.03960839532591866,0.0014229705033965896,2,0.0014229705033964
b2023,0.03960839532591866,0.03960839532591866,0.03960839532591866,0.0014229705033965896,1,0.0014229705033964
b2025,0.03960839532591866,0.03960839532591866,0.03960839532591866,0.0014229705033965896,1,0.0014229705033964
b2021,0.03960839532591866,0.03960839532591866,0.03960839532591866,0.0014229705033965896,1,0.0014229705033964
b2024,0.03960839532591866,0.03960839532591866,0.03960839532591866,0.0014229705033965896,1,0.0014229705033964
b2020,0.03960839532591866,0.03960839532591866,0.03960839532591866,0.0014229705033965896,1,0.0014229705033964
b2022,0.03960839532591866,0.07921679065183732,0.03960839532591866,0.0014229705033965896,2,0.0014229705033964
b2019,0.03960839532591866,0.03960839532591866,0.03960839532591866,0.0014229705033965896,1,0.0014229705033964
b3176,0.03950387444906306,0.03950387444906306,0.03950387444906306,0.0014154703820312528,1,0.0014154703820311
b3729,0.03950387444906306,0.03950387444906306,0.03950387444906306,0.0014154703820312528,1,0.0014154703820311
b3730,0.03950387444906306,0.07900774889812612,0.03950387444906306,0.0014154703820312528,2,0.0014154703820311
b0185,0.032539439382468914,0.032539439382468914,0.032539439382468914,0.0009603765216536604,1,0.0009603765216535
b2316,0.032539439382468914,0.032539439382468914,0.032539439382468914,0.0009603765216536604,1,0.0009603765216535
b3256,0.032539439382468914,0.032539439382468914,0.032539439382468914,0.0009603765216536604,1,0.0009603765216535
b3255,0.032539439382468914,0.032539439382468914,0.032539439382468914,0.0009603765216536604,1,0.0009603765216535
b1092,0.03253860321545326,0.03253860321545326,0.03253860321545326,0.000960327164635429,1,0.0009603271646353
b1093,0.0325369308814237,0.03253860321545337,0.0325369308814237,0.0009602284544040017,14,0.0009602284544039
b1095,0.0325369308814237,0.0325369308814237,0.0325369308814237,0.0009602284544040017,9,0.0009602284544039
b2323,0.0325369308814237,0.03253776704843853,0.0325369308814237,0.0009602284544040017,13,0.0009602284544039
b3018,0.03144573292705815,0.0581253138695319,0.03144573292705815,0.0008969016953569993,7,0.0008969016953569
b4041,0.03144573292705815,0.0581253138695319,0.03144573292705815,0.0008969016953569993,7,0.0008969016953569
b4160,0.03144573292705815,0.0581253138695319,0.03144573292705815,0.0008969016953569993,7,0.0008969016953569
b2585,0.03144573292705815,0.0581253138695319,0.03144573292705815,0.0008969016953569993,7,0.0008969016953569
b0175,0.03144573292705815,0.0581253138695319,0.03144573292705815,0.0008969016953569993,7,0.0008969016953569
b1262,0.023765120812253314,0.04753024162450663,0.023765120812253314,0.0005122729860436637,2,0.0005122729860436
b1260,0.023765120812253314,0.023765120812253314,0.023765120812253314,0.0005122729860436637,3,0.0005122729860436
b1261,0.023765120812253314,0.023765120812253314,0.023765120812253314,0.0005122729860436637,3,0.0005122729860436
b1263,0.023765120812253314,0.04753024162450663,0.023765120812253314,0.0005122729860436637,2,0.0005122729860436
b3708,0.023765120812253314,0.023765120812253314,0.023765120812253314,0.0005122729860436637,3,0.0005122729860436
b1264,0.023765120812253314,0.023765120812253314,0.023765120812253314,0.0005122729860436637,1,0.0005122729860436
b2903,0.02282924088920424,0.02282924088920424,0.02282924088920424,0.00047272039827535935,1,0.0004727203982757
b2904,0.02282924088920424,0.02282924088920424,0.02282924088920424,0.00047272039827535935,1,0.0004727203982757
b2905,0.02282924088920424,0.02282924088920424,0.02282924088920424,0.00047272039827535935,1,0.0004727203982757
b0914,0.019209264831900538,0.03614833621851298,0.019209264831900538,0.000334690118196526,32,0.0003346901181965
b1190,0.017426556756264616,0.017426556756264616,0.017426556756264616,0.00027545113861343563,1,0.0002754511386134
b4053,0.017426556756264616,0.017426556756264616,0.017426556756264616,0.00027545113861343563,1,0.0002754511386134
b1215,0.01626846544071185,0.01626846544071185,0.01626846544071185,0.00024005711360100041,1,0.0002400571136009
b3198,0.01626846544071185,0.01626846544071185,0.01626846544071185,0.00024005711360100041,1,0.0002400571136009
b2708,0.01626846544071185,0.01626846544071185,0.01626846544071185,0.00024005711360100041,1,0.0002400571136009
b0918,0.01626846544071185,0.01626846544071185,0.01626846544071185,0.00024005711360100041,1,0.0002400571136009
b0096,0.0162684654407109,0.0162684654407109,0.0162684654407109,0.00024005711360100047,1,0.0002400571136009
b3197,0.01626846544071185,0.01626846544071185,0.01626846544071185,0.00024005711360100041,1,0.0002400571136009
b0181,0.0162684654407109,0.0162684654407109,0.0162684654407109,0.00024005711360100047,1,0.0002400571136009
b0179,0.0162684654407109,0.0162684654407109,0.0162684654407109,0.00024005711360100047,1,0.0002400571136009
b0085,0.011617704504176297,0.011617704504176297,0.011617704504176297,0.00012242272827263807,1,0.0001224227282726
b0088,0.011617704504176297,0.011617704504176297,0.011617704504176297,0.00012242272827263807,1,0.0001224227282726
b3967,0.011617704504176297,0.011617704504176297,0.011617704504176297,0.00012242272827263807,1,0.0001224227282726
b0381,0.011617704504176297,0.011617704504176297,0.011617704504176297,0.00012242272827263807,1,0.0001224227282726
b1278,0.011617704504176297,0.011617704504176297,0.011617704504176297,0.00012242272827263807,30,0.0001224227282726
b0086,0.011617704504176297,0.011617704504176297,0.011617704504176297,0.00012242272827263807,1,0.0001224227282726
b0092,0.011617704504176297,0.011617704504176297,0.011617704504176297,0.00012242272827263807,1,0.0001224227282726
b3057,0.011617704504176297,0.011617704504176297,0.011617704504176297,0.00012242272827263807,2,0.0001224227282726
b0841,0.011617704504176297,0.011617704504176297,0.011617704504176297,0.00012242272827263807,2,0.0001224227282726
b3189,0.011617704504176297,0.011617704504176297,0.011617704504176297,0.00012242272827263807,1,0.0001224227282726
b3972,0.011617704504176297,0.011617704504176297,0.011617704504176297,0.00012242272827263807,1,0.0001224227282726
b0090,0.011617704504176297,0.011617704504176297,0.011617704504176297,0.00012242272827263807,1,0.0001224227282726
b0087,0.011617704504176297,0.011617704504176297,0.011617704504176297,0.00012242272827263807,1,0.0001224227282726
b0091,0.011617704504176297,0.011617704504176297,0.011617704504176297,0.00012242272827263807,1,0.0001224227282726
b4238,0.011295362119954057,0.04446987035018968,0.011295362119954057,0.00011572354230981178,4,0.0001157235423098
b3924,0.011295362119954057,0.04446987035018968,0.011295362119954057,0.00011572354230981178,5,0.0001157235423098
b4237,0.011295362119954057,0.04446987035018968,0.011295362119954057,0.00011572354230981178,4,0.0001157235423098
b1606,0.011219270921609247,0.011219270921609247,0.011219270921609247,0.00011416965078307811,2,0.000114169650783
b0048,0.011219270921609247,0.011219270921609247,0.011219270921609247,0.00011416965078307811,1,0.000114169650783
b2827,0.010939573055140355,0.010939573055140355,0.010939573055140355,0.00010854808036818893,1,0.0001085480803681
b3640,0.010939573055141205,0.010939573055141205,0.010939573055141205,0.00010854808036818893,1,0.0001085480803681
b1098,0.010939573055140355,0.010939573055140355,0.010939573055140355,0.00010854808036818893,1,0.0001085480803681
b2251,0.010939573055141205,0.010939573055141205,0.010939573055141205,0.00010854808036818893,3,0.0001085480803681
b4261,0.008134232720355924,0.008134232720355924,0.008134232720355924,6.0014278400250104e-05,9,6.001427840024629e-05
b3200,0.008134232720355924,0.008134232720355924,0.008134232720355924,6.0014278400250104e-05,9,6.001427840024629e-05
b3201,0.008134232720355924,0.008134232720355924,0.008134232720355924,6.0014278400250104e-05,9,6.001427840024629e-05
b4262,0.008134232720355924,0.008134232720355924,0.008134232720355924,6.0014278400250104e-05,9,6.001427840024629e-05
b3633,0.008134232720355924,0.01626846544071185,0.008134232720355924,6.0014278400250104e-05,2,6.001427840024629e-05
b3199,0.008134232720355924,0.008134232720355924,0.008134232720355924,6.0014278400250104e-05,9,6.001427840024629e-05
b0915,0.008134232720355924,0.008134232720355924,0.008134232720355924,6.0014278400250104e-05,1,6.001427840024628e-05
b0182,0.008134232720355924,0.008134232720355924,0.008134232720355924,6.0014278400250104e-05,1,6.001427840024628e-05
b0524,0.008134232720355924,0.008134232720355924,0.008134232720355924,6.0014278400250104e-05,1,6.001427840024625e-05
b3040,0.006714839212666685,0.007453174686769652,0.006714839212666685,4.0897111694650956e-05,6,4.089711169464834e-05
b0149,0.005808852252088149,0.011617704504176297,0.005808852252088149,3.0605682068159516e-05,5,3.060568206815759e-05
b1069,0.005808852252088149,0.005808852252088149,0.005808852252088149,3.0605682068159516e-05,2,3.060568206815759e-05
b0635,0.005808852252088149,0.005808852252088149,0.005808852252088149,3.0605682068159516e-05,2,3.060568206815759e-05
b3396,0.005808852252088149,0.011617704504176297,0.005808852252088149,3.0605682068159516e-05,5,3.060568206815759e-05
b2519,0.005808852252088149,0.005808852252088149,0.005808852252088149,3.0605682068159516e-05,2,3.060568206815759e-05
b0084,0.005808852252088149,0.005808852252088149,0.005808852252088149,3.0605682068159516e-05,2,3.060568206815759e-05
b4208,0.005808852252088149,0.005808852252088149,0.005808852252088149,3.0605682068159516e-05,5,3.060568206815759e-05
b4209,0.0032643960259322764,0.0032643960259322764,0.0032643960259322764,9.665561371508421e-06,1,9.665561371507808e-06
b0007,0.0,0.0,0.0,0.0,2,4.295254891668811e-06
b3196,0.00217612465611921,0.00217612465611921,0.00217612465611921,4.295254891669085e-06,1,4.295254891668811e-06
b2400,0.0014917219544731048,0.0014917219544731048,0.0014917219544731048,2.0183531873309524e-06,1,2.018353187330823e-06
b0154,0.0014917219544731048,0.0014917219544731048,0.0014917219544731048,2.0183531873309524e-06,1,2.018353187330823e-06
b1210,0.0014917219544731048,0.0014917219544731048,0.0014917219544731048,2.0183531873309524e-06,1,2.018353187330823e-06
b0420,0.0011852667435377972,0.0011852667435377972,0.0011852667435377972,1.2742469415518203e-06,1,1.2742469415517724e-06
b0155,0.001088062328059605,0.001088062328059605,0.001088062328059605,1.0738137229172713e-06,1,1.073813722917203e-06
b1592,0.001088062328059605,0.001088062328059605,0.001088062328059605,1.0738137229172713e-06,1,1.073813722917203e-06
b1849,0.24356541889883498,0.24459097774317323,0.24356541889883498,0.053808718867181346,2,9.53987248699832e-07
b0029,0.0008825742841657956,0.0009988014992287394,0.0008825742841657956,7.065191536659936e-07,2,9.048566300811854e-07
b1208,0.000998801499228765,0.000998801499228765,0.000998801499228765,9.04856630081215e-07,1,9.048566300811854e-07
b2746,0.000998801499228765,0.000998801499228765,0.000998801499228765,9.04856630081215e-07,1,9.048566300811854e-07
b2515,0.000998801499228765,0.000998801499228765,0.000998801499228765,9.04856630081215e-07,1,9.048566300811854e-07
b0173,0.000998801499228765,0.000998801499228765,0.000998801499228765,9.04856630081215e-07,1,9.048566300811852e-07
b2747,0.000998801499228765,0.000998801499228765,0.000998801499228765,9.04856630081215e-07,1,9.04856630081185e-07
b0750,0.0009523942310931677,0.0009523942310931677,0.0009523942310931677,8.227254140387524e-07,1,8.227254140392701e-07
b1740,0.0009523942310931677,0.0009523942310931677,0.0009523942310931677,8.227254140387524e-07,1,8.227254140392699e-07
b0109,0.0009523942310931677,0.0009523942310931677,0.0009523942310931677,8.227254140387524e-07,1,8.227254140392699e-07
b0639,0.0009523942310931677,0.0009523942310931677,0.0009523942310931677,8.227254140387524e-07,2,8.227254140392699e-07
b2574,0.0009523942310931677,0.0009523942310931677,0.0009523942310931677,8.227254140387524e-07,4,8.227254140392692e-07
b2530,0.0007546407308925869,0.0012810078667339923,0.0007546407308925869,5.165375352499558e-07,6,5.165375352499223e-07
b0369,0.0007458609772365524,0.0007458609772365524,0.0007458609772365524,5.045882968327381e-07,1,5.045882968327057e-07
b2942,0.00037543898966276967,0.00037543898966276967,0.00037543898966276967,1.278498276028284e-07,1,1.2784982760282022e-07
b1662,0.00037293048905066037,0.00037293048905066037,0.00037293048905066037,1.261470742083256e-07,1,1.2614707420816142e-07
b3041,0.00037293048905066037,0.00037293048905066037,0.00037293048905066037,1.261470742083256e-07,1,1.2614707420816142e-07
b4384,0.000281370200493367,0.000281370200493367,0.000281370200493367,7.180878885313249e-08,7,7.18087888531248e-08
b3360,0.00027969786647047065,0.00027969786647047065,0.00027969786647047065,7.095772924210813e-08,1,7.095772924225186e-08
b1812,0.00027969786647047065,0.00027969786647047065,0.00027969786647047065,7.095772924210813e-08,2,7.095772924225186e-08
b1096,0.00027969786647047065,0.00027969786647047065,0.00027969786647047065,7.095772924210813e-08,1,7.095772924225186e-08
b3177,0.00027969786647047065,0.00027969786647047065,0.00027969786647047065,7.095772924210813e-08,1,7.095772924225186e-08
b1865,0.00027969786647047065,0.00027969786647047065,0.00027969786647047065,7.095772924210813e-08,2,7.095772924225182e-08
b2979,0.00027969786647047065,0.00027969786647047065,0.00027969786647047065,7.095772924210813e-08,3,7.095772924225182e-08
b0142,0.00027969786647047065,0.00027969786647047065,0.00027969786647047065,7.095772924210813e-08,1,7.095772924225182e-08
b0099,0.00027969786647047065,0.00027969786647047065,0.00027969786647047065,7.095772924210813e-08,3,7.095772924225182e-08
b2976,0.00027969786647047065,0.00027969786647047065,0.00027969786647047065,7.095772924210813e-08,1,7.095772924225182e-08
b1415,0.00027969786647047065,0.00027969786647047065,0.00027969786647047065,7.095772924210813e-08,2,7.095772924225182e-08
b4014,0.00027969786647047065,0.00027969786647047065,0.00027969786647047065,7.095772924210813e-08,1,7.095772924225182e-08
b2315,0.00027969786647047065,0.00027969786647047065,0.00027969786647047065,7.095772924210813e-08,1,7.095772924225182e-08
b4467,0.00027969786647047065,0.00027969786647047065,0.00027969786647047065,7.095772924210813e-08,3,7.095772924225182e-08
b3058,0.00027969786647047065,0.00027969786647047065,0.00027969786647047065,7.095772924210813e-08,2,7.09577292422518e-08
b2153,0.00027969786647049494,0.00027969786647049494,0.00027969786647049494,7.095772924210813e-08,1,7.09577292422518e-08
b0425,0.0002408161009501697,0.0002408161009501697,0.0002408161009501697,5.2600811011123255e-08,1,5.2600811011116584e-08
b0131,0.0002408161009501697,0.0002408161009501697,0.0002408161009501697,5.2600811011123255e-08,1,5.2600811011116584e-08
b0134,0.0002408161009501697,0.0002408161009501697,0.0002408161009501697,5.2600811011123255e-08,1,5.260081101111657e-08
b3639,0.0002408161009501697,0.0004816322019003394,0.0002408161009501697,5.2600811011123255e-08,2,5.260081101111655e-08
b0133,0.0002408161009501697,0.0002408161009501697,0.0002408161009501697,5.2600811011123255e-08,1,5.260081101111655e-08
b3974,0.0002408161009501697,0.0002408161009501697,0.0002408161009501697,5.2600811011123255e-08,1,5.260081101111655e-08
b3634,0.0002408161009501697,0.0002408161009501697,0.0002408161009501697,5.2600811011123255e-08,1,5.260081101111655e-08
b0103,0.0002408161009501697,0.0002408161009501697,0.0002408161009501697,5.2600811011123255e-08,1,5.2600811011116545e-08
b0826,0.00020402475162076728,0.00020402475162076728,0.00020402475162076728,3.775609910745477e-08,1,3.775609910745236e-08
b0784,0.00020402475162076728,0.0003060371274311509,0.00020402475162076728,3.775609910745477e-08,2,3.775609910745236e-08
b2687,0.0001873014113239685,0.0001873014113239685,0.0001873014113239685,3.1820243698193546e-08,1,3.18202436981855e-08
b0159,0.0001873014113239685,0.0002813702004933763,0.0001873014113239685,3.1820243698193546e-08,3,3.18202436981855e-08
b2615,0.00018688332933558538,0.00018688332933558538,0.00018688332933558538,3.167834758198006e-08,1,3.1678347581933296e-08
b3804,0.0001864652443091381,0.0001864652443091381,0.0001864652443091381,3.153676855204613e-08,1,3.1536768552044127e-08
b3805,0.0001864652443091381,0.0001864652443091381,0.0001864652443091381,3.153676855204613e-08,1,3.1536768552044113e-08
b0414,0.00018646524452533018,0.00037293048905066037,0.00018646524452533018,3.15367685520814e-08,2,3.153676855204036e-08
b0415,0.00018646524452533018,0.00018646524452533018,0.00018646524452533018,3.15367685520814e-08,1,3.153676855204036e-08
b1277,0.00018646524452533018,0.00018646524452533018,0.00018646524452533018,3.15367685520814e-08,1,3.1536768552040355e-08
b3816,0.0001350409728965237,0.0001454930605820131,0.0001350409728965237,1.654064794318416e-08,3,1.6540647943183114e-08
b3807,0.00011957188312207182,0.00022827359505122992,0.00011957188312207182,1.2968195220511022e-08,4,1.2968195220510177e-08
b2529,0.00011957188312207182,0.00045821952413213423,0.00011957188312207182,1.2968195220511022e-08,6,1.2968195220510177e-08
b0421,0.00011622721506294377,0.00023245443012588754,0.00011622721506294377,1.2252848542984782e-08,2,1.2252848542984292e-08
b2889,0.0,0.0,0.0,0.0,1,1.2252848542984292e-08
b2528,0.0001087017119291581,0.00012040805013690703,0.0001087017119291581,1.0717516711166136e-08,2,1.0717516711165426e-08
b0781,0.00010201237581038364,0.00010201237581038364,0.00010201237581038364,9.439024776863693e-09,1,9.439024776863096e-09
b0783,0.00010201237581038364,0.00010201237581038364,0.00010201237581038364,9.439024776863693e-09,1,9.439024776863096e-09
b0785,0.00010201237581038364,0.00010201237581038364,0.00010201237581038364,9.439024776863693e-09,1,9.439024776863094e-09
b0009,0.00010201237581038364,0.00010201237581038364,0.00010201237581038364,9.439024776863693e-09,1,9.43902477686309e-09
b3803,9.323262215456905e-05,9.323262215456905e-05,9.323262215456905e-05,7.884192138011533e-09,1,7.884192138011033e-09
b3368,9.323262215456905e-05,0.0002796978664637072,9.323262215456905e-05,7.884192138011533e-09,3,7.884192138011033e-09
b3187,9.323262215456905e-05,9.323262215456905e-05,9.323262215456905e-05,7.884192138011533e-09,1,7.884192138011032e-09
b3994,9.323262215456905e-05,9.323262215456905e-05,9.323262215456905e-05,7.884192138011533e-09,1,7.884192138011032e-09
b4407,9.323262215456905e-05,9.323262215456905e-05,9.323262215456905e-05,7.884192138011533e-09,1,7.884192138011032e-09
b0417,9.323262215456905e-05,9.323262215456905e-05,9.323262215456905e-05,7.884192138011533e-09,1,7.884192138011032e-09
b3993,9.323262215456905e-05,9.323262215456905e-05,9.323262215456905e-05,7.884192138011533e-09,1,7.884192138011032e-09
b3843,9.323262215456905e-05,9.323262215456905e-05,9.323262215456905e-05,7.884192138011533e-09,1,7.884192138011032e-09
b2311,9.323262215456905e-05,9.323262215456905e-05,9.323262215456905e-05,7.884192138011533e-09,1,7.884192138011032e-09
b3992,9.323262215456905e-05,9.323262215456905e-05,9.323262215456905e-05,7.884192138011533e-09,1,7.884192138011032e-09
b3990,9.323262215456905e-05,9.323262215456905e-05,9.323262215456905e-05,7.884192138011533e-09,1,7.884192138011032e-09
b4039,9.323262215456905e-05,9.323262215456905e-05,9.323262215456905e-05,7.884192138011533e-09,1,7.884192138011032e-09
b0423,9.323262215456905e-05,9.323262215456905e-05,9.323262215456905e-05,7.884192138011533e-09,1,7.884192138011032e-09
b3835,9.323262215456905e-05,9.323262215456905e-05,9.323262215456905e-05,7.884192138011533e-09,1,7.884192138011032e-09
b4040,9.323262215456905e-05,9.323262215456905e-05,9.323262215456905e-05,7.884192138011533e-09,1,7.884192138011032e-09
b2103,9.323262215456905e-05,9.323262215456905e-05,9.323262215456905e-05,7.884192138011533e-09,2,7.884192138011032e-09
b3850,9.323262215456905e-05,9.323262215456905e-05,9.323262215456905e-05,7.884192138011533e-09,2,7.88419213801103e-09
b2436,9.323262215456905e-05,9.323262215456905e-05,9.323262215456905e-05,7.884192138011533e-09,1,7.88419213801103e-09
b0052,9.323262215456905e-05,9.323262215456905e-05,9.323262215456905e-05,7.884192138011533e-09,1,7.88419213801103e-09
b2564,9.323262215456905e-05,9.323262215456905e-05,9.323262215456905e-05,7.884192138011533e-09,1,7.88419213801103e-09
b3991,9.323262215456905e-05,9.323262215456905e-05,9.323262215456905e-05,7.884192138011533e-09,1,7.884192138011027e-09
b0475,9.323262215456905e-05,9.323262215456905e-05,9.323262215456905e-05,7.884192138011533e-09,1,7.884192138011027e-09
b2927,9.323262215456905e-05,9.323262215456905e-05,9.323262215456905e-05,7.884192138011533e-09,1,7.884192138011027e-09
b3997,9.323262215456905e-05,9.323262215456905e-05,9.323262215456905e-05,7.884192138011533e-09,1,7.884192138011027e-09
b2320,9.323262215456905e-05,9.323262215456905e-05,9.323262215456905e-05,7.884192138011533e-09,1,7.884192138011025e-09
b0025,9.323262237370677e-05,0.00018646524474741355,9.323262237370677e-05,7.884192138029163e-09,2,7.884192138009159e-09
b3917,5.393277245712932e-05,5.393277245712932e-05,5.393277245712932e-05,2.6383165028182723e-09,3,2.638316502818105e-09
b0763,5.393277245712932e-05,5.393277245712932e-05,5.393277245712932e-05,2.6383165028182723e-09,3,2.638316502818105e-09
b0765,5.393277245712932e-05,5.393277245712932e-05,5.393277245712932e-05,2.6383165028182723e-09,3,2.638316502818105e-09
b0764,5.393277245712932e-05,5.393277245712932e-05,5.393277245712932e-05,2.6383165028182723e-09,3,2.638316502818105e-09
b2425,5.393277245712932e-05,5.393277245712932e-05,5.393277245712932e-05,2.6383165028182723e-09,5,2.638316502818105e-09
b2424,5.393277245712932e-05,5.393277245712932e-05,5.393277245712932e-05,2.6383165028182723e-09,5,2.638316502818105e-09
b2423,5.393277245712932e-05,5.393277245712932e-05,5.393277245712932e-05,2.6383165028182723e-09,5,2.638316502818105e-09
b2422,5.393277245712932e-05,5.393277245712932e-05,5.393277245712932e-05,2.6383165028182723e-09,5,2.638316502818105e-09
b0827,5.100618790519182e-05,0.00010201237581038364,5.100618790519182e-05,2.359756194215923e-09,4,2.3597561942157726e-09
b3857,5.100618790519182e-05,0.00010201237581038364,5.100618790519182e-05,2.359756194215923e-09,5,2.3597561942157726e-09
b3856,5.100618790519182e-05,0.00010201237581038364,5.100618790519182e-05,2.359756194215923e-09,5,2.3597561942157726e-09
b0174,2.299459290849501e-05,2.299459290849501e-05,2.299459290849501e-05,4.795930185100484e-10,1,4.795930185100763e-10
b0776,8.361670148391527e-07,8.361670148391527e-07,8.361670148391527e-07,6.341725864595335e-13,1,6.341725864594927e-13
b1091,8.361670148391527e-07,8.361670148391527e-07,8.361670148391527e-07,6.341725864595335e-13,3,6.341725864594923e-13
b0774,8.361670148391527e-07,8.361670148391527e-07,8.361670148391527e-07,6.341725864595335e-13,1,6.341725864594923e-13
b0775,8.361670148391527e-07,8.361670148391527e-07,8.361670148391527e-07,6.341725864595335e-13,1,6.341725864594923e-13
b3412,8.361670148391527e-07,8.361670148391527e-07,8.361670148391527e-07,6.341725864595335e-13,1,6.341725864594923e-13
b0777,8.361670148391527e-07,8.361670148391527e-07,8.361670148391527e-07,6.341725864595335e-13,1,6.341725864594923e-13
b0778,8.361670148391527e-07,8.361670148391527e-07,8.361670148391527e-07,6.341725864595335e-13,1,6.341725864594923e-13
b1288,8.361670148391527e-07,1.6723340296783054e-06,8.361670148391527e-07,6.341725864595335e-13,26,6.341725864594923e-13
b0180,8.361670148391527e-07,1.6723340296783054e-06,8.361670148391527e-07,6.341725864595335e-13,14,6.341725864594923e-13
