gene_bnumber,kappa_mu,kappa_vg_all,kappa_vg_int,kappa_dual,kappa_c,kappa_v_lex,n_rxns,kappa_V_E22
b3735,7.560567078989251,7.560567078989251,0.0,0.0,0.0,466.629996362235,1,466.6299963622043
b3736,7.560567078989251,7.560567078989251,0.0,0.0,0.0,466.629996362235,1,466.6299963622043
b3737,7.560567078989251,7.560567078989251,0.0,0.0,0.0,466.629996362235,1,466.6299963622043
b3738,7.560567078989251,7.560567078989251,0.0,0.0,0.0,466.629996362235,1,466.6299963622043
b3739,7.560567078989251,7.560567078989251,0.0,0.0,0.0,466.629996362235,1,466.6299963622043
b3732,7.560567078989251,7.560567078989251,0.0,0.0,0.0,466.629996362235,1,466.6299963622043
b3733,7.560567078989251,7.560567078989251,0.0,0.0,0.0,466.629996362235,1,466.6299963622043
b3734,7.560567078989251,7.560567078989251,0.0,0.0,0.0,466.629996362235,1,466.6299963622043
b3731,7.560567078989251,7.560567078989251,0.0,0.0,0.0,466.629996362235,1,466.6299963622043
b0875,6.359944523748595,6.359944523748595,0.0,0.0,0.0,330.1950558715654,1,330.19505587154964
b0241,6.359944523748595,6.359944523748595,0.0,0.0,0.0,330.1950558715654,270,330.1950558715495
b0957,6.359944523748595,6.359944523748595,0.0,0.0,0.0,330.1950558715654,1,330.1950558715495
b3875,6.359944523748595,6.359944523748595,0.0,0.0,0.0,330.1950558715654,1,330.1950558715495
b2215,6.359944523748595,6.359944523748595,0.0,0.0,0.0,330.1950558715654,271,330.1950558715495
b0929,6.359944523748595,6.359944523748595,0.0,0.0,0.0,330.1950558715654,271,330.1950558715495
b1377,6.359944523748595,6.359944523748595,0.0,0.0,0.0,330.1950558715654,270,330.1950558715495
b1319,6.359944523748595,6.359944523748595,0.0,0.0,0.0,330.1950558715654,1,330.1950558715495
b0431,4.762949238070917,4.762949238070917,0.0,0.0,0.0,185.18926892870883,1,185.1892689286952
b0432,4.762949238070917,4.762949238070917,0.0,0.0,0.0,185.18926892870883,1,185.1892689286952
b0430,4.762949238070917,4.762949238070917,0.0,0.0,0.0,185.18926892870883,1,185.1892689286952
b0429,4.762949238070917,4.762949238070917,0.0,0.0,0.0,185.18926892870883,1,185.1892689286952
b2285,4.222055710655454,4.222055710655454,0.0,0.0,0.0,145.51636264094648,3,145.5163626409395
b2283,4.222055710655454,4.222055710655454,0.0,0.0,0.0,145.51636264094648,3,145.5163626409395
b2286,4.222055710655454,4.222055710655454,0.0,0.0,0.0,145.51636264094648,3,145.5163626409395
b2276,4.222055710655454,4.222055710655454,0.0,0.0,0.0,145.51636264094648,3,145.5163626409395
b2281,4.222055710655454,4.222055710655454,0.0,0.0,0.0,145.51636264094648,3,145.5163626409395
b2277,4.222055710655454,4.222055710655454,0.0,0.0,0.0,145.51636264094648,3,145.5163626409395
b2278,4.222055710655454,4.222055710655454,0.0,0.0,0.0,145.51636264094648,3,145.5163626409395
b2279,4.222055710655454,4.222055710655454,0.0,0.0,0.0,145.51636264094648,3,145.5163626409395
b2287,4.222055710655454,4.222055710655454,0.0,0.0,0.0,145.51636264094648,3,145.5163626409395
b2288,4.222055710655454,4.222055710655454,0.0,0.0,0.0,145.51636264094648,3,145.5163626409395
b2284,4.222055710655454,4.222055710655454,0.0,0.0,0.0,145.51636264094648,3,145.5163626409395
b2282,4.222055710655454,4.222055710655454,0.0,0.0,0.0,145.51636264094648,3,145.5163626409395
b2280,4.222055710655454,4.222055710655454,0.0,0.0,0.0,145.51636264094648,3,145.5163626409395
b1779,2.2640845586752896,2.2640845586752896,0.0,0.0,0.0,41.8455419496423,2,41.845541949642005
b2926,2.2640845586752896,2.2640845586752896,0.0,0.0,0.0,41.8455419496423,1,41.845541949642005
b2779,2.0246380303159306,2.0246380303159306,0.0,0.0,0.0,33.46252370443936,1,33.46252370443901
b0755,2.0246380303159306,2.0246380303159306,0.0,0.0,0.0,33.46252370443936,1,33.46252370443899
b3612,2.0246380303159306,2.0246380303159306,0.0,0.0,0.0,33.46252370443936,1,33.46252370443899
b4395,2.0246380303159306,2.0246380303159306,0.0,0.0,0.0,33.46252370443936,1,33.46252370443899
b0451,1.5052154601823098,1.5052154601823098,0.0,0.0,0.0,18.495294543148106,1,18.495294543147853
b2417,1.399999999999995,1.399999999999995,0.0,5.551115123125783e-17,0.0,16.0,6,16.0
b1101,1.399999999999995,1.399999999999995,0.0,0.0,0.0,16.0,2,16.0
b2415,1.399999999999995,1.399999999999995,0.0,5.551115123125783e-17,0.0,16.0,18,16.0
b2416,1.399999999999995,1.399999999999995,0.0,5.551115123125783e-17,0.0,16.0,19,16.0
b1819,1.399999999999995,1.399999999999995,0.0,0.0,0.0,16.0,5,16.0
b1817,1.399999999999995,1.399999999999995,0.0,0.0,0.0,16.0,5,16.0
b1621,1.399999999999995,1.399999999999995,0.0,5.551115123125783e-17,0.0,16.0,2,16.0
b1818,1.399999999999995,1.399999999999995,0.0,0.0,0.0,16.0,5,16.0
b1761,1.1917759552380183,1.1917759552380183,0.0,0.0,0.0,11.594530020086834,1,11.594530020086626
b0116,1.085837785756473,1.085837785756473,0.0,0.0,0.0,9.624846505736594,3,9.624846505736867
b0115,1.085837785756473,1.085837785756473,0.0,0.0,0.0,9.624846505736594,1,9.624846505736867
b0114,1.085837785756473,1.085837785756473,0.0,0.0,0.0,9.624846505736594,1,9.624846505736867
b3916,0.8085462831429018,0.8085462831429018,0.0,0.0,0.0,5.336710954837904,3,9.490141723290314
b1723,0.8085462831429018,0.8085462831429018,0.0,0.0,0.0,5.336710954837904,1,9.490141723290314
b1773,0.8085462831429018,0.8085462831429018,0.0,0.0,0.0,5.336710954837904,1,9.490141723290312
b2925,0.8085462831429018,0.8085462831429018,0.0,0.0,0.0,5.336710954837904,2,9.490141723290312
b2097,0.8085462831429018,0.8085462831429018,0.0,0.0,0.0,5.336710954837904,1,9.490141723290312
b3919,1.0585200075910937,1.0585200075910937,0.0,0.0,0.0,9.146649848721097,1,9.146649848720998
b4025,0.7985855559359276,0.7985855559359276,0.0,0.0,0.0,5.206031756235614,1,5.20603175623541
b0720,0.6444470983862889,0.6444470983862889,0.0,0.0,0.0,3.3903025516869434,1,3.390302551686155
b0118,0.6444470983862889,0.6444470983862889,0.0,0.0,0.0,3.3903025516869434,3,3.390302551686155
b1276,0.6444470983862889,0.6444470983862889,0.0,0.0,0.0,3.3903025516869434,2,3.390302551686155
b1136,0.6444470983862889,0.6444470983862889,0.0,0.0,0.0,3.3903025516869434,1,3.390302551686154
b4122,0.639939043287149,0.639939043287149,0.0,0.0,0.0,3.3430365639753505,2,3.3430365639747155
b1611,0.639939043287149,0.639939043287149,0.0,0.0,0.0,3.3430365639753505,1,3.3430365639747155
b1612,0.639939043287149,0.639939043287149,0.0,0.0,0.0,3.3430365639753505,1,3.3430365639747155
b3236,0.6398056746482865,0.6398056746482865,0.0,0.0,0.0,3.3416432757214385,1,3.341643275720806
b1852,0.6014144440782117,0.6014144440782117,0.0,0.0,0.0,2.952647620709422,1,2.952647620709575
b0767,0.6014144440782117,0.6014144440782117,0.0,0.0,0.0,2.952647620709422,1,2.9526476207095738
b2029,0.6014144440782117,0.6014144440782117,0.0,0.0,0.0,2.952647620709422,1,2.9526476207095738
b2501,0.488264119821761,0.488264119821761,0.0,0.0,0.0,1.9461375567466095,2,2.64715310087908
b0722,0.49470031685166216,0.49470031685166216,0.0,0.0,0.0,1.9977828854373192,1,2.3874690515788184
b0723,0.49470031685166216,0.49470031685166216,0.0,0.0,0.0,1.9977828854373192,1,2.3874690515788184
b0724,0.49470031685166216,0.49470031685166216,0.0,0.0,0.0,1.9977828854373192,1,2.3874690515788184
b0721,0.49470031685166216,0.49470031685166216,0.0,0.0,0.0,1.9977828854373192,1,2.3874690515788184
b0726,0.49460708422951694,0.49460708422951694,0.0,0.0,0.0,1.9970299407589043,1,1.997029940758318
b0727,0.49460708422951694,0.49460708422951694,0.0,0.0,0.0,1.9970299407589043,1,1.997029940758318
b3380,9.379006682296194e-05,9.379006682296194e-05,0.0,0.0,0.0,7.180878885313249e-08,1,1.6318250334497593
b4383,9.379006682296194e-05,9.379006682296194e-05,0.0,0.0,0.0,7.180878885313249e-08,2,1.6318250334497593
b4094,0.0,0.0,0.0,0.0,0.0,0.0,1,1.631140475784241
b0728,0.42146198100113974,0.42146198100113974,0.0,0.0,0.0,1.4500424604641668,1,1.450042460463684
b0729,0.42146198100113974,0.42146198100113974,0.0,0.0,0.0,1.4500424604641668,1,1.450042460463684
b3956,0.4124195907474828,0.4124195907474828,0.0,0.0,0.0,1.388489133301982,1,1.3884891333019085
b0928,0.4080047682705006,0.4080047682705006,0.0,0.0,0.0,1.3589215586028878,3,1.3589215586029115
b1207,0.13000891978979867,0.13000891978979867,0.0,0.0,0.0,0.13797811611964653,1,0.8203052488796222
b3844,0.3046281859846096,0.3046281859846096,0.0,0.039402711508998545,0.0,0.7575374015895971,6,0.7575374015895484
b4090,0.30307233292282687,0.30307233292282687,0.0,0.0,0.0,0.7498190937323393,2,0.7498190937323724
b2914,0.30307233292282687,0.30307233292282687,0.0,0.0,0.0,0.7498190937323393,1,0.7498190937323724
b4301,0.2927949791795217,0.2927949791795217,0.0,0.0,0.0,0.6998277537090769,1,0.69982775370912
b3386,0.2927949791795217,0.2927949791795217,0.0,0.0,0.0,0.6998277537090769,1,0.69982775370912
b3870,0.2523294232399951,0.2523294232399951,0.0,0.0,0.0,0.5197562271973369,1,0.5197562271973608
b1297,0.2523294232399951,0.2523294232399951,0.0,0.0,0.0,0.5197562271973369,2,0.5197562271973608
b2913,0.23944652836296498,0.23944652836296498,0.0,0.0,0.0,0.46803787709544475,1,0.4680378770954553
b4388,0.23944652836296498,0.23944652836296498,0.0,0.0,0.0,0.46803787709544475,1,0.4680378770954553
b0907,0.23944652836296498,0.23944652836296498,0.0,0.0,0.0,0.46803787709544475,2,0.4680378770954553
b2465,0.17296962306803465,0.17296962306803465,0.0,0.0,0.0,0.24423257553788003,2,0.2442325755378905
b2464,0.0,0.0,0.0,0.0,0.0,0.0,1,0.2442325755378905
b2935,0.17296962306803465,0.17296962306803465,0.0,0.0,0.0,0.24423257553788003,2,0.2442325755378905
b0008,0.0,0.0,0.0,0.0,0.0,0.0,1,0.2442325755378905
b2551,0.1554546666190355,0.1554546666190355,0.0,0.002073826921526245,0.0,0.19727472141452687,6,0.1972747214145404
b3433,0.1489876812463975,0.1489876812463975,0.0,0.0,0.0,0.18120268704332307,1,0.1812026870433115
b0002,0.1489876812463975,0.1489876812463975,0.0,0.0,0.0,0.18120268704332307,2,0.1812026870433114
b4024,0.1489876812463975,0.1489876812463975,0.0,0.0,0.0,0.18120268704332307,1,0.1812026870433114
b3940,0.1489876812463975,0.1489876812463975,0.0,0.0,0.0,0.18120268704332307,2,0.1812026870433114
b2290,0.08101845183942047,0.08101845183942047,0.0,0.0,0.0,0.05358358806813731,1,0.1599789787217618
b2379,0.08101845183942047,0.08101845183942047,0.0,0.0,0.0,0.05358358806813731,1,0.1599789787217618
b0529,0.13779488894770275,0.13779488894770275,0.0,0.0,0.0,0.1549994401620369,2,0.1549994401620578
b3493,0.13443210393707616,0.13443210393707616,0.0,0.0,0.0,0.14752645362112088,1,0.1475264536211723
b2987,0.13443210393707616,0.13443210393707616,0.0,0.0,0.0,0.14752645362112088,1,0.1475264536211723
b0078,0.12183914997213485,0.12183914997213485,0.0,0.0,0.0,0.12118186502598706,2,0.1211818650259794
b0077,0.12183914997213485,0.12183914997213485,0.0,0.0,0.0,0.12118186502598706,2,0.1211818650259794
b3774,0.12183914997213485,0.12183914997213485,0.0,0.0,0.0,0.12118186502598706,3,0.1211818650259794
b3671,0.12183914997213485,0.12183914997213485,0.0,0.0,0.0,0.12118186502598706,2,0.1211818650259794
b3670,0.12183914997213485,0.12183914997213485,0.0,0.0,0.0,0.12118186502598706,2,0.1211818650259794
b3771,0.12183914997213485,0.12183914997213485,0.0,0.0,0.0,0.12118186502598706,2,0.1211818650259794
b0474,0.36581800892322036,0.36581800892322036,0.0,0.0,0.0,1.0924311477459387,13,0.0991034010905592
b2518,0.11018232810931416,0.11018232810931416,0.0,0.0,0.0,0.09910322793624476,8,0.0991034010905592
b1676,0.0,0.0,0.0,0.0,0.0,0.0,1,0.0763285398807885
b1854,0.0,0.0,0.0,0.0,0.0,0.0,1,0.0763285398807885
b0323,0.08732189688023906,0.08732189688023906,0.0,0.0,0.0,0.06224582591539034,1,0.0622458259153863
b0521,0.08732189688023906,0.08732189688023906,0.0,0.0,0.0,0.06224582591539034,1,0.0622458259153863
b2874,0.08732189688023906,0.08732189688023906,0.0,0.0,0.0,0.06224582591539034,1,0.0622458259153863
b4069,0.0,0.0,0.0,0.0,0.0,0.0,2,0.0538087188670391
b0004,0.07584257801801642,0.07584257801801642,0.0,2.7755575615628914e-17,0.0,0.046955890941410824,2,0.0469558909414078
b0003,0.07584257801801642,0.07584257801801642,0.0,0.0,0.0,0.046955890941410824,1,0.0469558909414077
b4006,0.07563869262747669,0.07563869262747669,0.0,0.0,0.0,0.04670376997808035,2,0.0467037699780858
b0126,0.07328237397986503,0.07328237397986503,0.0,0.0,0.0,0.043839235396335476,1,0.0438392353963408
b0339,0.07328237397986503,0.07328237397986503,0.0,0.0,0.0,0.043839235396335476,1,0.0438392353963408
b0071,0.06278652688828645,0.06278652688828645,0.0,0.0,0.0,0.032180799662265294,2,0.0321807996622632
b0072,0.06278652688828645,0.06278652688828645,0.0,0.0,0.0,0.032180799662265294,2,0.0321807996622632
b0074,0.06278652688828645,0.06278652688828645,0.0,0.0,0.0,0.032180799662265294,1,0.0321807996622632
b4054,0.06278652688828645,0.06278652688828645,0.0,0.0,0.0,0.032180799662265294,3,0.0321807996622632
b3770,0.06278652688828645,0.06278652688828645,0.0,0.0,0.0,0.032180799662265294,4,0.0321807996622632
b0073,0.06278652688828645,0.06278652688828645,0.0,0.0,0.0,0.032180799662265294,1,0.0321807996622632
b4005,0.06246697172737292,0.06246697172737292,0.0,0.0,0.0,0.0318540616876442,1,0.0318540616876491
b2312,0.06246697172737292,0.06246697172737292,0.0,0.0,0.0,0.0318540616876442,1,0.0318540616876491
b2499,0.062466971727369036,0.062466971727369036,0.0,0.0,0.0,0.03185406168764422,1,0.0318540616876491
b2557,0.062466971727369036,0.062466971727369036,0.0,0.0,0.0,0.03185406168764422,1,0.0318540616876491
b2476,0.062435894186653185,0.062435894186653185,0.0,0.0,0.0,0.03182237455375961,1,0.0318223745537645
b1131,0.062435894186653185,0.062435894186653185,0.0,0.0,0.0,0.03182237455375961,2,0.0318223745537645
b0523,0.062435894186653185,0.062435894186653185,0.0,0.0,0.0,0.03182237455375961,1,0.0318223745537645
b0522,0.062435894186653185,0.062435894186653185,0.0,0.0,0.0,0.03182237455375961,1,0.0318223745537645
b2500,0.06212511877951021,0.06212511877951021,0.0,0.0,0.0,0.03150637047604851,1,0.0315063704760534
b3572,0.0,0.0,0.0,0.0,0.0,0.0,1,0.0283896994967888
b1704,0.05311318941679155,0.05311318941679155,0.0,0.0,0.0,0.023028660326341342,1,0.0230286603263399
b0754,0.05311318941679155,0.05311318941679155,0.0,0.0,0.0,0.023028660326341342,1,0.0230286603263399
b2601,0.05311318941679155,0.05311318941679155,0.0,0.0,0.0,0.023028660326341342,1,0.0230286603263399
b1693,0.05311318941679155,0.05311318941679155,0.0,0.0,0.0,0.023028660326341342,1,0.0230286603263399
b3389,0.05311318941679155,0.05311318941679155,0.0,0.0,0.0,0.023028660326341342,1,0.0230286603263399
b3281,0.05311318941679155,0.05311318941679155,0.0,0.0,0.0,0.023028660326341342,1,0.0230286603263399
b0908,0.05311318941679155,0.05311318941679155,0.0,0.0,0.0,0.023028660326341342,1,0.0230286603263399
b2329,0.05311318941679194,0.05311318941679194,0.0,0.0,0.0,0.02302866032634133,1,0.0230286603263399
b3390,0.05311318941679155,0.05311318941679155,0.0,0.0,0.0,0.023028660326341342,1,0.0230286603263399
b0388,0.05311318941679155,0.05311318941679155,0.0,0.0,0.0,0.023028660326341342,1,0.0230286603263399
b1692,0.05311318941679155,0.05311318941679155,0.0,0.0,0.0,0.023028660326341342,2,0.0230286603263399
b0171,0.052683957015879024,0.052683957015879024,0.0,0.0,0.0,0.022657953688199926,1,0.0226579536881984
b0910,0.052683957015879024,0.052683957015879024,0.0,0.0,0.0,0.022657953688199926,3,0.0226579536881984
b2472,0.05169588632676242,0.05169588632676242,0.0,0.0,0.0,0.021816038065835677,1,0.0218160380658343
b3359,0.05169588632676242,0.05169588632676242,0.0,0.0,0.0,0.021816038065835677,2,0.0218160380658343
b3809,0.05169588632676242,0.05169588632676242,0.0,0.0,0.0,0.021816038065835677,1,0.0218160380658343
b0031,0.05169588632676242,0.05169588632676242,0.0,0.0,0.0,0.021816038065835677,1,0.0218160380658343
b0166,0.05169588632676242,0.05169588632676242,0.0,0.0,0.0,0.021816038065835677,1,0.0218160380658343
b2478,0.05169588632676242,0.05169588632676242,0.0,0.0,0.0,0.021816038065835677,1,0.0218160380658342
b0221,0.04959585286917645,0.04959585286917645,0.0,0.0,0.0,0.020079580585958396,8,0.0200795805859571
b3846,0.04959585286917645,0.04959585286917645,0.0,0.0,0.0,0.020079580585958396,19,0.0200795805859571
b2341,0.04959585286917645,0.04959585286917645,0.0,0.0,0.0,0.020079580585958396,16,0.0200795805859571
b2342,0.04959585286917645,0.04959585286917645,0.0,0.0,0.0,0.020079580585958396,8,0.0200795805859571
b3845,0.04959585286917645,0.04959585286917645,0.0,0.0,0.0,0.020079580585958396,8,0.0200795805859571
b2224,0.04959585286917645,0.04959585286917645,0.0,0.0,0.0,0.020079580585958396,1,0.020079580585957
b2838,0.04782331815904073,0.04782331815904073,0.0,0.0,0.0,0.018669957222062338,1,0.0186699572220611
b4244,0.04609997794160853,0.04609997794160853,0.0,0.0,0.0,0.01734863645862187,1,0.0173486364586207
b4245,0.04609997794160853,0.04609997794160853,0.0,0.0,0.0,0.01734863645862187,1,0.0173486364586207
b3642,0.04609997794160853,0.04609997794160853,0.0,0.0,0.0,0.01734863645862187,1,0.0173486364586207
b1062,0.04609997794160853,0.04609997794160853,0.0,0.0,0.0,0.01734863645862187,1,0.0173486364586207
b1281,0.04609997794160853,0.04609997794160853,0.0,0.0,0.0,0.01734863645862187,1,0.0173486364586207
b2599,0.04506717231720225,0.04506717231720225,0.0,0.0,0.0,0.01658000016844427,2,0.0165800001684432
b2600,0.04506717231720225,0.04506717231720225,0.0,0.0,0.0,0.01658000016844427,2,0.0165800001684432
b4177,0.04167414593234603,0.04167414593234603,0.0,0.0,0.0,0.01417742399322696,1,0.0141774239932306
b3960,0.041221918938629754,0.041221918938629754,0.0,0.0,0.0,0.013871400824118744,1,0.0138714008241178
b2818,0.041221918938629754,0.041221918938629754,0.0,0.0,0.0,0.013871400824118744,1,0.0138714008241178
b4254,0.041221918938629754,0.041221918938629754,0.0,0.0,0.0,0.013871400824118744,1,0.0138714008241178
b3957,0.041221918938629754,0.041221918938629754,0.0,6.800116025829084e-16,0.0,0.013871400824118744,2,0.0138714008241178
b0273,0.041221918938629754,0.041221918938629754,0.0,0.0,0.0,0.013871400824118744,1,0.0138714008241178
b1748,0.041221918938629754,0.041221918938629754,0.0,0.0,0.0,0.013871400824118744,2,0.0138714008241178
b3959,0.041221918938629754,0.041221918938629754,0.0,0.0,0.0,0.013871400824118744,1,0.0138714008241178
b3172,0.041221918938629754,0.041221918938629754,0.0,0.0,0.0,0.013871400824118744,1,0.0138714008241178
b3958,0.041221918938629754,0.041221918938629754,0.0,0.0,0.0,0.013871400824118744,1,0.0138714008241178
b3772,0.040488461105509854,0.040488461105509854,0.0,0.0,0.0,0.01338216720542876,1,0.0133821672054278
b3117,0.040488461105509854,0.040488461105509854,0.0,0.0,0.0,0.01338216720542876,1,0.0133821672054278
b1206,0.03514828046570584,0.03514828046570584,0.0,0.0,0.0,0.010084911181021958,1,0.0100849111810213
b3781,0.034543731714029524,0.034543731714029524,0.0,1.1102230246251565e-16,0.0,0.009740974699680334,10,0.0097409746996797
b0888,0.034543731714029524,0.034543731714029524,0.0,0.0,0.0,0.009740974699680334,1,0.0097409746996797
b2582,0.034543731714029524,0.034543731714029524,0.0,1.1102230246251565e-16,0.0,0.009740974699680334,10,0.0097409746996797
b3607,0.034543731714029524,0.034543731714029524,0.0,0.0,0.0,0.009740974699680334,1,0.0097409746996797
b2421,0.034543731714029524,0.034543731714029524,0.0,0.0,0.0,0.009740974699680334,1,0.0097409746996797
b2414,0.034543731714029524,0.034543731714029524,0.0,0.0,0.0,0.009740974699680334,1,0.0097409746996797
b2764,0.034543731714029524,0.034543731714029524,0.0,0.039402711508998545,0.0,0.009740974699680334,4,0.0097409746996797
b2762,0.034543731714029524,0.034543731714029524,0.0,0.0,0.0,0.009740974699680334,2,0.0097409746996797
b4214,0.034543731714029524,0.034543731714029524,0.0,0.0,0.0,0.009740974699680334,1,0.0097409746996797
b2763,0.034543731714029524,0.034543731714029524,0.0,0.039402711508998545,0.0,0.009740974699680334,4,0.0097409746996797
b2750,0.034543731714029524,0.034543731714029524,0.0,0.0,0.0,0.009740974699680334,1,0.0097409746996797
b2751,0.034543731714029524,0.034543731714029524,0.0,0.0,0.0,0.009740974699680334,1,0.0097409746996797
b2752,0.034543731714029524,0.034543731714029524,0.0,0.0,0.0,0.009740974699680334,1,0.0097409746996797
b2507,0.03396454669513066,0.03396454669513066,0.0,0.0,0.0,0.009417064752544103,1,0.0094170647525435
b3648,0.03396454669513066,0.03396454669513066,0.0,0.0,0.0,0.009417064752544103,2,0.0094170647525435
b2508,0.03396454669513066,0.03396454669513066,0.0,0.0,0.0,0.009417064752544103,1,0.0094170647525435
b3744,0.03359370662408473,0.03359370662408473,0.0,0.0,0.0,0.009212547956948817,1,0.0092125479569482
b0242,0.030806483241530402,0.030806483241530402,0.0,0.0,0.0,0.007747260487304744,1,0.0077472604873042
b0243,0.030806483241530402,0.030806483241530402,0.0,0.0,0.0,0.007747260487304744,1,0.0077472604873042
b0386,0.030806483241530402,0.030806483241530402,0.0,0.0,0.0,0.007747260487304744,1,0.0077472604873042
b3290,0.027202324685549062,0.027202324685549062,0.0,0.0,0.0,0.006040542598250309,1,0.0060405425982499
b3849,0.027202324685549062,0.027202324685549062,0.0,0.0,0.0,0.006040542598250309,1,0.0060405425982499
b1291,0.027202324685549062,0.027202324685549062,0.0,0.0,0.0,0.006040542598250309,1,0.0060405425982499
b1363,0.027202324685549062,0.027202324685549062,0.0,0.0,0.0,0.006040542598250309,1,0.0060405425982499
b1250,0.027202324685549062,0.027202324685549062,0.0,0.0,0.0,0.006040542598250309,1,0.0060405425982499
b3747,0.027202324685549062,0.027202324685549062,0.0,0.0,0.0,0.006040542598250309,1,0.0060405425982499
b2780,0.022370951674229755,0.022370951674229755,0.0,0.0,0.0,0.004085383500427105,1,0.0040853835004268
b4019,0.021511650705387103,0.021511650705387103,0.0,0.0,0.0,0.0037775601311253524,1,0.0037775601311251
b3941,0.021511650705387103,0.021511650705387103,0.0,0.0,0.0,0.0037775601311253524,1,0.0037775601311251
b3829,0.021511650705387103,0.021511650705387103,0.0,0.0,0.0,0.0037775601311253524,1,0.0037775601311251
b3939,0.021449216901617885,0.021449216901617885,0.0,0.0,0.0,0.00375566453620383,1,0.0037556645362035
b1622,0.021449216901617885,0.021449216901617885,0.0,0.0,0.0,0.00375566453620383,1,0.0037556645362035
b3008,0.021449216901617885,0.021449216901617885,0.0,1.3877787807814457e-16,0.0,0.00375566453620383,2,0.0037556645362035
b4013,0.021449216901617885,0.021449216901617885,0.0,0.0,0.0,0.00375566453620383,1,0.0037556645362035
b0452,0.02096382194954627,0.02096382194954627,0.0,0.01503524518106547,0.0,0.003587606781427997,10,0.0035876067814277
b1094,0.02096382194954627,0.02096382194954627,0.0,0.052882586498918915,0.0,0.003587606781427997,26,0.0035876067814277
b2836,0.02096382194954627,0.02096382194954627,0.0,0.0347366009355645,0.0,0.003587606781427997,23,0.0035876067814277
b3608,0.019375104621489836,0.019375104621489836,0.0,0.0,0.0,0.003064446359897239,1,0.003064446359897
b2895,0.015156223948486536,0.015156223948486536,0.0,5.551115123125783e-17,0.0,0.001875192852023104,7,0.0018751928520229
b1378,0.015156223948486536,0.015156223948486536,0.0,0.0,0.0,0.001875192852023104,1,0.0018751928520229
b0684,0.015156223948486536,0.015156223948486536,0.0,5.551115123125783e-17,0.0,0.001875192852023104,7,0.0018751928520229
b2026,0.013202798440822922,0.013202798440822922,0.0,0.0,0.0,0.0014229705033965896,2,0.0014229705033964
b2023,0.013202798440822922,0.013202798440822922,0.0,0.0,0.0,0.0014229705033965896,1,0.0014229705033964
b2025,0.013202798440822922,0.013202798440822922,0.0,0.0,0.0,0.0014229705033965896,1,0.0014229705033964
b2021,0.013202798440822922,0.013202798440822922,0.0,0.0,0.0,0.0014229705033965896,1,0.0014229705033964
b2024,0.013202798440822922,0.013202798440822922,0.0,0.0,0.0,0.0014229705033965896,1,0.0014229705033964
b2020,0.013202798440822922,0.013202798440822922,0.0,0.0,0.0,0.0014229705033965896,1,0.0014229705033964
b2022,0.013202798440822922,0.013202798440822922,0.0,0.0,0.0,0.0014229705033965896,2,0.0014229705033964
b2019,0.013202798440822922,0.013202798440822922,0.0,0.0,0.0,0.0014229705033965896,1,0.0014229705033964
b3176,0.01316795814854109,0.01316795814854109,0.0,0.0,0.0,0.0014154703820312528,1,0.0014154703820311
b3729,0.01316795814854109,0.01316795814854109,0.0,0.0,0.0,0.0014154703820312528,1,0.0014154703820311
b3730,0.01316795814854109,0.01316795814854109,0.0,0.0,0.0,0.0014154703820312528,2,0.0014154703820311
b0185,0.010846479793211461,0.010846479793211461,0.0,0.0,0.0,0.0009603765216536604,1,0.0009603765216535
b2316,0.010846479793211461,0.010846479793211461,0.0,0.0,0.0,0.0009603765216536604,1,0.0009603765216535
b3256,0.010846479793211461,0.010846479793211461,0.0,0.0,0.0,0.0009603765216536604,1,0.0009603765216535
b3255,0.010846479793211461,0.010846479793211461,0.0,0.0,0.0,0.0009603765216536604,1,0.0009603765216535
b1092,0.010846201070873168,0.010846201070873168,0.0,0.0,0.0,0.000960327164635429,1,0.0009603271646353
b1093,0.010845643626196583,0.010845643626196583,0.0,0.0,0.0,0.0009602284544040017,14,0.0009602284544039
b1095,0.010845643626196583,0.010845643626196583,0.0,2.0469737016526324e-16,0.0,0.0009602284544040017,9,0.0009602284544039
b2323,0.010845643626196583,0.010845643626196583,0.0,2.0469737016526324e-16,0.0,0.0009602284544040017,13,0.0009602284544039
b3018,0.010481910974773134,0.010481910974773134,0.0,0.005184567303815557,0.0,0.0008969016953569993,7,0.0008969016953569
b4041,0.010481910974773134,0.010481910974773134,0.0,0.052882586498918915,0.0,0.0008969016953569993,7,0.0008969016953569
b4160,0.010481910974773134,0.010481910974773134,0.0,0.0,0.0,0.0008969016953569993,7,0.0008969016953569
b2585,0.010481910974773134,0.010481910974773134,0.0,0.021775182676025517,0.0,0.0008969016953569993,7,0.0008969016953569
b0175,0.010481910974773134,0.010481910974773134,0.0,0.012442961529157703,0.0,0.0008969016953569993,7,0.0008969016953569
b1262,0.00792170693672764,0.00792170693672764,0.0,0.0,0.0,0.0005122729860436637,2,0.0005122729860436
b1260,0.00792170693672764,0.00792170693672764,0.0,2.7755575615628914e-17,0.0,0.0005122729860436637,3,0.0005122729860436
b1261,0.00792170693672764,0.00792170693672764,0.0,2.7755575615628914e-17,0.0,0.0005122729860436637,3,0.0005122729860436
b1263,0.00792170693672764,0.00792170693672764,0.0,0.0,0.0,0.0005122729860436637,2,0.0005122729860436
b3708,0.00792170693672764,0.00792170693672764,0.0,1.3877787807814457e-16,0.0,0.0005122729860436637,3,0.0005122729860436
b1264,0.00792170693672764,0.00792170693672764,0.0,0.0,0.0,0.0005122729860436637,1,0.0005122729860436
b2903,0.007609746959693409,0.007609746959693409,0.0,0.0,0.0,0.00047272039827535935,1,0.0004727203982757
b2904,0.007609746959693409,0.007609746959693409,0.0,0.0,0.0,0.00047272039827535935,1,0.0004727203982757
b2905,0.007609746959693409,0.007609746959693409,0.0,0.0,0.0,0.00047272039827535935,1,0.0004727203982757
b0914,0.006403088276742651,0.006403088276742651,0.0,0.027996663440604697,0.0,0.000334690118196526,32,0.0003346901181965
b1190,0.00580885225158205,0.00580885225158205,0.0,0.0,0.0,0.00027545113861343563,1,0.0002754511386134
b4053,0.00580885225158205,0.00580885225158205,0.0,0.0,0.0,0.00027545113861343563,1,0.0002754511386134
b1215,0.005422821813098291,0.005422821813098291,0.0,0.0,0.0,0.00024005711360100041,1,0.0002400571136009
b3198,0.005422821813098291,0.005422821813098291,0.0,0.0,0.0,0.00024005711360100041,1,0.0002400571136009
b2708,0.005422821813098291,0.005422821813098291,0.0,0.0,0.0,0.00024005711360100041,1,0.0002400571136009
b0918,0.005422821813098291,0.005422821813098291,0.0,0.0,0.0,0.00024005711360100041,1,0.0002400571136009
b0096,0.005422821813098291,0.005422821813098291,0.0,0.0,0.0,0.00024005711360100047,1,0.0002400571136009
b3197,0.005422821813098291,0.005422821813098291,0.0,0.0,0.0,0.00024005711360100041,1,0.0002400571136009
b0181,0.005422821813098291,0.005422821813098291,0.0,0.0,0.0,0.00024005711360100047,1,0.0002400571136009
b0179,0.005422821813098291,0.005422821813098291,0.0,0.0,0.0,0.00024005711360100047,1,0.0002400571136009
b0085,0.003872568167721399,0.003872568167721399,0.0,0.0,0.0,0.00012242272827263807,1,0.0001224227282726
b0088,0.003872568167721399,0.003872568167721399,0.0,0.0,0.0,0.00012242272827263807,1,0.0001224227282726
b3967,0.003872568167721399,0.003872568167721399,0.0,0.0,0.0,0.00012242272827263807,1,0.0001224227282726
b0381,0.003872568167721399,0.003872568167721399,0.0,0.0,0.0,0.00012242272827263807,1,0.0001224227282726
b1278,0.003872568167721399,0.003872568167721399,0.0,0.027996663440604693,0.0,0.00012242272827263807,30,0.0001224227282726
b0086,0.003872568167721399,0.003872568167721399,0.0,0.0,0.0,0.00012242272827263807,1,0.0001224227282726
b0092,0.003872568167721399,0.003872568167721399,0.0,0.0,0.0,0.00012242272827263807,1,0.0001224227282726
b3057,0.003872568167721399,0.003872568167721399,0.0,0.0,0.0,0.00012242272827263807,2,0.0001224227282726
b0841,0.003872568167721399,0.003872568167721399,0.0,0.0,0.0,0.00012242272827263807,2,0.0001224227282726
b3189,0.003872568167721399,0.003872568167721399,0.0,0.0,0.0,0.00012242272827263807,1,0.0001224227282726
b3972,0.003872568167721399,0.003872568167721399,0.0,0.0,0.0,0.00012242272827263807,1,0.0001224227282726
b0090,0.003872568167721399,0.003872568167721399,0.0,0.0,0.0,0.00012242272827263807,1,0.0001224227282726
b0087,0.003872568167721399,0.003872568167721399,0.0,0.0,0.0,0.00012242272827263807,1,0.0001224227282726
b0091,0.003872568167721399,0.003872568167721399,0.0,0.0,0.0,0.00012242272827263807,1,0.0001224227282726
b4238,0.0037651207063239024,0.0037651207063239024,0.0,0.0,0.0,0.00011572354230981178,4,0.0001157235423098
b3924,0.0037651207063239024,0.0037651207063239024,0.0,5.551115123125783e-17,0.0,0.00011572354230981178,5,0.0001157235423098
b4237,0.0037651207063239024,0.0037651207063239024,0.0,0.0,0.0,0.00011572354230981178,4,0.0001157235423098
b1606,0.0037397569735423963,0.0037397569735423963,0.0,0.0,0.0,0.00011416965078307811,2,0.000114169650783
b0048,0.0037397569735423963,0.0037397569735423963,0.0,0.0,0.0,0.00011416965078307811,1,0.000114169650783
b2827,0.003646524351396202,0.003646524351396202,0.0,0.0,0.0,0.00010854808036818893,1,0.0001085480803681
b3640,0.003646524351396105,0.003646524351396105,0.0,0.0,0.0,0.00010854808036818893,1,0.0001085480803681
b1098,0.003646524351396202,0.003646524351396202,0.0,0.0,0.0,0.00010854808036818893,1,0.0001085480803681
b2251,0.003646524351396105,0.003646524351396105,0.0,7.19910242530375e-17,0.0,0.00010854808036818893,3,0.0001085480803681
b4261,0.0027114109065491457,0.0027114109065491457,0.0,4.440892098500626e-16,0.0,6.0014278400250104e-05,9,6.001427840024629e-05
b3200,0.0027114109065491457,0.0027114109065491457,0.0,4.440892098500626e-16,0.0,6.0014278400250104e-05,9,6.001427840024629e-05
b3201,0.0027114109065491457,0.0027114109065491457,0.0,4.440892098500626e-16,0.0,6.0014278400250104e-05,9,6.001427840024629e-05
b4262,0.0027114109065491457,0.0027114109065491457,0.0,4.440892098500626e-16,0.0,6.0014278400250104e-05,9,6.001427840024629e-05
b3633,0.0027114109065491457,0.0027114109065491457,0.0,0.0,0.0,6.0014278400250104e-05,2,6.001427840024629e-05
b3199,0.0027114109065491457,0.0027114109065491457,0.0,4.440892098500626e-16,0.0,6.0014278400250104e-05,9,6.001427840024629e-05
b0915,0.0027114109065491457,0.0027114109065491457,0.0,0.0,0.0,6.0014278400250104e-05,1,6.001427840024628e-05
b0182,0.0027114109065491457,0.0027114109065491457,0.0,0.0,0.0,6.0014278400250104e-05,1,6.001427840024628e-05
b0524,0.0027114109065491457,0.0027114109065491457,0.0,0.0,0.0,6.0014278400250104e-05,1,6.001427840024625e-05
b3040,0.002238279737360613,0.002238279737360613,0.0,0.0,0.0,4.0897111694650956e-05,6,4.089711169464834e-05
b0149,0.0019362840838606996,0.0019362840838606996,0.0,0.0,0.0,3.0605682068159516e-05,5,3.060568206815759e-05
b1069,0.0019362840838606996,0.0019362840838606996,0.0,0.0,0.0,3.0605682068159516e-05,2,3.060568206815759e-05
b0635,0.0019362840838606996,0.0019362840838606996,0.0,0.0,0.0,3.0605682068159516e-05,2,3.060568206815759e-05
b3396,0.0019362840838606996,0.0019362840838606996,0.0,0.0,0.0,3.0605682068159516e-05,5,3.060568206815759e-05
b2519,0.0019362840838606996,0.0019362840838606996,0.0,0.0,0.0,3.0605682068159516e-05,2,3.060568206815759e-05
b0084,0.0019362840838606996,0.0019362840838606996,0.0,0.0,0.0,3.0605682068159516e-05,2,3.060568206815759e-05
b4208,0.0019362840838606996,0.0019362840838606996,0.0,0.0,0.0,3.0605682068159516e-05,5,3.060568206815759e-05
b4209,0.0010881320085493196,0.0010881320085493196,0.0,0.0,0.0,9.665561371508421e-06,1,9.665561371507808e-06
b0007,0.0,0.0,0.0,0.0,0.0,0.0,2,4.295254891668811e-06
b3196,0.000725374885309835,0.000725374885309835,0.0,0.0,0.0,4.295254891669085e-06,1,4.295254891668811e-06
b2400,0.0004972406514477399,0.0004972406514477399,0.0,0.0,0.0,2.0183531873309524e-06,1,2.018353187330823e-06
b0154,0.0004972406514477399,0.0004972406514477399,0.0,0.0,0.0,2.0183531873309524e-06,1,2.018353187330823e-06
b1210,0.0004972406514477399,0.0004972406514477399,0.0,0.0,0.0,2.0183531873309524e-06,1,2.018353187330823e-06
b0420,0.0003950889144771737,0.0003950889144771737,0.0,0.0,0.0,1.2742469415518203e-06,1,1.2742469415517724e-06
b0155,0.0003626874426549175,0.0003626874426549175,0.0,0.0,0.0,1.0738137229172713e-06,1,1.073813722917203e-06
b1592,0.0003626874426549175,0.0003626874426549175,0.0,0.0,0.0,1.0738137229172713e-06,1,1.073813722917203e-06
b1849,0.08118847250816241,0.08118847250816241,0.0,0.0,0.0,0.053808718867181346,2,9.53987248699832e-07
b0029,0.0002941914280286881,0.0002941914280286881,0.0,0.0,0.0,7.065191536659936e-07,2,9.048566300811854e-07
b1208,0.00033293383304620243,0.00033293383304620243,0.0,0.0,0.0,9.04856630081215e-07,1,9.048566300811854e-07
b2746,0.00033293383304620243,0.00033293383304620243,0.0,0.0,0.0,9.04856630081215e-07,1,9.048566300811854e-07
b2515,0.00033293383304620243,0.00033293383304620243,0.0,0.0,0.0,9.04856630081215e-07,1,9.048566300811854e-07
b0173,0.00033293383304620243,0.00033293383304620243,0.0,0.0,0.0,9.04856630081215e-07,1,9.048566300811852e-07
b2747,0.00033293383304620243,0.00033293383304620243,0.0,0.0,0.0,9.04856630081215e-07,1,9.04856630081185e-07
b0750,0.0003174647432713229,0.0003174647432713229,0.0,0.0,0.0,8.227254140387524e-07,1,8.227254140392701e-07
b1740,0.0003174647432713229,0.0003174647432713229,0.0,0.0,0.0,8.227254140387524e-07,1,8.227254140392699e-07
b0109,0.0003174647432713229,0.0003174647432713229,0.0,0.0,0.0,8.227254140387524e-07,1,8.227254140392699e-07
b0639,0.0003174647432713229,0.0003174647432713229,0.0,0.0,0.0,8.227254140387524e-07,2,8.227254140392699e-07
b2574,0.0003174647432713229,0.0003174647432713229,0.0,1.734723475976807e-17,0.0,8.227254140387524e-07,4,8.227254140392692e-07
b2530,0.0002515469102756006,0.0002515469102756006,0.0,0.0,0.0,5.165375352499558e-07,6,5.165375352499223e-07
b0369,0.00024862032572386993,0.00024862032572386993,0.0,0.0,0.0,5.045882968327381e-07,1,5.045882968327057e-07
b2942,0.00012514632987669933,0.00012514632987669933,0.0,0.0,0.0,1.278498276028284e-07,1,1.2784982760282022e-07
b1662,0.00012431016286620173,0.00012431016286620173,0.0,0.0,0.0,1.261470742083256e-07,1,1.2614707420816142e-07
b3041,0.00012431016286620173,0.00012431016286620173,0.0,0.0,0.0,1.261470742083256e-07,1,1.2614707420816142e-07
b4384,9.379006682296194e-05,9.379006682296194e-05,0.0,0.0,0.0,7.180878885313249e-08,7,7.18087888531248e-08
b3360,9.323262214619432e-05,9.323262214619432e-05,0.0,0.0,0.0,7.095772924210813e-08,1,7.095772924225186e-08
b1812,9.323262214619432e-05,9.323262214619432e-05,0.0,0.0,0.0,7.095772924210813e-08,2,7.095772924225186e-08
b1096,9.323262214619432e-05,9.323262214619432e-05,0.0,0.0,0.0,7.095772924210813e-08,1,7.095772924225186e-08
b3177,9.323262214619432e-05,9.323262214619432e-05,0.0,0.0,0.0,7.095772924210813e-08,1,7.095772924225186e-08
b1865,9.323262214619432e-05,9.323262214619432e-05,0.0,4.423544863740858e-17,0.0,7.095772924210813e-08,2,7.095772924225182e-08
b2979,9.323262214619432e-05,9.323262214619432e-05,0.0,0.0,0.0,7.095772924210813e-08,3,7.095772924225182e-08
b0142,9.323262214619432e-05,9.323262214619432e-05,0.0,0.0,0.0,7.095772924210813e-08,1,7.095772924225182e-08
b0099,9.323262214619432e-05,9.323262214619432e-05,0.0,4.423544863740858e-17,0.0,7.095772924210813e-08,3,7.095772924225182e-08
b2976,9.323262214619432e-05,9.323262214619432e-05,0.0,0.0,0.0,7.095772924210813e-08,1,7.095772924225182e-08
b1415,9.323262214619432e-05,9.323262214619432e-05,0.0,0.0,0.0,7.095772924210813e-08,2,7.095772924225182e-08
b4014,9.323262214619432e-05,9.323262214619432e-05,0.0,0.0,0.0,7.095772924210813e-08,1,7.095772924225182e-08
b2315,9.323262214619432e-05,9.323262214619432e-05,0.0,0.0,0.0,7.095772924210813e-08,1,7.095772924225182e-08
b4467,9.323262214619432e-05,9.323262214619432e-05,0.0,0.0,0.0,7.095772924210813e-08,3,7.095772924225182e-08
b3058,9.323262214619432e-05,9.323262214619432e-05,0.0,0.0,0.0,7.095772924210813e-08,2,7.09577292422518e-08
b2153,9.323262214619432e-05,9.323262214619432e-05,0.0,0.0,0.0,7.095772924210813e-08,1,7.09577292422518e-08
b0425,8.027203342209077e-05,8.027203342209077e-05,0.0,0.0,0.0,5.2600811011123255e-08,1,5.2600811011116584e-08
b0131,8.027203342209077e-05,8.027203342209077e-05,0.0,0.0,0.0,5.2600811011123255e-08,1,5.2600811011116584e-08
b0134,8.027203342209077e-05,8.027203342209077e-05,0.0,0.0,0.0,5.2600811011123255e-08,1,5.260081101111657e-08
b3639,8.027203342209077e-05,8.027203342209077e-05,0.0,0.0,0.0,5.2600811011123255e-08,2,5.260081101111655e-08
b0133,8.027203342209077e-05,8.027203342209077e-05,0.0,0.0,0.0,5.2600811011123255e-08,1,5.260081101111655e-08
b3974,8.027203342209077e-05,8.027203342209077e-05,0.0,0.0,0.0,5.2600811011123255e-08,1,5.260081101111655e-08
b3634,8.027203342209077e-05,8.027203342209077e-05,0.0,0.0,0.0,5.2600811011123255e-08,1,5.260081101111655e-08
b0103,8.027203342209077e-05,8.027203342209077e-05,0.0,0.0,0.0,5.2600811011123255e-08,1,5.2600811011116545e-08
b0826,6.800825053433247e-05,6.800825053433247e-05,0.0,0.0,0.0,3.775609910745477e-08,1,3.775609910745236e-08
b0784,6.800825053433247e-05,6.800825053433247e-05,0.0,0.0,0.0,3.775609910745477e-08,2,3.775609910745236e-08
b2687,6.243380376922303e-05,6.243380376922303e-05,0.0,0.0,0.0,3.1820243698193546e-08,1,3.18202436981855e-08
b0159,6.243380376922303e-05,6.243380376922303e-05,0.0,0.0,0.0,3.1820243698193546e-08,3,3.18202436981855e-08
b2615,6.229444259608918e-05,6.229444259608918e-05,0.0,0.0,0.0,3.167834758198006e-08,1,3.1678347581933296e-08
b3804,6.215508143096748e-05,6.215508143096748e-05,0.0,0.0,0.0,3.153676855204613e-08,1,3.1536768552044127e-08
b3805,6.215508143096748e-05,6.215508143096748e-05,0.0,0.0,0.0,3.153676855204613e-08,1,3.1536768552044113e-08
b0414,6.215508143310087e-05,6.215508143310087e-05,0.0,0.0,0.0,3.15367685520814e-08,2,3.153676855204036e-08
b0415,6.215508143310087e-05,6.215508143310087e-05,0.0,0.0,0.0,3.15367685520814e-08,1,3.153676855204036e-08
b1277,6.215508143310087e-05,6.215508143310087e-05,0.0,0.0,0.0,3.15367685520814e-08,1,3.1536768552040355e-08
b3816,4.501365762825735e-05,4.501365762825735e-05,0.0,5.204170427930421e-18,0.0,1.654064794318416e-08,3,1.6540647943183114e-08
b3807,3.985729437054413e-05,3.985729437054413e-05,0.0,0.0,0.0,1.2968195220511022e-08,4,1.2968195220510177e-08
b2529,3.985729437054413e-05,3.985729437054413e-05,0.0,0.0,0.0,1.2968195220511022e-08,6,1.2968195220510177e-08
b0421,3.874240501751359e-05,3.874240501751359e-05,0.0,0.0,0.0,1.2252848542984782e-08,2,1.2252848542984292e-08
b2889,0.0,0.0,0.0,0.0,0.0,0.0,1,1.2252848542984292e-08
b2528,3.6233903973222764e-05,3.6233903973222764e-05,0.0,0.0,0.0,1.0717516711166136e-08,2,1.0717516711165426e-08
b0781,3.400412526716624e-05,3.400412526716624e-05,0.0,0.0,0.0,9.439024776863693e-09,1,9.439024776863096e-09
b0783,3.400412526716624e-05,3.400412526716624e-05,0.0,0.0,0.0,9.439024776863693e-09,1,9.439024776863096e-09
b0785,3.400412526716624e-05,3.400412526716624e-05,0.0,0.0,0.0,9.439024776863693e-09,1,9.439024776863094e-09
b0009,3.400412526716624e-05,3.400412526716624e-05,0.0,0.0,0.0,9.439024776863693e-09,1,9.43902477686309e-09
b3803,3.107754071548374e-05,3.107754071548374e-05,0.0,0.0,0.0,7.884192138011533e-09,1,7.884192138011033e-09
b3368,3.107754071548374e-05,3.107754071548374e-05,0.0,0.0,0.0,7.884192138011533e-09,3,7.884192138011033e-09
b3187,3.107754071548374e-05,3.107754071548374e-05,0.0,0.0,0.0,7.884192138011533e-09,1,7.884192138011032e-09
b3994,3.107754071548374e-05,3.107754071548374e-05,0.0,0.0,0.0,7.884192138011533e-09,1,7.884192138011032e-09
b4407,3.107754071548374e-05,3.107754071548374e-05,0.0,0.0,0.0,7.884192138011533e-09,1,7.884192138011032e-09
b0417,3.107754071548374e-05,3.107754071548374e-05,0.0,0.0,0.0,7.884192138011533e-09,1,7.884192138011032e-09
b3993,3.107754071548374e-05,3.107754071548374e-05,0.0,0.0,0.0,7.884192138011533e-09,1,7.884192138011032e-09
b3843,3.107754071548374e-05,3.107754071548374e-05,0.0,0.0,0.0,7.884192138011533e-09,1,7.884192138011032e-09
b2311,3.107754071548374e-05,3.107754071548374e-05,0.0,0.0,0.0,7.884192138011533e-09,1,7.884192138011032e-09
b3992,3.107754071548374e-05,3.107754071548374e-05,0.0,0.0,0.0,7.884192138011533e-09,1,7.884192138011032e-09
b3990,3.107754071548374e-05,3.107754071548374e-05,0.0,0.0,0.0,7.884192138011533e-09,1,7.884192138011032e-09
b4039,3.107754071548374e-05,3.107754071548374e-05,0.0,0.0,0.0,7.884192138011533e-09,1,7.884192138011032e-09
b0423,3.107754071548374e-05,3.107754071548374e-05,0.0,0.0,0.0,7.884192138011533e-09,1,7.884192138011032e-09
b3835,3.107754071548374e-05,3.107754071548374e-05,0.0,0.0,0.0,7.884192138011533e-09,1,7.884192138011032e-09
b4040,3.107754071548374e-05,3.107754071548374e-05,0.0,0.0,0.0,7.884192138011533e-09,1,7.884192138011032e-09
b2103,3.107754071548374e-05,3.107754071548374e-05,0.0,0.0,0.0,7.884192138011533e-09,2,7.884192138011032e-09
b3850,3.107754071548374e-05,3.107754071548374e-05,0.0,0.0,0.0,7.884192138011533e-09,2,7.88419213801103e-09
b2436,3.107754071548374e-05,3.107754071548374e-05,0.0,0.0,0.0,7.884192138011533e-09,1,7.88419213801103e-09
b0052,3.107754071548374e-05,3.107754071548374e-05,0.0,0.0,0.0,7.884192138011533e-09,1,7.88419213801103e-09
b2564,3.107754071548374e-05,3.107754071548374e-05,0.0,0.0,0.0,7.884192138011533e-09,1,7.88419213801103e-09
b3991,3.107754071548374e-05,3.107754071548374e-05,0.0,0.0,0.0,7.884192138011533e-09,1,7.884192138011027e-09
b0475,3.107754071548374e-05,3.107754071548374e-05,0.0,0.0,0.0,7.884192138011533e-09,1,7.884192138011027e-09
b2927,3.107754071548374e-05,3.107754071548374e-05,0.0,0.0,0.0,7.884192138011533e-09,1,7.884192138011027e-09
b3997,3.107754071548374e-05,3.107754071548374e-05,0.0,0.0,0.0,7.884192138011533e-09,1,7.884192138011027e-09
b2320,3.107754071548374e-05,3.107754071548374e-05,0.0,0.0,0.0,7.884192138011533e-09,1,7.884192138011025e-09
b0025,3.107754071818292e-05,3.107754071818292e-05,0.0,0.0,0.0,7.884192138029163e-09,2,7.884192138009159e-09
b3917,1.7977590817477347e-05,1.7977590817477347e-05,0.0,7.28583859910259e-17,0.0,2.6383165028182723e-09,3,2.638316502818105e-09
b0763,1.7977590817477347e-05,1.7977590817477347e-05,0.0,2.7755575615628914e-17,0.0,2.6383165028182723e-09,3,2.638316502818105e-09
b0765,1.7977590817477347e-05,1.7977590817477347e-05,0.0,2.7755575615628914e-17,0.0,2.6383165028182723e-09,3,2.638316502818105e-09
b0764,1.7977590817477347e-05,1.7977590817477347e-05,0.0,2.7755575615628914e-17,0.0,2.6383165028182723e-09,3,2.638316502818105e-09
b2425,1.7977590817477347e-05,1.7977590817477347e-05,0.0,7.28583859910259e-17,0.0,2.6383165028182723e-09,5,2.638316502818105e-09
b2424,1.7977590817477347e-05,1.7977590817477347e-05,0.0,7.28583859910259e-17,0.0,2.6383165028182723e-09,5,2.638316502818105e-09
b2423,1.7977590817477347e-05,1.7977590817477347e-05,0.0,7.28583859910259e-17,0.0,2.6383165028182723e-09,5,2.638316502818105e-09
b2422,1.7977590817477347e-05,1.7977590817477347e-05,0.0,7.28583859910259e-17,0.0,2.6383165028182723e-09,5,2.638316502818105e-09
b0827,1.700206263358312e-05,1.700206263358312e-05,0.0,2.220446049250313e-16,0.0,2.359756194215923e-09,4,2.3597561942157726e-09
b3857,1.700206263358312e-05,1.700206263358312e-05,0.0,0.0,0.0,2.359756194215923e-09,5,2.3597561942157726e-09
b3856,1.700206263358312e-05,1.700206263358312e-05,0.0,0.0,0.0,2.359756194215923e-09,5,2.3597561942157726e-09
b0174,7.664864302030228e-06,7.664864302030228e-06,0.0,0.0,0.0,4.795930185100484e-10,1,4.795930185100763e-10
b0776,2.787223382554591e-07,2.787223382554591e-07,0.0,0.0,0.0,6.341725864595335e-13,1,6.341725864594927e-13
b1091,2.787223382554591e-07,2.787223382554591e-07,0.0,1.97758476261356e-16,0.0,6.341725864595335e-13,3,6.341725864594923e-13
b0774,2.787223382554591e-07,2.787223382554591e-07,0.0,0.0,0.0,6.341725864595335e-13,1,6.341725864594923e-13
b0775,2.787223382554591e-07,2.787223382554591e-07,0.0,0.0,0.0,6.341725864595335e-13,1,6.341725864594923e-13
b3412,2.787223382554591e-07,2.787223382554591e-07,0.0,0.0,0.0,6.341725864595335e-13,1,6.341725864594923e-13
b0777,2.787223382554591e-07,2.787223382554591e-07,0.0,0.0,0.0,6.341725864595335e-13,1,6.341725864594923e-13
b0778,2.787223382554591e-07,2.787223382554591e-07,0.0,0.0,0.0,6.341725864595335e-13,1,6.341725864594923e-13
b1288,2.787223382554591e-07,2.787223382554591e-07,0.0,0.019182899024117905,0.0,6.341725864595335e-13,26,6.341725864594923e-13
b0180,2.787223382554591e-07,2.787223382554591e-07,0.0,0.0,0.0,6.341725864595335e-13,14,6.341725864594923e-13
