gene,kappa_mu,kappa_vg_all,kappa_vg_int,kappa_dual_int,kappa_dual_all,kappa_c,kappa_v_lex,n_rxns
b3735,11.191730180429204,11.191730180429204,11.191730180429204,0.0,0.0,0.0,2.5723422114916983,1
b3736,11.191730180429204,11.191730180429204,11.191730180429204,0.0,0.0,0.0,2.5723422114916983,1
b3737,11.191730180429204,11.191730180429204,11.191730180429204,0.0,0.0,0.0,2.5723422114916983,1
b3738,11.191730180429204,11.191730180429204,11.191730180429204,0.0,0.0,0.0,2.5723422114916983,1
b3739,11.191730180429204,11.191730180429204,11.191730180429204,0.0,0.0,0.0,2.5723422114916983,1
b3732,11.191730180429204,11.191730180429204,11.191730180429204,0.0,0.0,0.0,2.5723422114916983,1
b3733,11.191730180429204,11.191730180429204,11.191730180429204,0.0,0.0,0.0,2.5723422114916983,1
b3734,11.191730180429204,11.191730180429204,11.191730180429204,0.0,0.0,0.0,2.5723422114916983,1
b3731,11.191730180429204,11.191730180429204,11.191730180429204,0.0,0.0,0.0,2.5723422114916983,1
b0875,11.626822405654082,11.626822405654082,11.626822405654082,0.0,0.0,0.0,42.56249547943934,1
b0241,11.626822405654082,11.626822405654082,11.626822405654082,0.0,0.0,0.0,148.39591684887586,270
b0957,11.626822405654082,11.626822405654082,11.626822405654082,0.0,0.0,0.0,42.56249547943934,1
b3875,11.626822405654082,11.626822405654082,11.626822405654082,0.0,0.0,0.0,42.56249547943934,1
b2215,11.626822405654082,11.626822405654082,11.626822405654082,0.0,0.0,0.0,148.39591684887586,271
b0929,11.626822405654082,11.626822405654082,11.626822405654082,0.0,0.0,0.0,148.39591684887586,271
b1377,11.626822405654082,11.626822405654082,11.626822405654082,0.0,0.0,0.0,148.39591684887586,270
b1319,11.626822405654082,11.626822405654082,11.626822405654082,0.0,0.0,0.0,42.56249547943934,1
b0431,8.537035480308049,8.537035480308049,8.537035480308049,0.0,0.0,0.0,4.576592502145402,1
b0432,8.537035480308049,8.537035480308049,8.537035480308049,0.0,0.0,0.0,4.576592502145402,1
b0430,8.537035480308049,8.537035480308049,8.537035480308049,0.0,0.0,0.0,4.576592502145402,1
b0429,8.537035480308049,8.537035480308049,8.537035480308049,0.0,0.0,0.0,4.576592502145402,1
b2285,6.994133937693704,6.994133937693704,6.994133937693704,0.0,0.0,0.0,13.367551520218486,3
b2283,6.994133937693704,6.994133937693704,6.994133937693704,0.0,0.0,0.0,13.367551520218486,3
b2286,6.994133937693704,6.994133937693704,6.994133937693704,0.0,0.0,0.0,13.367551520218486,3
b2276,6.994133937693704,6.994133937693704,6.994133937693704,0.0,0.0,0.0,13.367551520218486,3
b2281,6.994133937693704,6.994133937693704,6.994133937693704,0.0,0.0,0.0,13.367551520218486,3
b2277,6.994133937693704,6.994133937693704,6.994133937693704,0.0,0.0,0.0,13.367551520218486,3
b2278,6.994133937693704,6.994133937693704,6.994133937693704,0.0,0.0,0.0,13.367551520218486,3
b2279,6.994133937693704,6.994133937693704,6.994133937693704,0.0,0.0,0.0,13.367551520218486,3
b2287,6.994133937693704,6.994133937693704,6.994133937693704,0.0,0.0,0.0,13.367551520218486,3
b2288,6.994133937693704,6.994133937693704,6.994133937693704,0.0,0.0,0.0,13.367551520218486,3
b2284,6.994133937693704,6.994133937693704,6.994133937693704,0.0,0.0,0.0,13.367551520218486,3
b2282,6.994133937693704,6.994133937693704,6.994133937693704,0.0,0.0,0.0,13.367551520218486,3
b2280,6.994133937693704,6.994133937693704,6.994133937693704,0.0,0.0,0.0,13.367551520218486,3
b1779,2.179583668321645,2.179583668321645,2.179583668321645,0.0,0.0,0.0,77.15459630913308,2
b2926,2.179583668321645,2.179583668321645,2.179583668321645,0.0,0.0,0.0,77.15459630913308,1
b2779,1.210492377258774,1.210492377258774,1.2018086853180385,0.0,0.0,0.0,69.927776629255,1
b0755,1.210492377258774,1.210492377258774,1.2018086853180385,0.0,0.0,0.0,69.927776629255,1
b3612,1.210492377258774,1.210492377258774,1.2018086853180385,0.0,0.0,0.0,69.927776629255,1
b4395,1.210492377258774,1.210492377258774,1.2018086853180385,0.0,0.0,0.0,69.927776629255,1
b0451,2.783953105828875,2.783953105828875,2.783953105828875,0.0,0.0,0.0,6.577707005495611,1
b2417,6.234232526444729,6.234232526444729,6.234232526444729,0.02238953355787507,0.02238953355787529,0.0,25.0,6
b1101,6.234232526444729,6.234232526444729,6.234232526444729,0.0031465623957118716,0.0031465623957118716,0.0,25.0,2
b2415,6.234232526444729,6.234232526444729,6.234232526444729,0.02238953355787507,0.02238953355787529,0.0,25.0,18
b2416,6.234232526444729,6.234232526444729,6.234232526444729,0.02238953355787507,0.02238953355787529,0.0,25.0,19
b1819,6.234232526444729,6.234232526444729,6.234232526444729,0.0031465623957118716,0.0031465623957118716,0.0,25.0,5
b1817,6.234232526444729,6.234232526444729,6.234232526444729,0.0031465623957118716,0.0031465623957118716,0.0,25.0,5
b1621,6.234232526444729,6.234232526444729,6.234232526444729,0.02238953355787507,0.02238953355787529,0.0,25.0,2
b1818,6.234232526444729,6.234232526444729,6.234232526444729,0.0031465623957118716,0.0031465623957118716,0.0,25.0,5
b1761,3.153809779106375,3.153809779106375,3.153809779106375,0.0,0.0,0.0,4.178506102086779,1
b0116,7.502221258365793,7.502221258365793,7.502221258365793,0.0010488541319040867,0.0010488541319040867,0.0,16.737874960562454,3
b0115,6.831285852388856,6.831285852388856,4.875067291440885,0.0,0.0,0.0,16.737874960562454,1
b0114,6.831285852388856,6.831285852388856,4.875067291440885,0.0,0.0,0.0,16.737874960562454,1
b3916,3.4006481603754093,3.4006481603754093,3.4006481603754093,0.004165103094919021,0.004165103094919021,0.0,8.204581546455596,3
b1723,3.4006481603754093,3.4006481603754093,3.4006481603754093,0.004165103094919021,0.004165103094919021,0.0,8.204581546455596,1
b1773,2.4478684970415046,2.4478684970415046,2.4478684970415046,0.0,0.0,0.0,9.483654770157319,1
b2925,2.4478684970415046,2.4478684970415046,2.4478684970415046,0.0,0.0,0.0,9.483654770157319,2
b2097,2.4478684970415046,2.4478684970415046,2.4478684970415046,0.0,0.0,0.0,9.483654770157319,1
b3919,1.2056732898099547,1.2056732898099547,1.2056732898099547,0.0,0.0,0.0,16.933745715881273,1
b4025,3.620787775131525,3.620787775131525,3.620787775131525,0.0,0.0,0.0,9.400195767983009,1
b0720,2.1969901833760233,2.1969901833760233,1.7344278012465466,0.0,0.0,0.0,16.536827256377737,1
b0118,2.1969901833760233,2.1969901833760233,1.7344278012465466,0.0,0.0,0.0,16.536827256377737,3
b1276,2.1969901833760233,2.1969901833760233,1.7344278012465466,0.0,0.0,0.0,16.536827256377737,2
b1136,7.779356049911492,7.779356049911492,7.779356049911492,0.0,0.0,0.0,9.720229459831383,1
b4122,2.193985684440648,2.193985684440648,1.7260899822930682,0.0,0.0,0.0,16.582662655465114,2
b1611,2.193985684440648,2.193985684440648,1.7260899822930682,0.0,0.0,0.0,16.582662655465114,1
b1612,2.193985684440648,2.193985684440648,1.7260899822930682,0.0,0.0,0.0,16.582662655465114,1
b3236,4.8790401176787555,4.8790401176787555,4.8790401176787555,0.0,0.0,0.0,35.28370041568721,1
b1852,3.620787775131527,3.620787775131527,3.620787775131527,0.0,0.0,0.0,3.740457073755675,1
b0767,3.620787775131527,3.620787775131527,3.620787775131527,0.00273203653284623,0.0027320365328462573,0.0,3.740457073755675,1
b2029,3.620787775131527,3.620787775131527,3.620787775131527,0.0,0.0,0.0,3.740457073755675,1
b2501,0.9030630157604147,0.9030630157604147,0.9030630157604147,0.0,0.0,0.0,0.6921286174062319,2
b0722,2.0971879325228784,2.0971879325228784,1.4574654469730746,0.0,0.0,0.0,18.093312306355386,1
b0723,2.0971879325228784,2.0971879325228784,1.4574654469730746,0.0,0.0,0.0,18.093312306355386,1
b0724,2.0971879325228784,2.0971879325228784,1.4574654469730746,0.0,0.0,0.0,18.093312306355386,1
b0721,2.0971879325228784,2.0971879325228784,1.4574654469730746,0.0,0.0,0.0,18.093312306355386,1
b0726,7.502221258365793,7.502221258365793,7.502221258365793,0.0,0.0,0.0,10.85968947215708,1
b0727,7.502221258365793,7.502221258365793,7.502221258365793,0.0,0.0,0.0,10.85968947215708,1
b3380,0.00017346828725493119,0.00017346828725493119,0.00017346828725493119,0.0,0.0,0.0,2.5538234732810632e-08,1
b4383,0.00017346828725493119,0.00017346828725493119,0.00017346828725493119,0.0,0.0,0.0,2.5538234732810632e-08,2
b4094,0.0,0.0,0.0,0.0,0.0,0.0,0.0,1
b0728,7.366936614608562,7.366936614608562,7.366936614608562,0.0,0.0,0.0,11.438855329415967,1
b0729,7.366936614608562,7.366936614608562,7.366936614608562,0.0,0.0,0.0,11.438855329415967,1
b3956,6.072187482772314,6.072187482772314,6.072187482772314,0.0031339249144953,0.003133924914495453,0.0,2.057109694006415,1
b0928,0.7546202997958709,0.7546202997958709,0.7546202997958709,0.0,0.0,0.0,0.48328983542751003,3
b1207,0.240456430065362,0.240456430065362,0.240456430065362,0.0,0.0,0.0,0.049070839011945096,1
b3844,6.585254432717888,6.585254432717888,1.1428766732829878,0.020546798982891856,0.020546798982891856,0.0,1.1223260557153152,6
b4090,1.206015388402013,1.206015388402013,1.206015388402013,0.0,0.0,0.0,0.6715716443842251,2
b2914,1.206015388402013,1.206015388402013,1.206015388402013,0.0,0.0,0.0,0.6715716443842251,1
b4301,2.414821795260607,2.414821795260607,2.414821795260607,0.0,0.0,0.0,1.496867782995533,1
b3386,2.414821795260607,2.414821795260607,2.414821795260607,0.0,0.0,0.0,1.496867782995533,1
b3870,0.4666928423899961,0.4666928423899961,0.4666928423899961,0.0,0.0,0.0,0.1848472414867601,1
b1297,0.4666928423899961,0.4666928423899961,0.4666928423899961,0.0,0.0,0.0,0.1848472414867601,2
b2913,1.3924403699726193,1.3924403699726193,1.3924403699726193,0.0,0.0,0.0,0.17765039176059785,1
b4388,1.3924403699726193,1.3924403699726193,1.3924403699726193,0.0,0.0,0.0,0.17765039176059785,1
b0907,1.3924403699726193,1.3924403699726193,1.3924403699726193,0.0,0.0,0.0,0.17765039176059785,2
b2465,1.207647576708677,1.207647576708677,1.207647576708677,0.0,0.0,0.0,0.3942840038040703,2
b2464,1.2071742185519037,1.2071742185519037,1.2071742185519037,0.0,0.0,0.0,0.006223257590422975,1
b2935,1.207647576708677,1.207647576708677,1.207647576708677,0.0,0.0,0.0,0.3942840038040703,2
b0008,1.2071742185519037,1.2071742185519037,1.2071742185519037,0.0,0.0,0.0,0.006223257590422975,1
b2551,1.2370942347836094,1.2370942347836094,1.2370942347836094,0.0033621120443489694,0.00336211204434915,0.0,0.07749209270468853,6
b3433,0.2755583694878907,0.2755583694878907,0.2755583694878907,0.0,0.0,0.0,0.06444331995896826,1
b0002,0.2755583694878907,0.2755583694878907,0.2755583694878907,0.0,0.0,0.0,0.06444331995896826,2
b4024,0.2755583694878907,0.2755583694878907,0.2755583694878907,0.0,0.0,0.0,0.06444331995896826,1
b3940,0.2755583694878907,0.2755583694878907,0.2755583694878907,0.0,0.0,0.0,0.06444331995896826,2
b2290,0.14984670075093032,0.14984670075093032,0.14984670075093032,0.0,0.0,0.0,0.019056584462232264,1
b2379,0.14984670075093032,0.14984670075093032,0.14984670075093032,0.0,0.0,0.0,0.019056584462232264,1
b0529,2.1540067363900706,2.1540067363900706,2.1540067363900706,0.0,0.0,0.0,0.06852985378871325,2
b3493,0.24863727697669935,0.24863727697669935,0.24863727697669935,0.0,0.0,0.0,0.05246663064575168,1
b2987,0.24863727697669935,0.24863727697669935,0.24863727697669935,0.0,0.0,0.0,0.05246663064575168,1
b0078,0.2253461308024347,0.2253461308024347,0.2253461308024347,0.0,0.0,0.0,0.043097383535085625,2
b0077,0.2253461308024347,0.2253461308024347,0.2253461308024347,0.0,0.0,0.0,0.043097383535085625,2
b3774,0.2253461308024347,0.2253461308024347,0.2253461308024347,0.0,0.0,0.0,0.043097383535085625,3
b3671,0.2253461308024347,0.2253461308024347,0.2253461308024347,0.0,0.0,0.0,0.043097383535085625,2
b3670,0.2253461308024347,0.2253461308024347,0.2253461308024347,0.0,0.0,0.0,0.043097383535085625,2
b3771,0.2253461308024347,0.2253461308024347,0.2253461308024347,0.0,0.0,0.0,0.043097383535085625,2
b0474,0.6765942980431987,0.6765942980431987,0.6765942980431987,0.0,0.0,0.0,0.3885144323607412,13
b2518,0.5450112973036252,0.5450112973036252,0.20378638595214982,0.0,0.0,0.0,0.0352453400912914,8
b1676,0.0,0.0,0.0,0.004162399133270357,0.004162399133270357,0.0,0.0,1
b1854,0.0,0.0,0.0,0.004162399133270357,0.004162399133270357,0.0,0.0,1
b0323,0.16150516152482153,0.16150516152482153,0.16150516152482153,0.0,0.0,0.0,0.022137241676867,1
b0521,0.16150516152482153,0.16150516152482153,0.16150516152482153,0.0,0.0,0.0,0.022137241676867,1
b2874,0.16150516152482153,0.16150516152482153,0.16150516152482153,0.0,0.0,0.0,0.022137241676867,1
b4069,0.0,0.0,0.0,0.0,0.0,0.0,0.0,2
b0004,0.14027372573065344,0.14027372573065344,0.14027372573065344,0.005355745509620355,0.00535574550962041,0.0,0.016699495759531887,2
b0003,0.14027372573065344,0.14027372573065344,0.14027372573065344,0.0,0.0,0.0,0.016699495759531887,1
b4006,0.1398966319653281,0.1398966319653281,0.1398966319653281,0.0,0.0,0.0,0.016609830908679152,2
b0126,0.13553853122103687,0.13553853122103687,0.13553853122103687,0.0,0.0,0.0,0.015591081564521839,1
b0339,0.13553853122103687,0.13553853122103687,0.13553853122103687,0.0,0.0,0.0,0.015591081564521839,1
b0071,0.11612606378194679,0.11612606378194679,0.11612606378194679,0.0,0.0,0.0,0.011444849979928791,2
b0072,0.11612606378194679,0.11612606378194679,0.11612606378194679,0.0,0.0,0.0,0.011444849979928791,2
b0074,0.11612606378194679,0.11612606378194679,0.11612606378194679,0.0,0.0,0.0,0.011444849979928791,1
b4054,0.11612606378194679,0.11612606378194679,0.11612606378194679,0.0,0.0,0.0,0.011444849979928791,3
b3770,0.11612606378194679,0.11612606378194679,0.11612606378194679,0.0,0.0,0.0,0.011444849979928791,4
b0073,0.11612606378194679,0.11612606378194679,0.11612606378194679,0.0,0.0,0.0,0.011444849979928791,1
b4005,0.1155350343874686,0.1155350343874686,0.1155350343874686,0.0,0.0,0.0,0.011328648171972832,1
b2312,0.1155350343874686,0.1155350343874686,0.1155350343874686,0.0,0.0,0.0,0.011328648171972832,1
b2499,0.1155350343874686,0.1155350343874686,0.1155350343874686,0.0,0.0,0.0,0.011328648171972855,1
b2557,0.1155350343874686,0.1155350343874686,0.1155350343874686,0.0,0.0,0.0,0.011328648171972855,1
b2476,0.11547755529674353,0.11547755529674353,0.11547755529674353,0.0,0.0,0.0,0.011317378890369871,1
b1131,0.11547755529674353,0.11547755529674353,0.11547755529674353,0.0,0.0,0.0,0.011317378890369871,2
b0523,0.11547755529674353,0.11547755529674353,0.11547755529674353,0.0,0.0,0.0,0.011317378890369871,1
b0522,0.11547755529674353,0.11547755529674353,0.11547755529674353,0.0,0.0,0.0,0.011317378890369871,1
b2500,2.014052625334019,2.014052625334019,2.014052625334019,0.0,0.0,0.0,0.017649119255879555,1
b3572,0.0,0.0,0.0,0.0,0.0,0.0,0.0,1
b1704,0.09823485909407226,0.09823485909407226,0.09823485909407226,0.0,0.0,0.0,0.008189963128317181,1
b0754,0.09823485909407226,0.09823485909407226,0.09823485909407226,0.0,0.0,0.0,0.008189963128317181,1
b2601,0.09823485909407226,0.09823485909407226,0.09823485909407226,0.0,0.0,0.0,0.008189963128317181,1
b1693,0.09823485909407226,0.09823485909407226,0.09823485909407226,0.0,0.0,0.0,0.008189963128317181,1
b3389,0.09823485909407226,0.09823485909407226,0.09823485909407226,0.0,0.0,0.0,0.008189963128317181,1
b3281,0.09823485909407226,0.09823485909407226,0.09823485909407226,0.0,0.0,0.0,0.008189963128317181,1
b0908,0.09823485909407226,0.09823485909407226,0.09823485909407226,0.0,0.0,0.0,0.008189963128317181,1
b2329,0.09823485909407226,0.09823485909407226,0.09823485909407226,0.0,0.0,0.0,0.008189963128317178,1
b3390,0.09823485909407226,0.09823485909407226,0.09823485909407226,0.0,0.0,0.0,0.008189963128317181,1
b0388,0.09823485909407226,0.09823485909407226,0.09823485909407226,0.0,0.0,0.0,0.008189963128317181,1
b1692,0.09823485909407226,0.09823485909407226,0.09823485909407226,0.0,0.0,0.0,0.008189963128317181,2
b0171,0.09744097748226732,0.09744097748226732,0.09744097748226732,0.0,0.0,0.0,0.008058124208693718,1
b0910,0.09744097748226732,0.09744097748226732,0.09744097748226732,0.0,0.0,0.0,0.008058124208693718,3
b2472,0.09561350325249507,0.09561350325249507,0.09561350325249507,0.0,0.0,0.0,0.007758703495260797,1
b3359,0.09561350325249507,0.09561350325249507,0.09561350325249507,0.0,0.0,0.0,0.007758703495260797,2
b3809,0.09561350325249507,0.09561350325249507,0.09561350325249507,0.0,0.0,0.0,0.007758703495260797,1
b0031,0.09561350325249507,0.09561350325249507,0.09561350325249507,0.0,0.0,0.0,0.007758703495260797,1
b0166,0.09561350325249507,0.09561350325249507,0.09561350325249507,0.0,0.0,0.0,0.007758703495260797,1
b2478,0.09561350325249507,0.09561350325249507,0.09561350325249507,0.0,0.0,0.0,0.007758703495260797,1
b0221,0.09172941169135718,0.09172941169135718,0.09172941169135718,0.0,0.0,0.0,0.007141145959018962,8
b3846,0.09172941169135718,0.09172941169135718,0.09172941169135718,0.0,0.0,0.0,0.007141145959018962,19
b2341,0.09172941169135718,0.09172941169135718,0.09172941169135718,0.0,0.0,0.0,0.007141145959018962,16
b2342,0.09172941169135718,0.09172941169135718,0.09172941169135718,0.0,0.0,0.0,0.007141145959018962,8
b3845,0.09172941169135718,0.09172941169135718,0.09172941169135718,0.0,0.0,0.0,0.007141145959018962,8
b2224,0.09172941169135718,0.09172941169135718,0.09172941169135718,0.0,0.0,0.0,0.007141145959018962,1
b2838,0.08845104148988014,0.08845104148988014,0.08845104148988014,0.0,0.0,0.0,0.0066398244226585626,1
b4244,0.08526365836923366,0.08526365836923366,0.08526365836923366,0.0,0.0,0.0,0.0061699070162656725,1
b4245,0.08526365836923366,0.08526365836923366,0.08526365836923366,0.0,0.0,0.0,0.0061699070162656725,1
b3642,0.08526365836923366,0.08526365836923366,0.08526365836923366,0.0,0.0,0.0,0.0061699070162656725,1
b1062,0.08526365836923366,0.08526365836923366,0.08526365836923366,0.0,0.0,0.0,0.0061699070162656725,1
b1281,0.08526365836923366,0.08526365836923366,0.08526365836923366,0.0,0.0,0.0,0.0061699070162656725,1
b2599,0.0833534451792699,0.0833534451792699,0.0833534451792699,0.0,0.0,0.0,0.005896547524813171,2
b2600,0.0833534451792699,0.0833534451792699,0.0833534451792699,0.0,0.0,0.0,0.005896547524813171,2
b4177,0.07707791413973719,0.07707791413973719,0.07707791413973719,0.0,0.0,0.0,0.005042090078781597,1
b3960,0.07624150315558709,0.07624150315558709,0.07624150315558709,0.0,0.0,0.0,0.004933255329563939,1
b2818,0.07624150315558709,0.07624150315558709,0.07624150315558709,0.0,0.0,0.0,0.004933255329563939,1
b4254,0.07624150315558709,0.07624150315558709,0.07624150315558709,0.0,0.0,0.0,0.004933255329563939,1
b3957,0.07624150315558709,0.07624150315558709,0.07624150315558709,0.00016053879621633071,0.0001605387962164695,0.0,0.004933255329563939,2
b0273,0.07624150315558709,0.07624150315558709,0.07624150315558709,0.0,0.0,0.0,0.004933255329563939,1
b1748,0.07624150315558709,0.07624150315558709,0.07624150315558709,0.0,0.0,0.0,0.004933255329563939,2
b3959,0.07624150315558709,0.07624150315558709,0.07624150315558709,0.0,0.0,0.0,0.004933255329563939,1
b3172,0.07624150315558709,0.07624150315558709,0.07624150315558709,0.0,0.0,0.0,0.004933255329563939,1
b3958,0.07624150315558709,0.07624150315558709,0.07624150315558709,0.0,0.0,0.0,0.004933255329563939,1
b3772,0.07488494506372512,0.07488494506372512,0.07488494506372512,0.0,0.0,0.0,0.004759263215327882,1
b3117,0.07488494506372512,0.07488494506372512,0.07488494506372512,0.0,0.0,0.0,0.004759263215327882,1
b1206,0.06500807834847411,0.06500807834847411,0.06500807834847411,0.0,0.0,0.0,0.0035866198708244903,1
b3781,0.5346326909661012,0.5346326909661012,0.07085367609981708,0.0004096103812917182,0.0004096103812917182,0.0,0.0034643015483188165,10
b0888,0.5346326909660338,0.5346326909660338,0.07085367609981708,0.0,0.0,0.0,0.0027227258687833283,1
b2582,0.5346326909661012,0.5346326909661012,0.07085367609981708,0.0004096103812917182,0.0004096103812917182,0.0,0.0034643015483188165,10
b3607,0.06388994249392377,0.06388994249392377,0.06388994249392377,0.0,0.0,0.0,0.0034643015483188156,1
b2421,0.06388994249392377,0.06388994249392377,0.06388994249392377,0.0,0.0,0.0,0.0034643015483188156,1
b2414,0.06388994249392377,0.06388994249392377,0.06388994249392377,0.0,0.0,0.0,0.0034643015483188156,1
b2764,6.7882810241610905,6.7882810241610905,1.1338759159223484,0.020337125489051255,0.020337125489051255,0.0,0.37554663027210367,4
b2762,0.06388994249392377,0.06388994249392377,0.06388994249392377,0.0,0.0,0.0,0.0034643015483188165,2
b4214,0.06388994249392377,0.06388994249392377,0.06388994249392377,0.0,0.0,0.0,0.0034643015483188165,1
b2763,6.7882810241610905,6.7882810241610905,1.1338759159223484,0.020337125489051255,0.020337125489051255,0.0,0.37554663027210367,4
b2750,0.06388994249392377,0.06388994249392377,0.06388994249392377,0.0,0.0,0.0,0.0034643015483188165,1
b2751,0.06388994249392377,0.06388994249392377,0.06388994249392377,0.0,0.0,0.0,0.0034643015483188165,1
b2752,0.06388994249392377,0.06388994249392377,0.06388994249392377,0.0,0.0,0.0,0.0034643015483188165,1
b2507,0.0628187178255909,0.0628187178255909,0.0628187178255909,0.0,0.0,0.0,0.0033491055062413564,1
b3648,0.0628187178255909,0.0628187178255909,0.0628187178255909,0.0,0.0,0.0,0.0033491055062413564,2
b2508,0.0628187178255909,0.0628187178255909,0.0628187178255909,0.0,0.0,0.0,0.0033491055062413564,1
b3744,0.062132835043443135,0.062132835043443135,0.062132835043443135,0.0,0.0,0.0,0.0032763707057227543,1
b0242,0.05697775964210783,0.05697775964210783,0.05697775964210783,0.0,0.0,0.0,0.002755252665041804,1
b0243,0.05697775964210783,0.05697775964210783,0.05697775964210783,0.0,0.0,0.0,0.002755252665041804,1
b0386,0.05697775964210783,0.05697775964210783,0.05697775964210783,0.0,0.0,0.0,0.002755252665041804,1
b3290,0.05031173164064118,0.05031173164064118,0.05031173164064118,0.0,0.0,0.0,0.0021482717819286657,1
b3849,0.05031173164064118,0.05031173164064118,0.05031173164064118,0.0,0.0,0.0,0.0021482717819286657,1
b1291,0.05031173164064118,0.05031173164064118,0.05031173164064118,0.0,0.0,0.0,0.0021482717819286657,1
b1363,0.05031173164064118,0.05031173164064118,0.05031173164064118,0.0,0.0,0.0,0.0021482717819286657,1
b1250,0.05031173164064118,0.05031173164064118,0.05031173164064118,0.0,0.0,0.0,0.0021482717819286657,1
b3747,0.05031173164064118,0.05031173164064118,0.05031173164064118,0.0,0.0,0.0,0.0021482717819286657,1
b2780,0.041375923939967196,0.041375923939967196,0.041375923939967196,0.0,0.0,0.0,0.001452934723921441,1
b4019,0.039786614193735026,0.039786614193735026,0.039786614193735026,0.0,0.0,0.0,0.0013434597475706874,1
b3941,0.039786614193735026,0.039786614193735026,0.039786614193735026,0.0,0.0,0.0,0.0013434597475706874,1
b3829,0.039786614193735026,0.039786614193735026,0.039786614193735026,0.0,0.0,0.0,0.0013434597475706874,1
b3939,0.03967114050474452,0.03967114050474452,0.03967114050474452,0.0,0.0,0.0,0.001335672750301258,1
b1622,0.03967114050474452,0.03967114050474452,0.03967114050474452,0.0,0.0,0.0,0.001335672750301258,1
b3008,0.03967114050474452,0.03967114050474452,0.03967114050474452,0.004279643692867992,0.004279643692868013,0.0,0.001335672750301258,2
b4013,0.03967114050474452,0.03967114050474452,0.03967114050474452,0.0,0.0,0.0,0.001335672750301258,1
b0452,0.03877338412360232,0.03877338412360232,0.03877338412360232,0.009420741291700119,0.016851182583544344,0.0,0.0012759043228053929,10
b1094,0.03877338412360232,0.03877338412360232,0.03877338412360232,0.018212295864674488,0.036102624474991074,0.0,0.0012759043228053929,26
b2836,0.03877338412360232,0.03877338412360232,0.03877338412360232,0.013991677193525127,0.021422118485369686,0.0,0.0012759043228053929,23
b3608,0.03583499114484073,0.03583499114484073,0.03583499114484073,0.0,0.0,0.0,0.0010898464062000241,1
b2895,6.107419119412713,6.107419119412713,5.088018028900434,0.0003891749043116177,0.0003891749043116177,0.0,0.9378188118722381,7
b1378,6.107419119412713,6.107419119412713,5.0669497512427135,0.0,0.0,0.0,0.9378188118722381,1
b0684,6.107419119412713,6.107419119412713,5.088018028900434,0.0003891749043116177,0.0003891749043116177,0.0,0.9378188118722381,7
b2026,0.02441907666858456,0.02441907666858456,0.02441907666858456,0.0,0.0,0.0,0.0005060683422461394,2
b2023,0.02441907666858456,0.02441907666858456,0.02441907666858456,0.0,0.0,0.0,0.0005060683422461394,1
b2025,0.02441907666858456,0.02441907666858456,0.02441907666858456,0.0,0.0,0.0,0.0005060683422461394,1
b2021,0.02441907666858456,0.02441907666858456,0.02441907666858456,0.0,0.0,0.0,0.0005060683422461394,1
b2024,0.02441907666858456,0.02441907666858456,0.02441907666858456,0.0,0.0,0.0,0.0005060683422461394,1
b2020,0.02441907666858456,0.02441907666858456,0.02441907666858456,0.0,0.0,0.0,0.0005060683422461394,1
b2022,0.02441907666858456,0.02441907666858456,0.02441907666858456,0.0,0.0,0.0,0.0005060683422461394,2
b2019,0.02441907666858456,0.02441907666858456,0.02441907666858456,0.0,0.0,0.0,0.0005060683422461394,1
b3176,0.024354638226068093,0.024354638226068093,0.024354638226068093,0.0,0.0,0.0,0.0005034009826789938,1
b3729,0.024354638226068093,0.024354638226068093,0.024354638226068093,0.0,0.0,0.0,0.0005034009826789938,1
b3730,0.024354638226068093,0.024354638226068093,0.024354638226068093,0.0,0.0,0.0,0.0005034009826789938,2
b0185,0.02006097592429626,0.02006097592429626,0.02006097592429626,0.0,0.0,0.0,0.00034155040676196394,1
b2316,0.02006097592429626,0.02006097592429626,0.02006097592429626,0.0,0.0,0.0,0.00034155040676196394,1
b3256,0.02006097592429626,0.02006097592429626,0.02006097592429626,0.0,0.0,0.0,0.00034155040676196394,1
b3255,0.02006097592429626,0.02006097592429626,0.02006097592429626,0.0,0.0,0.0,0.00034155040676196394,1
b1092,0.020060460416756076,0.020060460416756076,0.020060460416756076,0.0,0.0,0.0,0.00034153285332404307,1
b1093,0.02005942940167571,0.02005942940167571,0.02005942940167571,0.0,0.0,0.0,0.00034149774780143244,14
b1095,0.02005942940167571,0.02005942940167571,0.02005942940167571,0.001950626197199004,0.0019506261971992817,0.0,0.00034149774780143244,9
b2323,0.02005942940167571,0.02005942940167571,0.02005942940167571,0.001950626197199004,0.0019506261971992817,0.0,0.00034149774780143244,13
b3018,0.01938669206180116,0.01938669206180116,0.01938669206180116,0.0001843276607335076,0.013479874989920537,0.0,0.0003189760807013482,7
b4041,0.01938669206180116,0.01938669206180116,0.01938669206180116,0.018212295864674488,0.036102624474991074,0.0,0.0003189760807013482,7
b4160,0.01938669206180116,0.01938669206180116,0.01938669206180116,0.0,0.0,0.0,0.0003189760807013482,7
b2585,0.01938669206180116,0.01938669206180116,0.01938669206180116,0.016646752306896773,0.016646752306896773,0.0,0.0003189760807013482,7
b0175,0.01938669206180116,0.01938669206180116,0.01938669206180116,0.011474700210859029,0.01668777698190244,0.0,0.0003189760807013482,7
b1262,0.014651497551904813,0.014651497551904813,0.014651497551904813,0.0,0.0,0.0,0.00018218588523499673,2
b1260,0.014651497551904813,0.014651497551904813,0.014651497551904813,0.0044098690563876275,0.0044098690563876275,0.0,0.00018218588523499673,3
b1261,0.014651497551904813,0.014651497551904813,0.014651497551904813,0.0044098690563876275,0.0044098690563876275,0.0,0.00018218588523499673,3
b1263,0.014651497551904813,0.014651497551904813,0.014651497551904813,0.0,0.0,0.0,0.00018218588523499673,2
b3708,0.014651497551904813,0.014651497551904813,0.014651497551904813,0.004409869056387607,0.004409869056387607,0.0,0.00018218588523499673,3
b1264,0.014651497551904813,0.014651497551904813,0.014651497551904813,0.0,0.0,0.0,0.00018218588523499673,1
b2903,0.9765793980184553,0.9765793980184553,0.9765793980184553,0.0010488541319040867,0.0010488541319040867,0.0,0.0007003567334619338,1
b2904,0.9765793980184553,0.9765793980184553,0.9765793980184553,0.0010488541319040867,0.0010488541319040867,0.0,0.0007003567334619338,1
b2905,0.9765793980184553,0.9765793980184553,0.9765793980184553,0.0010488541319040867,0.0010488541319040867,0.0,0.0007003567334619338,1
b0914,0.011842754719487314,0.011842754719487314,0.011842754719487314,0.026579785018593594,0.030670722658345362,0.0,0.00011902992569247539,32
b1190,0.010743692643922775,0.010743692643922775,0.010743692643922775,0.0,0.0,0.0,9.796204542200704e-05,1
b4053,0.010743692643922775,0.010743692643922775,0.010743692643922775,0.0,0.0,0.0,9.796204542200704e-05,1
b1215,0.010029714700837855,0.010029714700837855,0.010029714700837855,0.0,0.0,0.0,8.537443695035811e-05,1
b3198,0.010029714700837855,0.010029714700837855,0.010029714700837855,0.0,0.0,0.0,8.537443695035811e-05,1
b2708,0.010029714700837855,0.010029714700837855,0.010029714700837855,0.0,0.0,0.0,8.537443695035811e-05,1
b0918,0.010029714700837855,0.010029714700837855,0.010029714700837855,0.0,0.0,0.0,8.537443695035811e-05,1
b0096,0.010029714700837855,0.010029714700837855,0.010029714700837855,0.0,0.0,0.0,8.537443695035814e-05,1
b3197,0.010029714700837855,0.010029714700837855,0.010029714700837855,0.0,0.0,0.0,8.537443695035811e-05,1
b0181,0.010029714700837855,0.010029714700837855,0.010029714700837855,0.0,0.0,0.0,8.537443695035814e-05,1
b0179,0.010029714700837855,0.010029714700837855,0.010029714700837855,0.0,0.0,0.0,8.537443695035814e-05,1
b0085,0.007162461762615119,0.007162461762615119,0.007162461762615119,0.0,0.0,0.0,4.353868685422536e-05,1
b0088,0.007162461762615119,0.007162461762615119,0.007162461762615119,0.0,0.0,0.0,4.353868685422536e-05,1
b3967,0.007162461762615119,0.007162461762615119,0.007162461762615119,0.0,0.0,0.0,4.353868685422536e-05,1
b0381,0.007162461762615119,0.007162461762615119,0.007162461762615119,0.0,0.0,0.0,4.353868685422536e-05,1
b1278,0.007162461762615119,0.007162461762615119,0.007162461762615119,0.011496061205628225,0.02407893175034207,0.0,4.353868685422536e-05,30
b0086,0.007162461762615119,0.007162461762615119,0.007162461762615119,0.0,0.0,0.0,4.353868685422536e-05,1
b0092,0.007162461762615119,0.007162461762615119,0.007162461762615119,0.0,0.0,0.0,4.353868685422536e-05,1
b3057,0.007162461762615119,0.007162461762615119,0.007162461762615119,0.0,0.0,0.0,4.353868685422536e-05,2
b0841,0.007162461762615119,0.007162461762615119,0.007162461762615119,0.0,0.0,0.0,4.353868685422536e-05,2
b3189,0.007162461762615119,0.007162461762615119,0.007162461762615119,0.0,0.0,0.0,4.353868685422536e-05,1
b3972,0.007162461762615119,0.007162461762615119,0.007162461762615119,0.0,0.0,0.0,4.353868685422536e-05,1
b0090,0.007162461762615119,0.007162461762615119,0.007162461762615119,0.0,0.0,0.0,4.353868685422536e-05,1
b0087,0.007162461762615119,0.007162461762615119,0.007162461762615119,0.0,0.0,0.0,4.353868685422536e-05,1
b0091,0.007162461762615119,0.007162461762615119,0.007162461762615119,0.0,0.0,0.0,4.353868685422536e-05,1
b4238,0.5346326909661113,0.5346326909661113,0.006963733605893696,0.0,0.0,0.0,0.0001714496822486118,4
b3924,5.569109151349128,5.569109151349128,5.088018028900434,0.0003891749043116177,0.0003891749043116177,0.0,0.8856429596256185,5
b4237,0.5346326909661113,0.5346326909661113,0.006963733605893696,0.0,0.0,0.0,0.0001714496822486118,4
b1606,0.006916822419741314,0.006916822419741314,0.006916822419741314,0.008932642103427119,0.008932642103427202,0.0,4.0603544324144085e-05,2
b0048,0.006916822419741314,0.006916822419741314,0.006916822419741314,0.0,0.0,0.0,4.0603544324144085e-05,1
b2827,0.006744385147566895,0.006744385147566895,0.006744385147566895,0.0,0.0,0.0,3.860427672591049e-05,1
b3640,0.006744385147566895,0.006744385147566895,0.006744385147566895,0.0,0.0,0.0,3.860427672591051e-05,1
b1098,0.006744385147566895,0.006744385147566895,0.006744385147566895,0.0,0.0,0.0,3.860427672591049e-05,1
b2251,0.006744385147566895,0.006744385147566895,0.006744385147566895,0.00016053879621621622,0.00016053879621621796,0.0,3.860427672591051e-05,3
b4261,0.0050148573504189276,0.0050148573504189276,0.0050148573504189276,0.024786183897711034,0.028877121537462802,0.0,2.1343609237589528e-05,9
b3200,0.0050148573504189276,0.0050148573504189276,0.0050148573504189276,0.024786183897711034,0.028877121537462802,0.0,2.1343609237589528e-05,9
b3201,0.0050148573504189276,0.0050148573504189276,0.0050148573504189276,0.024786183897711034,0.028877121537462802,0.0,2.1343609237589528e-05,9
b4262,0.0050148573504189276,0.0050148573504189276,0.0050148573504189276,0.024786183897711034,0.028877121537462802,0.0,2.1343609237589528e-05,9
b3633,0.0050148573504189276,0.0050148573504189276,0.0050148573504189276,0.0,0.0,0.0,2.1343609237589528e-05,2
b3199,0.0050148573504189276,0.0050148573504189276,0.0050148573504189276,0.024786183897711034,0.028877121537462802,0.0,2.1343609237589528e-05,9
b0915,0.0050148573504189276,0.0050148573504189276,0.0050148573504189276,0.0,0.0,0.0,2.1343609237589528e-05,1
b0182,0.0050148573504189276,0.0050148573504189276,0.0050148573504189276,0.0,0.0,0.0,2.1343609237589528e-05,1
b0524,0.0050148573504189276,0.0050148573504189276,0.0050148573504189276,0.0,0.0,0.0,2.1343609237589528e-05,1
b3040,0.0041046127678663405,0.0041046127678663405,0.0041046127678663405,4.0134699054028035e-05,4.013469905402847e-05,0.0,1.4549622144565944e-05,6
b0149,0.0035812308813075594,0.0035812308813075594,0.0035812308813075594,0.0,0.0,0.0,1.088467171355634e-05,5
b1069,0.0035812308813075594,0.0035812308813075594,0.0035812308813075594,0.0,0.0,0.0,1.088467171355634e-05,2
b0635,0.0035812308813075594,0.0035812308813075594,0.0035812308813075594,0.0,0.0,0.0,1.088467171355634e-05,2
b3396,0.0035812308813075594,0.0035812308813075594,0.0035812308813075594,0.0,0.0,0.0,1.088467171355634e-05,5
b2519,0.0035812308813075594,0.0035812308813075594,0.0035812308813075594,0.0,0.0,0.0,1.088467171355634e-05,2
b0084,0.0035812308813075594,0.0035812308813075594,0.0035812308813075594,0.0,0.0,0.0,1.088467171355634e-05,2
b4208,0.0035812308813075594,0.0035812308813075594,0.0035812308813075594,0.0,0.0,0.0,1.088467171355634e-05,5
b4209,0.001977370903505315,0.001977370903505315,0.001977370903505315,0.0,0.0,0.0,3.4398558836115023e-06,1
b0007,0.0,0.0,0.0,0.0,0.0,0.0,0.0,2
b3196,0.0013416083731974879,0.0013416083731974879,0.0013416083731974879,0.0,0.0,0.0,1.5275738445477643e-06,1
b2400,0.000919665451598219,0.000919665451598219,0.000919665451598219,0.0,0.0,0.0,7.178115422221865e-07,1
b0154,0.000919665451598219,0.000919665451598219,0.000919665451598219,0.0,0.0,0.0,7.178115422221865e-07,1
b1210,0.000919665451598219,0.000919665451598219,0.000919665451598219,0.0,0.0,0.0,7.178115422221865e-07,1
b0420,0.000730731938139266,0.000730731938139266,0.000730731938139266,0.0,0.0,0.0,4.5317596941335417e-07,1
b0155,0.0006708041865987439,0.0006708041865987439,0.0006708041865987439,0.0,0.0,0.0,3.818934611369411e-07,1
b1592,0.0006708041865987439,0.0006708041865987439,0.0006708041865987439,0.0,0.0,0.0,3.818934611369411e-07,1
b1849,3.6501611603504074,3.6501611603504074,3.6501611603504074,0.0,0.0,0.0,97.25243172571297,2
b0029,0.0005441182086109364,0.0005441182086109364,0.0005441182086109364,0.0,0.0,0.0,2.512680171566808e-07,2
b1208,0.0006157737566894932,0.0006157737566894932,0.0006157737566894932,0.0,0.0,0.0,3.2180519108625317e-07,1
b2746,0.0006157737566894932,0.0006157737566894932,0.0006157737566894932,0.0,0.0,0.0,3.2180519108625317e-07,1
b2515,0.0006157737566894932,0.0006157737566894932,0.0006157737566894932,0.0,0.0,0.0,3.2180519108625317e-07,1
b0173,0.0006157737566894932,0.0006157737566894932,0.0006157737566894932,0.0,0.0,0.0,3.2180519108625317e-07,1
b2747,0.0006157737566894932,0.0006157737566894932,0.0006157737566894932,0.0,0.0,0.0,3.2180519108625317e-07,1
b0750,0.000587163088169973,0.000587163088169973,0.000587163088169973,0.0,0.0,0.0,2.925958657700458e-07,1
b1740,0.000587163088169973,0.000587163088169973,0.000587163088169973,0.0,0.0,0.0,2.925958657700458e-07,1
b0109,0.000587163088169973,0.000587163088169973,0.000587163088169973,0.0,0.0,0.0,2.925958657700458e-07,1
b0639,0.000587163088169973,0.000587163088169973,0.000587163088169973,0.0,0.0,0.0,2.925958657700458e-07,2
b2574,0.000587163088169973,0.000587163088169973,0.000587163088169973,0.0001204040971620815,0.00012040409716209538,0.0,2.925958657700458e-07,4
b2530,0.00046524555497050313,0.00046524555497050313,0.00046524555497050313,0.0,0.0,0.0,1.8370253884243573e-07,6
b0369,0.0004598327257991095,0.0004598327257991095,0.0004598327257991095,0.0,0.0,0.0,1.7945288555554661e-07,1
b2942,0.00023146288551994902,0.00023146288551994902,0.00023146288551994902,0.0,0.0,0.0,4.546879233053619e-08,1
b1662,0.00022991636289679826,0.00022991636289679826,0.00022991636289679826,0.0,0.0,0.0,4.486322138896711e-08,1
b3041,0.00022991636289679826,0.00022991636289679826,0.00022991636289679826,0.0,0.0,0.0,4.486322138896711e-08,1
b4384,0.00017346828725493119,0.00017346828725493119,0.00017346828725493119,0.0,0.0,0.0,2.5538234732810632e-08,7
b3360,0.0001724372721744194,0.0001724372721744194,0.0001724372721744194,0.0,0.0,0.0,2.5235562031251067e-08,1
b1812,0.0001724372721744194,0.0001724372721744194,0.0001724372721744194,0.00016053879621610867,0.00016053879621610867,0.0,2.5235562031251067e-08,2
b1096,0.0001724372721744194,0.0001724372721744194,0.0001724372721744194,0.0,0.0,0.0,2.5235562031251067e-08,1
b3177,0.0001724372721744194,0.0001724372721744194,0.0001724372721744194,0.0,0.0,0.0,2.5235562031251067e-08,1
b1865,0.0001724372721752937,0.0001724372721752937,0.0001724372721752937,0.0001605387962161607,0.00016053879621616245,0.0,2.5235562031252718e-08,2
b2979,0.0001724372721752937,0.0001724372721752937,0.0001724372721752937,0.0,0.0,0.0,2.5235562031252718e-08,3
b0142,0.0001724372721744194,0.0001724372721744194,0.0001724372721744194,0.0,0.0,0.0,2.5235562031251067e-08,1
b0099,0.0001724372721752937,0.0001724372721752937,0.0001724372721752937,0.0001605387962161607,0.00016053879621616245,0.0,2.5235562031252718e-08,3
b2976,6.06851321420298,6.06851321420298,6.06851321420298,0.0,0.0,0.0,3.773486162671145,1
b1415,0.0001724372721752937,0.0001724372721752937,0.0001724372721752937,0.0,0.0,0.0,2.5235562031252718e-08,2
b4014,6.06851321420298,6.06851321420298,6.06851321420298,0.0,0.0,0.0,3.773486162671145,1
b2315,0.0001724372721744194,0.0001724372721744194,0.0001724372721744194,0.0,0.0,0.0,2.5235562031251067e-08,1
b4467,0.0001724372721752937,0.0001724372721752937,0.0001724372721752937,0.0,0.0,0.0,2.5235562031252718e-08,3
b3058,0.0001724372721752937,0.0001724372721752937,0.0001724372721752937,0.0,0.0,0.0,2.5235562031252718e-08,2
b2153,0.0001724372721752937,0.0001724372721752937,0.0001724372721752937,0.0,0.0,0.0,2.5235562031252718e-08,1
b0425,0.00014846617149422148,0.00014846617149422148,0.00014846617149422148,0.0,0.0,0.0,1.8707067480074933e-08,1
b0131,0.00014846617149422148,0.00014846617149422148,0.00014846617149422148,0.0,0.0,0.0,1.8707067480074933e-08,1
b0134,0.00014846617149431862,0.00014846617149431862,0.00014846617149431862,0.0,0.0,0.0,1.8707067480074933e-08,1
b3639,0.000148466171566497,0.000148466171566497,0.000148466171566497,0.0,0.0,0.0,1.8707067480074933e-08,2
b0133,0.00014846617149422148,0.00014846617149422148,0.00014846617149422148,0.0,0.0,0.0,1.8707067480074933e-08,1
b3974,0.00014846617149422148,0.00014846617149422148,0.00014846617149422148,0.0,0.0,0.0,1.8707067480074933e-08,1
b3634,0.000148466171566497,0.000148466171566497,0.000148466171566497,0.0,0.0,0.0,1.8707067480074933e-08,1
b0103,0.000148466171566497,0.000148466171566497,0.000148466171566497,0.0,0.0,0.0,1.8707067480074933e-08,1
b0826,0.00012578383979257833,0.00012578383979257833,0.00012578383979257833,0.0,0.0,0.0,1.3427661669291338e-08,1
b0784,0.00012578383979257833,0.00012578383979257833,0.00012578383979257833,0.0,0.0,0.0,1.3427661669291338e-08,2
b2687,0.00011547368898991031,0.00011547368898991031,0.00011547368898991031,0.0,0.0,0.0,1.1316621068233713e-08,1
b0159,0.00011547368898991031,0.00011547368898991031,0.00011547368898991031,0.011040813250822845,0.011040813250823456,0.0,1.1316621068233713e-08,3
b2615,0.0001152159350219506,0.0001152159350219506,0.0001152159350219506,0.0,0.0,0.0,1.1266156823108118e-08,1
b3804,0.00011495818144977737,0.00011495818144977737,0.00011495818144977737,0.0,0.0,0.0,1.1215805347221663e-08,1
b3805,0.00011495818144977737,0.00011495818144977737,0.00011495818144977737,0.0,0.0,0.0,1.1215805347221663e-08,1
b0414,0.00011495818144839913,0.00011495818144839913,0.00011495818144839913,0.0,0.0,0.0,1.1215805347241777e-08,2
b0415,0.00011495818144839913,0.00011495818144839913,0.00011495818144839913,0.0,0.0,0.0,1.1215805347241777e-08,1
b1277,0.00011495818144839913,0.00011495818144839913,0.00011495818144839913,0.0,0.0,0.0,1.1215805347241777e-08,1
b3816,8.325446773156404e-05,8.325446773156404e-05,8.325446773156404e-05,8.026939810805607e-05,8.026939810805694e-05,0.0,5.8825522133477875e-09,3
b3807,7.371757823909013e-05,7.371757823909013e-05,7.371757823909013e-05,0.00016053879621599765,0.00016053879621603928,0.0,4.612037313143975e-09,4
b2529,7.371757823909013e-05,7.371757823909013e-05,7.371757823909013e-05,0.0,0.0,0.0,4.612037313143975e-09,6
b0421,7.165554807856214e-05,7.165554807856214e-05,7.165554807856214e-05,0.0,0.0,0.0,4.357629856093564e-09,2
b2889,0.0,0.0,0.0,0.0,0.0,0.0,0.0,1
b2528,6.7015980217355e-05,6.7015980217355e-05,6.7015980217355e-05,0.0,0.0,0.0,3.8116010852429555e-09,2
b0781,6.289191989628917e-05,6.289191989628917e-05,6.289191989628917e-05,0.0,0.0,0.0,3.3569154173228344e-09,1
b0783,6.289191989628917e-05,6.289191989628917e-05,6.289191989628917e-05,0.0,0.0,0.0,3.3569154173228344e-09,1
b0785,6.289191989628917e-05,6.289191989628917e-05,6.289191989628917e-05,0.0,0.0,0.0,3.3569154173228344e-09,1
b0009,6.289191989628917e-05,6.289191989628917e-05,6.289191989628917e-05,0.0,0.0,0.0,3.3569154173228344e-09,1
b3803,5.7479090724888685e-05,5.7479090724888685e-05,5.7479090724888685e-05,0.0,0.0,0.0,2.803951336805416e-09,1
b3368,5.7479090724888685e-05,5.7479090724888685e-05,5.7479090724888685e-05,0.0,0.0,0.0,2.803951336805416e-09,3
b3187,5.7479090724888685e-05,5.7479090724888685e-05,5.7479090724888685e-05,0.0,0.0,0.0,2.803951336805416e-09,1
b3994,5.7479090724888685e-05,5.7479090724888685e-05,5.7479090724888685e-05,0.0,0.0,0.0,2.803951336805416e-09,1
b4407,5.7479090724888685e-05,5.7479090724888685e-05,5.7479090724888685e-05,0.0,0.0,0.0,2.803951336805416e-09,1
b0417,5.7479090724888685e-05,5.7479090724888685e-05,5.7479090724888685e-05,0.0,0.0,0.0,2.803951336805416e-09,1
b3993,5.7479090724888685e-05,5.7479090724888685e-05,5.7479090724888685e-05,0.0,0.0,0.0,2.803951336805416e-09,1
b3843,5.7479090724888685e-05,5.7479090724888685e-05,5.7479090724888685e-05,0.0,0.0,0.0,2.803951336805416e-09,1
b2311,5.7479090724888685e-05,5.7479090724888685e-05,5.7479090724888685e-05,0.0,0.0,0.0,2.803951336805416e-09,1
b3992,5.7479090724888685e-05,5.7479090724888685e-05,5.7479090724888685e-05,0.0,0.0,0.0,2.803951336805416e-09,1
b3990,5.7479090724888685e-05,5.7479090724888685e-05,5.7479090724888685e-05,0.0,0.0,0.0,2.803951336805416e-09,1
b4039,5.7479090724888685e-05,5.7479090724888685e-05,5.7479090724888685e-05,0.0,0.0,0.0,2.803951336805416e-09,1
b0423,5.7479090724888685e-05,5.7479090724888685e-05,5.7479090724888685e-05,0.0,0.0,0.0,2.803951336805416e-09,1
b3835,5.7479090724888685e-05,5.7479090724888685e-05,5.7479090724888685e-05,0.0,0.0,0.0,2.803951336805416e-09,1
b4040,5.7479090724888685e-05,5.7479090724888685e-05,5.7479090724888685e-05,0.0,0.0,0.0,2.803951336805416e-09,1
b2103,5.7479090724888685e-05,5.7479090724888685e-05,5.7479090724888685e-05,0.0,0.0,0.0,2.803951336805416e-09,2
b3850,5.7479090724888685e-05,5.7479090724888685e-05,5.7479090724888685e-05,0.00048161638864818723,0.00048161638864818723,0.0,2.803951336805416e-09,2
b2436,5.7479090724888685e-05,5.7479090724888685e-05,5.7479090724888685e-05,0.0,0.0,0.0,2.803951336805416e-09,1
b0052,5.7479090724888685e-05,5.7479090724888685e-05,5.7479090724888685e-05,0.0,0.0,0.0,2.803951336805416e-09,1
b2564,5.7479090724888685e-05,5.7479090724888685e-05,5.7479090724888685e-05,0.0,0.0,0.0,2.803951336805416e-09,1
b3991,5.7479090724888685e-05,5.7479090724888685e-05,5.7479090724888685e-05,0.0,0.0,0.0,2.803951336805416e-09,1
b0475,5.7479090724888685e-05,5.7479090724888685e-05,5.7479090724888685e-05,0.0,0.0,0.0,2.803951336805416e-09,1
b2927,5.7479090724888685e-05,5.7479090724888685e-05,5.7479090724888685e-05,0.0,0.0,0.0,2.803951336805416e-09,1
b3997,5.7479090724888685e-05,5.7479090724888685e-05,5.7479090724888685e-05,0.0,0.0,0.0,2.803951336805416e-09,1
b2320,5.7479090724888685e-05,5.7479090724888685e-05,5.7479090724888685e-05,0.0,0.0,0.0,2.803951336805416e-09,1
b0025,5.7479090723511206e-05,5.7479090723511206e-05,5.7479090723511206e-05,0.0,0.0,0.0,2.8039513368154723e-09,2
b3917,3.325023633861217e-05,3.325023633861217e-05,3.325023633861217e-05,0.0008428286801345636,0.0008428286801345844,0.0,9.382966517681618e-10,3
b0763,3.325023633861217e-05,3.325023633861217e-05,3.325023633861217e-05,0.00016053879621613643,0.00016053879621613643,0.0,9.382966517681618e-10,3
b0765,3.325023633861217e-05,3.325023633861217e-05,3.325023633861217e-05,0.00016053879621613643,0.00016053879621613643,0.0,9.382966517681618e-10,3
b0764,3.325023633861217e-05,3.325023633861217e-05,3.325023633861217e-05,0.00016053879621613643,0.00016053879621613643,0.0,9.382966517681618e-10,3
b2425,3.325023633861217e-05,3.325023633861217e-05,3.325023633861217e-05,0.0008428286801345636,0.0008428286801345844,0.0,9.382966517681618e-10,5
b2424,3.325023633861217e-05,3.325023633861217e-05,3.325023633861217e-05,0.0008428286801345636,0.0008428286801345844,0.0,9.382966517681618e-10,5
b2423,3.325023633861217e-05,3.325023633861217e-05,3.325023633861217e-05,0.0008428286801345636,0.0008428286801345844,0.0,9.382966517681618e-10,5
b2422,3.325023633861217e-05,3.325023633861217e-05,3.325023633861217e-05,0.0008428286801345636,0.0008428286801345844,0.0,9.382966517681618e-10,5
b0827,3.144595994814458e-05,3.144595994814458e-05,3.144595994814458e-05,0.03724802538728189,0.037248025387282,0.0,8.392288543307086e-10,4
b3857,3.144595994814458e-05,3.144595994814458e-05,3.144595994814458e-05,0.0,0.0,0.0,8.392288543307086e-10,5
b3856,3.144595994814458e-05,3.144595994814458e-05,3.144595994814458e-05,0.0,0.0,0.0,8.392288543307086e-10,5
b0174,1.4176457353673455e-05,1.4176457353673455e-05,1.4176457353673455e-05,0.0,0.0,0.0,1.7056351010150563e-10,1
b0776,5.155075401335146e-07,5.155075401335146e-07,5.155075401335146e-07,0.0,0.0,0.0,2.2553852575402014e-13,1
b1091,5.155075401335146e-07,5.155075401335146e-07,5.155075401335146e-07,0.0019506261971989763,0.001950626197199254,0.0,2.2553852575402014e-13,3
b0774,5.155075401335146e-07,5.155075401335146e-07,5.155075401335146e-07,0.0,0.0,0.0,2.2553852575402014e-13,1
b0775,5.155075401335146e-07,5.155075401335146e-07,5.155075401335146e-07,0.0,0.0,0.0,2.2553852575402014e-13,1
b3412,5.155075401335146e-07,5.155075401335146e-07,5.155075401335146e-07,0.0,0.0,0.0,2.2553852575402014e-13,1
b0777,5.155075401335146e-07,5.155075401335146e-07,5.155075401335146e-07,0.0,0.0,0.0,2.2553852575402014e-13,1
b0778,5.155075401335146e-07,5.155075401335146e-07,5.155075401335146e-07,0.0,0.0,0.0,2.2553852575402014e-13,1
b1288,5.155075401335146e-07,5.155075401335146e-07,5.155075401335146e-07,0.0100688657368046,0.017499307028648547,0.0,2.2553852575402014e-13,26
b0180,5.155075401335146e-07,5.155075401335146e-07,5.155075401335146e-07,0.0,0.0,0.0,2.2553852575402014e-13,14
