gene_bnumber,TB0_declared,TB1_fresh_seed_same_family,TB2_lognormal_family,TB3_absflux_rule,TB4_adversarial_max
b3735,22.681701240154617,22.681701240187294,22.681701240183813,22.68170124021291,22.68170630582486
b3736,22.681701240154617,22.681701240187294,22.681701240183813,22.68170124021291,22.68170630582486
b3737,22.681701240154617,22.681701240187294,22.681701240183813,22.68170124021291,22.68170630582486
b3738,22.681701240154617,22.681701240187294,22.681701240183813,22.68170124021291,22.68170630582486
b3739,22.681701240154617,22.681701240187294,22.681701240183813,22.68170124021291,22.68170630582486
b3732,22.681701240154617,22.681701240187294,22.681701240183813,22.68170124021291,22.68170630582486
b3733,22.681701240154617,22.681701240187294,22.681701240183813,22.68170124021291,22.68170630582486
b3734,22.681701240154617,22.681701240187294,22.681701240183813,22.68170124021291,22.68170630582486
b3731,22.681701240154617,22.681701240187294,22.681701240183813,22.68170124021291,22.68170630582486
b0875,19.079833573413218,19.079833573473948,19.07983357348335,19.07983357349414,19.07983757129309
b0241,19.079833573413218,19.079833573473948,19.07983357348335,19.07983357349414,19.07983757129309
b0957,19.079833573413218,19.079833573473948,19.07983357348335,19.07983357349414,19.07983757129309
b3875,19.079833573413218,19.079833573473948,19.07983357348335,19.07983357349414,19.07983757129309
b2215,19.079833573413218,19.079833573473948,19.07983357348335,19.07983357349414,19.07983757129309
b0929,19.079833573413218,19.079833573473948,19.07983357348335,19.07983357349414,19.07983757129309
b1377,19.079833573413218,19.079833573473948,19.07983357348335,19.07983357349414,19.07983757129309
b1319,19.079833573413218,19.079833573473948,19.07983357348335,19.07983357349414,19.07983757129309
b0431,14.288847716476127,14.288847716489954,14.288847716487517,14.288847716511292,14.28885571578055
b0432,14.288847716476127,14.288847716489954,14.288847716487517,14.288847716511292,14.28885571578055
b0430,14.288847716476127,14.288847716489954,14.288847716487517,14.288847716511292,14.28885571578055
b0429,14.288847716476127,14.288847716489954,14.288847716487517,14.288847716511292,14.28885571578055
b2285,12.666167133342014,12.666167133353007,12.666167133351465,12.666167133366187,12.666225971255784
b2283,12.666167133342014,12.666167133353007,12.666167133351465,12.666167133366187,12.666225971255784
b2286,12.666167133342014,12.666167133353007,12.666167133351465,12.666167133366187,12.666225971255784
b2276,12.666167133342014,12.666167133353007,12.666167133351465,12.666167133366187,12.666225971255784
b2281,12.666167133342014,12.666167133353007,12.666167133351465,12.666167133366187,12.666225971255784
b2277,12.666167133342014,12.666167133353007,12.666167133351465,12.666167133366187,12.666225971255784
b2278,12.666167133342014,12.666167133353007,12.666167133351465,12.666167133366187,12.666225971255784
b2279,12.666167133342014,12.666167133353007,12.666167133351465,12.666167133366187,12.666225971255784
b2287,12.666167133342014,12.666167133353007,12.666167133351465,12.666167133366187,12.666225971255784
b2288,12.666167133342014,12.666167133353007,12.666167133351465,12.666167133366187,12.666225971255784
b2284,12.666167133342014,12.666167133353007,12.666167133351465,12.666167133366187,12.666225971255784
b2282,12.666167133342014,12.666167133353007,12.666167133351465,12.666167133366187,12.666225971255784
b2280,12.666167133342014,12.666167133353007,12.666167133351465,12.666167133366187,12.666225971255784
b1779,6.792253676059778,6.79225367605974,6.792253676059641,6.792253676054244,6.792256164358719
b2926,6.792253676059778,6.79225367605974,6.792253676059641,6.792253676054244,6.792256164358719
b2779,6.07391409105014,6.07391409105341,6.073914091049916,6.073914091044172,6.073973814449646
b0755,6.07391409105014,6.07391409105341,6.073914091049916,6.073914091044172,6.073973814449646
b3612,6.07391409105014,6.07391409105341,6.073914091049916,6.073914091044172,6.073973814449646
b4395,6.07391409105014,6.07391409105341,6.073914091049916,6.073914091044172,6.073973814449646
b0451,4.515646380952978,4.5156463809603204,4.515646380956366,4.515646380959624,4.515646380999265
b2417,4.200000000000731,4.200000000000731,4.200000000000731,4.200000000000731,4.200000000000731
b1101,4.200000000000731,4.200000000000731,4.200000000000731,4.200000000000731,4.200000000000731
b2415,4.200000000000731,4.200000000000731,4.200000000000731,4.200000000000731,4.200000000000731
b2416,4.200000000000731,4.200000000000731,4.200000000000731,4.200000000000731,4.200000000000731
b1819,4.200000000000731,4.200000000000731,4.200000000000731,4.200000000000731,4.200000000000731
b1817,4.200000000000731,4.200000000000731,4.200000000000731,4.200000000000731,4.200000000000731
b1621,4.200000000000731,4.200000000000731,4.200000000000731,4.200000000000731,4.200000000000731
b1818,4.200000000000731,4.200000000000731,4.200000000000731,4.200000000000731,4.200000000000731
b1761,3.5753278660324277,3.5753278660373455,3.5753278660352814,3.575327866038763,3.575390329079278
b0116,3.2575133575983983,3.2575133576039192,3.2575133576029494,3.2575133576072393,3.2575837606521
b0115,3.2575133575983983,3.2575133576039192,3.2575133576029494,3.2575133576072393,3.2575837606521
b0114,3.2575133575983983,3.2575133576039192,3.2575133576029494,3.2575133576072393,3.2575837606521
b3916,2.425638849772171,2.4256385650987102,2.4256388497746517,2.425638849776206,2.42571424135164
b1723,2.425638849772171,2.4256385650987102,2.4256388497746517,2.425638849776206,2.42571424135164
b1773,2.425638849772171,2.4256385650987102,2.4256388497746517,2.425638849776206,2.42571424135164
b2925,2.425638849772171,2.4256385650987102,2.4256388497746517,2.425638849776206,2.42571424135164
b2097,2.425638849772171,2.4256385650987102,2.4256388497746517,2.425638849776206,2.42571424135164
b3919,3.1755600228078364,3.1755600228076624,3.1755600228083214,3.1755600228066925,3.175562511053993
b4025,2.395756668023422,2.395756668025256,2.3957566680252746,2.395756668026661,2.395764132553751
b0720,1.933341296071478,1.933341296077291,1.9333412960762404,1.9333412960842358,1.9333990358835802
b0118,1.933341296071478,1.933341296077291,1.9333412960762404,1.9333412960842358,1.9333990358835802
b1276,1.933341296071478,1.933341296077291,1.9333412960762404,1.9333412960842358,1.9333990358835802
b1136,1.933341296071478,1.933341296077291,1.9333412960762404,1.9333412960842358,1.9333925728501544
b4122,1.9198171307769805,1.9198171307852556,1.919817130784491,1.9198171307941587,1.919874870599851
b1611,1.9198171307769805,1.9198171307852556,1.919817130784491,1.9198171307941587,1.919874870599851
b1612,1.9198171307769805,1.9198171307852556,1.919817130784491,1.9198171307941587,1.919874870599851
b3236,1.9194170248607785,1.9195102574911367,1.9195102574904963,1.919417024877335,1.919578677448734
b1852,1.804243332450916,1.804243332452646,1.8042433324523475,1.8042433324550597,1.8042509305447003
b0767,1.804243332450916,1.804243332452646,1.8042433324523475,1.8042433324550597,1.8042509305447003
b2029,1.804243332450916,1.804243332452646,1.8042433324523475,1.8042433324550597,1.8042509305446257
b2501,1.4647923595942256,1.4647923595963488,1.4647923595954597,1.464792652402049,1.4648018249146322
b0722,1.484100951428485,1.4841009514341055,1.4841009514337449,1.4841009514414978,1.4841586912458409
b0723,1.484100951428485,1.4841009514341055,1.4841009514337449,1.4841009514414978,1.4841586912458409
b0724,1.484100951428485,1.4841009514341055,1.4841009514337449,1.4841009514414978,1.4841586912458409
b0721,1.484100951428485,1.4841009514341055,1.4841009514337449,1.4841009514414978,1.4841586912458409
b0726,1.483821253562093,1.4838212535675517,1.483821253567477,1.4838212535749316,1.4838725303491564
b0727,1.483821253562093,1.4838212535675517,1.483821253567477,1.4838212535749316,1.4838725303491564
b3380,0.000281370200493367,0.000281370200493367,0.000281370200493367,0.0002810852953681886,0.00028137020049332146
b4383,0.000281370200493367,0.000281370200493367,0.000281370200493367,0.0002810852953681886,0.00028137020049332146
b4094,0.0,0.0,0.0,0.0,0.0
b0728,1.2643859438579428,1.2643859438634761,1.264385943863302,1.2643859438707938,1.2644372206490413
b0729,1.2643859438579428,1.2643859438634761,1.264385943863302,1.2643859438707938,1.2644372206490413
b3956,1.2372587723515611,1.2372587723508897,1.2372587723498203,1.2372587723502928,1.2372692129354999
b0928,1.2240143049255976,1.224014304928383,1.2240143049259986,1.2240143049262753,1.2240143049435996
b1207,0.3900267594094685,0.39002675941094667,0.39002675940873255,0.39002705234409185,0.3900267594172595
b3844,0.9138845580333195,0.9138845580333195,0.9138845580333195,0.9138845580333195,0.9138845580333195
b4090,0.9092169988142178,0.9092169988128811,0.909216998813293,0.9092169988125842,0.9092195315612368
b2914,0.9092169988142178,0.9092169988128811,0.909216998813293,0.9092169988125842,0.9092195315612368
b4301,0.8783849377135822,0.8783849377157559,0.878384937715424,0.8783849377175488,0.8783900030581933
b3386,0.8783849377135822,0.8783849377157559,0.878384937715424,0.8783849377175488,0.8783900030581933
b3870,0.7569882697982837,0.7569882698010302,0.7569882697972719,0.7569882697953787,0.7569882698136869
b1297,0.7569882697982837,0.7569882698010302,0.7569882697972719,0.7569882697953787,0.7569882698136869
b2913,0.7183395851586432,0.7183395851605145,0.7183395851577836,0.7183395851576935,0.7184020487311946
b4388,0.7183395851586432,0.7183395851605145,0.7183395851577836,0.7183395851576935,0.7184020487311946
b0907,0.7183395851586432,0.7183395851605145,0.7183395851577836,0.7183395851576935,0.7184020487311946
b2465,0.5189088692849896,0.5189088692860139,0.5189088692857423,0.5189088692866985,0.518911401969507
b2464,0.0,2.9338277915402777e-07,0.0,0.0,0.0
b2935,0.5189088692849896,0.5189088692860139,0.5189088692857423,0.5189088692866985,0.518911401969507
b0008,0.0,2.9338277915402777e-07,0.0,0.0,0.0
b2551,0.46636399990867394,0.4663639999102446,0.46636399990751054,0.4663639999047695,0.4664264635226626
b3433,0.4469630437781016,0.4469630437781016,0.4469630437781016,0.4469630437781016,0.4469630437781016
b0002,0.4469630437781016,0.4469630437781016,0.4469630437781016,0.4469630437781016,0.4469630437781016
b4024,0.4469630437781016,0.4469630437781016,0.4469630437781016,0.4469630437781016,0.4469630437781016
b3940,0.4469630437781016,0.4469630437781016,0.4469630437781016,0.4469630437781016,0.4469630437781016
b2290,0.24305535553943308,0.24305535553943308,0.24305535553943308,0.24305535553943308,0.24305535553943308
b2379,0.24305535553943308,0.24305535553943308,0.24305535553943308,0.24305535553943308,0.24305535553943308
b0529,0.41338466689874875,0.41338466689989506,0.4133846668955865,0.4133846668911917,0.4135095942283672
b3493,0.40329631188719395,0.40329631188459203,0.403296311890315,0.40329631186938464,0.4032963119103252
b2987,0.40329631188719395,0.40329631188459203,0.403296311890315,0.40329631186938464,0.4032963119103252
b0078,0.3655174499481374,0.3655174499481374,0.3655174499481374,0.3655174499481374,0.36551744994806823
b0077,0.3655174499481374,0.3655174499481374,0.3655174499481374,0.3655174499481374,0.36551744994806823
b3774,0.3655174499481374,0.3655174499481374,0.3655174499481374,0.3655174499481374,0.36551744994806823
b3671,0.3655174499481374,0.3655174499481374,0.3655174499481374,0.3655174499481374,0.36551744994806823
b3670,0.3655174499481374,0.3655174499481374,0.3655174499481374,0.3655174499481374,0.36551744994806823
b3771,0.3655174499481374,0.3655174499481374,0.3655174499481374,0.3655174499481374,0.36551744994819646
b0474,1.097454030740503,1.097453737897748,1.0974540303680353,1.0974540307363312,1.0974689157960154
b2518,0.33054698833061824,0.3305472730614285,0.33054698790018877,0.3305472730580261,0.33056283630671857
b1676,0.0,0.0,0.0,0.0,0.0
b1854,0.0,0.0,0.0,0.0,0.0
b0323,0.26196569066349445,0.26196569066349445,0.26196569066351116,0.26196569066349445,0.2619656906635209
b0521,0.26196569066349445,0.26196569066349445,0.26196569066351116,0.26196569066349445,0.2619656906635209
b2874,0.26196569066349445,0.26196569066349445,0.26196569066351116,0.26196569066349445,0.2619656906635209
b4069,0.0,0.0,0.0,0.0,0.0
b0004,0.2275277340738442,0.2275277340738442,0.2275277340738442,0.2275277340738442,0.2275277340738442
b0003,0.2275277340738442,0.2275277340738442,0.2275277340738442,0.2275277340738442,0.2275277340738442
b4006,0.2269160779115882,0.2269160779123327,0.22691607791017998,0.2269160779080397,0.22691607791908075
b0126,0.21984712196834444,0.21984712196906175,0.2198471219668554,0.21984712196470657,0.2198471219758102
b0339,0.21984712196834444,0.21984712196906175,0.2198471219668554,0.21984712196470657,0.2198471219758102
b0071,0.18835958068125114,0.18835958068125114,0.18835958068125114,0.18835958068125114,0.18835958068125114
b0072,0.18835958068125114,0.18835958068125114,0.18835958068125114,0.18835958068125114,0.18835958068125114
b0074,0.18835958068125114,0.18835958068125114,0.18835958068125114,0.18835958068125114,0.18835958068125114
b4054,0.18835958068125114,0.18835958068125114,0.18835958068125114,0.18835958068125114,0.18835958068125114
b3770,0.18835958068125114,0.18835958068125114,0.18835958068125114,0.18835958068125114,0.18835958068125114
b0073,0.18835958068125114,0.18835958068125114,0.18835958068125114,0.18835958068125114,0.18835958068125114
b4005,0.18740091520899904,0.18740091520957725,0.18740091520732738,0.1874009152052007,0.1874009152163152
b2312,0.18740091520899904,0.18740091520957725,0.18740091520732738,0.1874009152052007,0.1874009152163152
b2499,0.18740091520897145,0.1874009152095512,0.18740091520734875,0.18740091520517427,0.18740091521631908
b2557,0.18740091520897145,0.1874009152095512,0.18740091520734875,0.18740091520517427,0.18740091521631908
b2476,0.18730768258682468,0.18730768258740288,0.1873076825851981,0.1873076825830205,0.18730768259416997
b1131,0.18730768258679553,0.18730768258737374,0.18730768258518798,0.1873076825829929,0.18730768259416491
b0523,0.18730768258682468,0.18730768258740288,0.1873076825851981,0.1873076825830205,0.18730768259416997
b0522,0.18730768258682468,0.18730768258740288,0.1873076825851981,0.1873076825830205,0.18730768259416997
b2500,0.1863753563650406,0.18637535636547659,0.1863753563633569,0.18637535636111596,0.18650028375065314
b3572,0.0,0.0,0.0,0.0,0.0
b1704,0.15933956826425116,0.15933956826425116,0.15933956826426593,0.15933956826425116,0.15933956826425116
b0754,0.15933956826425116,0.15933956826425116,0.15933956826426593,0.15933956826425116,0.15933956826425116
b2601,0.15933956826425116,0.15933956826425116,0.15933956826426593,0.15933956826425116,0.15933956826425116
b1693,0.15933956826425116,0.15933956826425116,0.15933956826426593,0.15933956826425116,0.15933956826425116
b3389,0.15933956826425116,0.15933956826425116,0.15933956826426593,0.15933956826425116,0.15933956826425116
b3281,0.15933956826425116,0.15933956826425116,0.15933956826426593,0.15933956826425116,0.15933956826425116
b0908,0.15933956826425116,0.15933956826425116,0.15933956826426593,0.15933956826425116,0.15933956826425116
b2329,0.15933956826425855,0.15933956826425855,0.15933956826426593,0.15933956826425855,0.15933956826425855
b3390,0.15933956826425116,0.15933956826425116,0.15933956826426593,0.15933956826425116,0.15933956826425116
b0388,0.15933956826425116,0.15933956826425116,0.15933956826426593,0.15933956826425116,0.15933956826425116
b1692,0.15933956826425116,0.15933956826425116,0.15933956826426593,0.15933956826425116,0.15933956826425116
b0171,0.15805187106138613,0.15805187106138613,0.15805187106139973,0.15805187106138613,0.15805187106140323
b0910,0.15805187106138613,0.15805187106138613,0.15805187106139973,0.15805187106138613,0.15805187106140323
b2472,0.15508765899378996,0.15508765899378996,0.15508765899378996,0.15508765899378996,0.15508765899378996
b3359,0.15508765899378996,0.15508765899378996,0.15508765899378996,0.15508765899378996,0.15508765899378996
b3809,0.15508765899378996,0.15508765899378996,0.15508765899378996,0.15508765899378996,0.15508765899378996
b0031,0.15508765899378996,0.15508765899378996,0.15508765899378996,0.15508765899378996,0.15508765899378996
b0166,0.15508765899378996,0.15508765899378996,0.15508765899378996,0.15508765899378996,0.15508765899378996
b2478,0.15508765899378996,0.15508765899378996,0.15508765899378996,0.15508765899378996,0.15508765899378996
b0221,0.14878755862047988,0.14878755862047988,0.14878755862047988,0.14878755862047988,0.14878755862047988
b3846,0.14878755862047988,0.14878755862047988,0.14878755862047988,0.14878755862047988,0.14878755862047988
b2341,0.14878755862047988,0.14878755862047988,0.14878755862047988,0.14878755862047988,0.14878755862047988
b2342,0.14878755862047988,0.14878755862047988,0.14878755862047988,0.14878755862047988,0.14878755862047988
b3845,0.14878755862047988,0.14878755862047988,0.14878755862047988,0.14878755862047988,0.14878755862047988
b2224,0.14878755862047988,0.14878755862047988,0.14878755862047988,0.14878755862047988,0.14878755862047988
b2838,0.14346995448961264,0.14346995448961264,0.14346995448961264,0.14346995448961264,0.14346995448961264
b4244,0.13829993383684897,0.13829993383684897,0.1382999338368616,0.13829993383684897,0.13829993383686684
b4245,0.13829993383684897,0.13829993383684897,0.1382999338368616,0.13829993383684897,0.13829993383686684
b3642,0.13829993383684897,0.13829993383684897,0.1382999338368616,0.13829993383684897,0.13829993383686684
b1062,0.13829993383684897,0.13829993383684897,0.1382999338368616,0.13829993383684897,0.13829993383686684
b1281,0.13829993383684897,0.13829993383684897,0.1382999338368616,0.13829993383684897,0.13829993383686684
b2599,0.13520151696338242,0.13520151696338242,0.13520151696338242,0.13520151696338242,0.13520151696338242
b2600,0.13520151696338242,0.13520151696338242,0.13520151696338242,0.13520151696338242,0.13520151696338242
b4177,0.12502243782059796,0.12502243782079905,0.12502243781846117,0.12502243781641142,0.12502243782731454
b3960,0.12366575682665054,0.12366575682665054,0.12366575682665054,0.12366575682665054,0.12366575682665054
b2818,0.12366575682665054,0.12366575682665054,0.12366575682665054,0.12366575682665054,0.12366575682665054
b4254,0.12366575682665054,0.12366575682665054,0.12366575682665054,0.12366575682665054,0.12366575682665054
b3957,0.12366575682665054,0.12366575682665054,0.12366575682665054,0.12366575682665054,0.12366575682665054
b0273,0.12366575682665054,0.12366575682665054,0.12366575682665054,0.12366575682665054,0.12366575682665054
b1748,0.12366575682665054,0.12366575682665054,0.12366575682665054,0.12366575682665054,0.12366575682665054
b3959,0.12366575682665054,0.12366575682665054,0.12366575682665054,0.12366575682665054,0.12366575682665054
b3172,0.12366575682665054,0.12366575682665054,0.12366575682665054,0.12366575682665054,0.12366575682665054
b3958,0.12366575682665054,0.12366575682665054,0.12366575682665054,0.12366575682665054,0.12366575682665054
b3772,0.12146538332710646,0.12146538332710646,0.12146538332710646,0.12146538332710646,0.12146538332710646
b3117,0.12146538332710646,0.12146538332710646,0.12146538332710646,0.12146538332710646,0.12146538332710646
b1206,0.10544484140622987,0.10544484140622987,0.10544484140622987,0.10544484140622987,0.10544484140622987
b3781,0.10363119515104394,0.10363119515104394,0.10363119515104394,0.10363119515104394,0.10363119515104394
b0888,0.10363119515104394,0.10363119515104394,0.10363119515104394,0.10363119515104394,0.10363119515104394
b2582,0.10363119515104394,0.10363119515104394,0.10363119515104394,0.10363119515104394,0.10363119515104394
b3607,0.10363119515104394,0.10363119515104394,0.10363119515104394,0.10363119515104394,0.10363119515104394
b2421,0.10363119515104394,0.10363119515104394,0.10363119515104394,0.10363119515104394,0.10363119515104394
b2414,0.10363119515104394,0.10363119515104394,0.10363119515104394,0.10363119515104394,0.10363119515104394
b2764,0.10363119515104394,0.10363119515104394,0.10363119515104394,0.10363119515104394,0.10363119515104394
b2762,0.10363119515104394,0.10363119515104394,0.10363119515104394,0.10363119515104394,0.10363119515104394
b4214,0.10363119515104394,0.10363119515104394,0.10363119515104394,0.10363119515104394,0.10363119515104394
b2763,0.10363119515104394,0.10363119515104394,0.10363119515104394,0.10363119515104394,0.10363119515104394
b2750,0.10363119515104394,0.10363119515104394,0.10363119515104394,0.10363119515104394,0.10363119515104394
b2751,0.10363119515104394,0.10363119515104394,0.10363119515104394,0.10363119515104394,0.10363119515104394
b2752,0.10363119515104394,0.10363119515104394,0.10363119515104394,0.10363119515104394,0.10363119515104394
b2507,0.10189364009436017,0.10189364009435589,0.10189364009435628,0.10189364009436017,0.10189364009435783
b3648,0.10189364009436017,0.10189364009435589,0.10189364009435628,0.10189364009436017,0.1019092033411618
b2508,0.10189364009436017,0.10189364009435589,0.10189364009435628,0.10189364009436017,0.10189364009435783
b3744,0.10078111988102575,0.10078111988102575,0.10078111988102575,0.10078111988102575,0.10078111988102575
b0242,0.09241944973263691,0.09241944973263691,0.09241944973263691,0.09241944973263691,0.09241944973263691
b0243,0.09241944973263691,0.09241944973263691,0.09241944973263691,0.09241944973263691,0.09241944973263691
b0386,0.09241944973263691,0.09241944973263691,0.09241944973263691,0.09241944973263691,0.09241944973263691
b3290,0.08160697406375234,0.08160697406375234,0.08160697406375234,0.08160697406375234,0.08160697406375234
b3849,0.08160697406375234,0.08160697406375234,0.08160697406375234,0.08160697406375234,0.08160697406375234
b1291,0.08160697406375234,0.08160697406375234,0.08160697406375234,0.08160697406375234,0.08160697406375234
b1363,0.08160697406375234,0.08160697406375234,0.08160697406375234,0.08160697406375234,0.08160697406375234
b1250,0.08160697406375234,0.08160697406375234,0.08160697406375234,0.08160697406375234,0.08160697406375234
b3747,0.08160697406375234,0.08160697406375234,0.08160697406375234,0.08160697406375234,0.08160697406375234
b2780,0.06711285502851726,0.06711285502851726,0.06711285502853251,0.06711285502851726,0.06711285502853125
b4019,0.06453495212177898,0.06453495212177898,0.06453495212177898,0.06453495212177898,0.06453495212177898
b3941,0.06453495212177898,0.06453495212177898,0.06453495212177898,0.06453495212177898,0.06453495212177898
b3829,0.06453495212177898,0.06453495212177898,0.06453495212177898,0.06453495212177898,0.06453495212177898
b3939,0.06434765071045714,0.06434765071045714,0.06434765071045714,0.06434765071045714,0.06434765071045714
b1622,0.06434765071045714,0.06434765071045714,0.06434765071045714,0.06434765071045714,0.06434765071045714
b3008,0.06434765071045714,0.06434765071045714,0.06434765071045714,0.06434765071045714,0.06434765071045714
b4013,0.06434765071045714,0.06434765071045714,0.06434765071045714,0.06434765071045714,0.06434765071045714
b0452,0.0628914658541163,0.0628914658541163,0.0628914658541163,0.0628914658541163,0.0628914658541163
b1094,0.0628914658541163,0.0628914658541163,0.0628914658541163,0.0628914658541163,0.0628914658541163
b2836,0.0628914658541163,0.0628914658541163,0.0628914658541163,0.0628914658541163,0.0628914658541163
b3608,0.0581253138695286,0.0581253138695286,0.0581253138695286,0.0581253138695286,0.0581253138695286
b2895,0.04546867184941805,0.04546867184941805,0.04546867184941805,0.04546867184941805,0.045468671849419995
b1378,0.04546867184941805,0.04546867184941805,0.04546867184941805,0.04546867184941805,0.045468671849419995
b0684,0.04546867184941805,0.04546867184941805,0.04546867184941805,0.04546867184941805,0.045468671849419995
b2026,0.03960839532591866,0.03960839532591866,0.03960839532591866,0.03960839532591866,0.03960839532591866
b2023,0.03960839532591866,0.03960839532591866,0.03960839532591866,0.03960839532591866,0.03960839532591866
b2025,0.03960839532591866,0.03960839532591866,0.03960839532591866,0.03960839532591866,0.03960839532591866
b2021,0.03960839532591866,0.03960839532591866,0.03960839532591866,0.03960839532591866,0.03960839532591866
b2024,0.03960839532591866,0.03960839532591866,0.03960839532591866,0.03960839532591866,0.03960839532591866
b2020,0.03960839532591866,0.03960839532591866,0.03960839532591866,0.03960839532591866,0.03960839532591866
b2022,0.03960839532591866,0.03960839532591866,0.03960839532591866,0.03960839532591866,0.03960839532591866
b2019,0.03960839532591866,0.03960839532591866,0.03960839532591866,0.03960839532591866,0.03960839532591866
b3176,0.03950387444906306,0.03950387444906306,0.03950387444906306,0.03950387444906306,0.03950387444906306
b3729,0.03950387444906306,0.03950387444906306,0.03950387444906306,0.03950387444906306,0.03950387444906306
b3730,0.03950387444906306,0.03950387444906306,0.03950387444906306,0.03950387444906306,0.03950387444906306
b0185,0.032539439382468914,0.032539439382468914,0.032539439382468914,0.032539439382468914,0.032539439382468914
b2316,0.032539439382468914,0.032539439382468914,0.032539439382468914,0.032539439382468914,0.032539439382468914
b3256,0.032539439382468914,0.032539439382468914,0.032539439382468914,0.032539439382468914,0.032539439382468914
b3255,0.032539439382468914,0.032539439382468914,0.032539439382468914,0.032539439382468914,0.032539439382468914
b1092,0.03253860321545326,0.03253860321545326,0.03253860321545326,0.03253860321545326,0.03253860321545326
b1093,0.0325369308814237,0.0325369308814237,0.0325369308814237,0.0325369308814237,0.0325369308814237
b1095,0.0325369308814237,0.0325369308814237,0.0325369308814237,0.0325369308814237,0.0325369308814237
b2323,0.0325369308814237,0.0325369308814237,0.0325369308814237,0.0325369308814237,0.0325369308814237
b3018,0.03144573292705815,0.03144573292705815,0.03144573292705815,0.03144573292705815,0.03144573292705815
b4041,0.03144573292705815,0.03144573292705815,0.03144573292705815,0.03144573292705815,0.03144573292705815
b4160,0.03144573292705815,0.03144573292705815,0.03144573292705815,0.03144573292705815,0.03144573292705815
b2585,0.03144573292705815,0.03144573292705815,0.03144573292705815,0.03144573292705815,0.03144573292705815
b0175,0.03144573292705815,0.03144573292705815,0.03144573292705815,0.03144573292705815,0.03144573292705815
b1262,0.023765120812253314,0.023765120812253314,0.023765120812253314,0.023765120812253314,0.023765120812253314
b1260,0.023765120812253314,0.023765120812253314,0.023765120812253314,0.023765120812253314,0.023765120812253314
b1261,0.023765120812253314,0.023765120812253314,0.023765120812253314,0.023765120812253314,0.023765120812253314
b1263,0.023765120812253314,0.023765120812253314,0.023765120812253314,0.023765120812253314,0.023765120812253314
b3708,0.023765120812253314,0.023765120812253314,0.023765120812253314,0.023765120812253314,0.023765120812253314
b1264,0.023765120812253314,0.023765120812253314,0.023765120812253314,0.023765120812253314,0.023765120812253314
b2903,0.02282924088920424,0.022829240889036567,0.02282924088851801,0.022829240886873353,0.02289170459150143
b2904,0.02282924088920424,0.022829240889036567,0.02282924088851801,0.022829240886873353,0.02289170459150143
b2905,0.02282924088920424,0.022829240889036567,0.02282924088851801,0.022829240886873353,0.02289170459150143
b0914,0.019209264831900538,0.019209264831900538,0.019209264831900538,0.019209264831900538,0.019209264831900538
b1190,0.017426556756264616,0.017426556756264616,0.017426556756264616,0.017426556756264616,0.017426556756264616
b4053,0.017426556756264616,0.017426556756264616,0.017426556756264616,0.017426556756264616,0.017426556756264616
b1215,0.01626846544071185,0.01626846544071185,0.01626846544071185,0.01626846544071185,0.01626846544071185
b3198,0.01626846544071185,0.01626846544071185,0.01626846544071185,0.01626846544071185,0.01626846544071185
b2708,0.01626846544071185,0.01626846544071185,0.01626846544071185,0.01626846544071185,0.01626846544071185
b0918,0.01626846544071185,0.01626846544071185,0.01626846544071185,0.01626846544071185,0.01626846544071185
b0096,0.0162684654407109,0.0162684654407109,0.0162684654407109,0.0162684654407109,0.0162684654407109
b3197,0.01626846544071185,0.01626846544071185,0.01626846544071185,0.01626846544071185,0.01626846544071185
b0181,0.0162684654407109,0.0162684654407109,0.0162684654407109,0.0162684654407109,0.0162684654407109
b0179,0.0162684654407109,0.0162684654407109,0.0162684654407109,0.0162684654407109,0.0162684654407109
b0085,0.011617704504176297,0.011617704504176297,0.011617704504176297,0.011617704504176297,0.011617704504176297
b0088,0.011617704504176297,0.011617704504176297,0.011617704504176297,0.011617704504176297,0.011617704504176297
b3967,0.011617704504176297,0.011617704504176297,0.011617704504176297,0.011617704504176297,0.011617704504176297
b0381,0.011617704504176297,0.011617704504176297,0.011617704504176297,0.011617704504176297,0.011617704504176297
b1278,0.011617704504176297,0.011617704504176297,0.011617704504176297,0.011617704504176297,0.011617704504176297
b0086,0.011617704504176297,0.011617704504176297,0.011617704504176297,0.011617704504176297,0.011617704504176297
b0092,0.011617704504176297,0.011617704504176297,0.011617704504176297,0.011617704504176297,0.011617704504176297
b3057,0.011617704504176297,0.011617704504176297,0.011617704504176297,0.011617704504176297,0.011617704504176297
b0841,0.011617704504176297,0.011617704504176297,0.011617704504176297,0.011617704504176297,0.011617704504176297
b3189,0.011617704504176297,0.011617704504176297,0.011617704504176297,0.011617704504176297,0.011617704504176297
b3972,0.011617704504176297,0.011617704504176297,0.011617704504176297,0.011617704504176297,0.011617704504176297
b0090,0.011617704504176297,0.011617704504176297,0.011617704504176297,0.011617704504176297,0.011617704504176297
b0087,0.011617704504176297,0.011617704504176297,0.011617704504176297,0.011617704504176297,0.011617704504176297
b0091,0.011617704504176297,0.011617704504176297,0.011617704504176297,0.011617704504176297,0.011617704504176297
b4238,0.011295362119954057,0.011295362119954057,0.011295362119954057,0.011295362119954057,0.011310925367328816
b3924,0.011295362119954057,0.011295362119954057,0.011295362119954057,0.011295362119954057,0.011310925367328816
b4237,0.011295362119954057,0.011295362119954057,0.011295362119954057,0.011295362119954057,0.011310925367328816
b1606,0.011219270921609247,0.011219270921609247,0.01121927092161204,0.011219270921609247,0.01121927092160847
b0048,0.011219270921609247,0.011219270921609247,0.01121927092161204,0.011219270921609247,0.01121927092160847
b2827,0.010939573055140355,0.010939573055140355,0.010939573055140355,0.010939573055140355,0.010939573055140355
b3640,0.010939573055141205,0.010939573055141205,0.010939573055141205,0.010939573055141205,0.010939573055142468
b1098,0.010939573055140355,0.010939573055140355,0.010939573055140355,0.010939573055140355,0.010939573055140355
b2251,0.010939573055141205,0.010939573055141205,0.010939573055141205,0.010939573055141205,0.010939573055142468
b4261,0.008134232720355924,0.008134232720355924,0.008134232720355924,0.008134232720355924,0.008134232720355924
b3200,0.008134232720355924,0.008134232720355924,0.008134232720355924,0.008134232720355924,0.008134232720355924
b3201,0.008134232720355924,0.008134232720355924,0.008134232720355924,0.008134232720355924,0.008134232720355924
b4262,0.008134232720355924,0.008134232720355924,0.008134232720355924,0.008134232720355924,0.008134232720355924
b3633,0.008134232720355924,0.008134232720355924,0.008134232720355924,0.008134232720355924,0.008134232720355924
b3199,0.008134232720355924,0.008134232720355924,0.008134232720355924,0.008134232720355924,0.008134232720355924
b0915,0.008134232720355924,0.008134232720355924,0.008134232720355924,0.008134232720355924,0.008134232720355924
b0182,0.008134232720355924,0.008134232720355924,0.008134232720355924,0.008134232720355924,0.008134232720355924
b0524,0.008134232720355924,0.008134232720355924,0.008134232720355924,0.008134232720355924,0.008134232720355924
b3040,0.006714839212666685,0.006714839212666685,0.006714839212666685,0.006714839212666685,0.006714839212666685
b0149,0.005808852252088149,0.005808852252088149,0.005808852252088149,0.005808852252088149,0.005808852252088149
b1069,0.005808852252088149,0.005808852252088149,0.005808852252088149,0.005808852252088149,0.005808852252088149
b0635,0.005808852252088149,0.005808852252088149,0.005808852252088149,0.005808852252088149,0.005808852252088149
b3396,0.005808852252088149,0.005808852252088149,0.005808852252088149,0.005808852252088149,0.005808852252088149
b2519,0.005808852252088149,0.005808852252088149,0.005808852252088149,0.005808852252088149,0.005808852252088149
b0084,0.005808852252088149,0.005808852252088149,0.005808852252088149,0.005808852252088149,0.005808852252088149
b4208,0.005808852252088149,0.005808852252088149,0.005808852252088149,0.005808852252088149,0.005808852252088149
b4209,0.0032643960259322764,0.0032643960259322764,0.0032643960259322764,0.0032643960259322764,0.0032643960259322764
b0007,0.0,0.0,0.0,0.00217612465611921,0.0
b3196,0.00217612465611921,0.00217612465611921,0.00217612465611921,0.00217612465611921,0.00217612465611921
b2400,0.0014917219544731048,0.0014917219544731048,0.0014917219544731048,0.0014917219544731048,0.0014917219544731048
b0154,0.0014917219544731048,0.0014917219544731048,0.0014917219544731048,0.0014917219544731048,0.0014917219544731048
b1210,0.0014917219544731048,0.0014917219544731048,0.0014917219544731048,0.0014917219544731048,0.0014917219544731048
b0420,0.0011852667435377972,0.0011852667435377972,0.0011852667435377972,0.0011852667435377972,0.0011852667435377972
b0155,0.001088062328059605,0.001088062328059605,0.001088062328059605,0.001088062328059605,0.001088062328059605
b1592,0.001088062328059605,0.001088062328059605,0.001088062328059605,0.001088062328059605,0.001088062328059605
b1849,0.24356541889883498,0.24356541890940353,0.24356541890898387,0.24356541892053085,0.2435674173718504
b0029,0.0008825742841657956,0.0008825742841657956,0.0008825742841657956,0.0008825742841657956,0.0008825742841657956
b1208,0.000998801499228765,0.000998801499228765,0.000998801499228765,0.000998801499228765,0.000998801499228765
b2746,0.000998801499228765,0.000998801499228765,0.000998801499228765,0.000998801499228765,0.000998801499228765
b2515,0.000998801499228765,0.000998801499228765,0.000998801499228765,0.000998801499228765,0.000998801499228765
b0173,0.000998801499228765,0.000998801499228765,0.000998801499228765,0.000998801499228765,0.000998801499228765
b2747,0.000998801499228765,0.000998801499228765,0.000998801499228765,0.000998801499228765,0.000998801499228765
b0750,0.0009523942310931677,0.0009523942308335975,0.0009523942312501532,0.0009523942307838595,0.0009523942310480926
b1740,0.0009523942310931677,0.0009523942308335975,0.0009523942312501532,0.0009523942307838595,0.0009523942310480926
b0109,0.0009523942310931677,0.0009523942308335975,0.0009523942312501532,0.0009523942307838595,0.0009523942310480926
b0639,0.0009523942310931677,0.0009523942308335975,0.0009523942312501532,0.0009523942307838595,0.0009523942310480926
b2574,0.0009523942310931677,0.0009523942308335975,0.0009523942312501532,0.0009523942307838595,0.0009523942310480926
b2530,0.0007546407308925869,0.0007546407308925869,0.0007546407308925869,0.0007546407308925869,0.0007546407308925869
b0369,0.0007458609772365524,0.0007458609772365524,0.0007458609772365524,0.0007458609772365524,0.0007458609772365524
b2942,0.00037543898966276967,0.00037543898966276967,0.00037543898966276967,0.00037543898966276967,0.00037543898966276967
b1662,0.00037293048905066037,0.00037293048905066037,0.00037293048905066037,0.00037293048905066037,0.00037293048905066037
b3041,0.00037293048905066037,0.00037293048905066037,0.00037293048905066037,0.00037293048905066037,0.00037293048905066037
b4384,0.000281370200493367,0.000281370200493367,0.000281370200493367,0.0002810852953681886,0.0002965481309938053
b3360,0.00027969786647047065,0.00027969786647047065,0.000279697866473407,0.00027969786647047065,0.0002796978664700821
b1812,0.00027969786647047065,0.00027969786647047065,0.000279697866473407,0.00027969786647047065,0.0002796978664700821
b1096,0.00027969786647047065,0.00027969786647047065,0.000279697866473407,0.00027969786647047065,0.0002796978664700821
b3177,0.00027969786647047065,0.00027969786647047065,0.000279697866473407,0.00027969786647047065,0.0002796978664700821
b1865,0.00027969786647047065,0.0002796978664718064,0.000279697866473407,0.00027969786647047065,0.0002796978664700821
b2979,0.00027969786647047065,0.0002796978664718064,0.000279697866473407,0.00027969786647047065,0.0002796978664700821
b0142,0.00027969786647047065,0.00027969786647047065,0.000279697866473407,0.00027969786647047065,0.0002796978664700821
b0099,0.00027969786647047065,0.0002796978664718064,0.000279697866473407,0.00027969786647047065,0.0002796978664700821
b2976,0.00027969786647047065,0.00027969786647345785,0.000279697866473407,0.00027969786647047065,0.000290378399208379
b1415,0.00027969786647047065,0.0002796978664718064,0.000279697866473407,0.00027969786647047065,0.0002796978664700821
b4014,0.00027969786647047065,0.00027969786647345785,0.000279697866473407,0.00027969786647047065,0.000290378399208379
b2315,0.00027969786647047065,0.00027969786647047065,0.000279697866473407,0.00027969786647047065,0.0002796978664700821
b4467,0.00027969786647047065,0.0002796978664718064,0.000279697866473407,0.00027969786647047065,0.0002796978664700821
b3058,0.00027969786647047065,0.0002796978664718064,0.000279697866473407,0.00027969786647047065,0.0002796978664700821
b2153,0.00027969786647049494,0.0002796978664718337,0.000279697866473407,0.00027969786647049494,0.0002796978664700821
b0425,0.0002408161009501697,0.0002408161009501697,0.0002408161009501697,0.0002408161009501697,0.0002408161009501697
b0131,0.0002408161009501697,0.0002408161009501697,0.0002408161009501697,0.0002408161009501697,0.0002408161009501697
b0134,0.0002408161009501697,0.0002408161009501697,0.0002408161009501697,0.0002408161009501697,0.0002408161009392895
b3639,0.0002408161009501697,0.0002408161009501697,0.0002408161009501697,0.0002408161009501697,0.0002408161009501697
b0133,0.0002408161009501697,0.0002408161009501697,0.0002408161009501697,0.0002408161009501697,0.0002408161009501697
b3974,0.0002408161009501697,0.0002408161009501697,0.0002408161009501697,0.0002408161009501697,0.0002408161009501697
b3634,0.0002408161009501697,0.0002408161009501697,0.0002408161009501697,0.0002408161009501697,0.0002408161009501697
b0103,0.0002408161009501697,0.0002408161009501697,0.0002408161009501697,0.0002408161009501697,0.0002408161009501697
b0826,0.00020402475162076728,0.00020402475162076728,0.00020402475162076728,0.00020402475162076728,0.00020402475162076728
b0784,0.00020402475162076728,0.00020402475162076728,0.00020402475162076728,0.00020402475162076728,0.00020402475162076728
b2687,0.0001873014113239685,0.0001873014113239685,0.0001873014113239685,0.0001873014113239685,0.0001873014113239685
b0159,0.0001873014113239685,0.0001873014113239685,0.0001873014113239685,0.0001873014113239685,0.0001873014113239685
b2615,0.00018688332933558538,0.00018688332865401946,0.0001868833290464833,0.0001868833299285555,0.00018688333155300607
b3804,0.0001864652443091381,0.0001864652443091381,0.0001864652443091381,0.0001864652443091381,0.0001864652443091381
b3805,0.0001864652443091381,0.0001864652443091381,0.0001864652443091381,0.0001864652443091381,0.0001864652443091381
b0414,0.00018646524452533018,0.00018646524452533018,0.00018646524452533018,0.00018646524452533018,0.00018646524452533018
b0415,0.00018646524452533018,0.00018646524452533018,0.00018646524452533018,0.00018646524452533018,0.00018646524452533018
b1277,0.00018646524452533018,0.00018646524452533018,0.00018646524452533018,0.00018646524452533018,0.00018646524452533018
b3816,0.0001350409728965237,0.0001350409728965237,0.0001350409728965237,0.0001350409728965237,0.0001350409728965237
b3807,0.00011957188312207182,0.00011957188312207182,0.00011957188312207182,0.00011957188312207182,0.00011957188312207182
b2529,0.00011957188312207182,0.00011957188312207182,0.00011957188312207182,0.00011957188312207182,0.00011957188312207182
b0421,0.00011622721506294377,0.00011622721506294377,0.00011622721506294377,0.00011622721506294377,0.00011622721506294377
b2889,0.0,0.0,0.0,0.0,0.0
b2528,0.0001087017119291581,0.0001087017119291581,0.0001087017119291581,0.0001087017119291581,0.0001087017119291581
b0781,0.00010201237581038364,0.00010201237581038364,0.00010201237581038364,0.00010201237581038364,0.00010201237581038364
b0783,0.00010201237581038364,0.00010201237581038364,0.00010201237581038364,0.00010201237581038364,0.00010201237581038364
b0785,0.00010201237581038364,0.00010201237581038364,0.00010201237581038364,0.00010201237581038364,0.00010201237581038364
b0009,0.00010201237581038364,0.00010201237581038364,0.00010201237581038364,0.00010201237581038364,0.00010201237581038364
b3803,9.323262215456905e-05,9.323262215456905e-05,9.323262215456905e-05,9.323262215456905e-05,9.323262215456905e-05
b3368,9.323262215456905e-05,9.323262215456905e-05,9.323262215456905e-05,9.323262215456905e-05,9.323262215456905e-05
b3187,9.323262215456905e-05,9.323262215456905e-05,9.323262215456905e-05,9.323262215456905e-05,9.323262215456905e-05
b3994,9.323262215456905e-05,9.323262215456905e-05,9.323262215456905e-05,9.323262215456905e-05,9.323262215456905e-05
b4407,9.323262215456905e-05,9.323262215456905e-05,9.323262215456905e-05,9.323262215456905e-05,9.323262215456905e-05
b0417,9.323262215456905e-05,9.323262215456905e-05,9.323262215456905e-05,9.323262215456905e-05,9.323262215456905e-05
b3993,9.323262215456905e-05,9.323262215456905e-05,9.323262215456905e-05,9.323262215456905e-05,9.323262215456905e-05
b3843,9.323262215456905e-05,9.323262215456905e-05,9.323262215456905e-05,9.323262215456905e-05,9.323262215456905e-05
b2311,9.323262215456905e-05,9.323262215456905e-05,9.323262215456905e-05,9.323262215456905e-05,9.323262215456905e-05
b3992,9.323262215456905e-05,9.323262215456905e-05,9.323262215456905e-05,9.323262215456905e-05,9.323262215456905e-05
b3990,9.323262215456905e-05,9.323262215456905e-05,9.323262215456905e-05,9.323262215456905e-05,9.323262215456905e-05
b4039,9.323262215456905e-05,9.323262215456905e-05,9.323262215456905e-05,9.323262215456905e-05,9.323262215456905e-05
b0423,9.323262215456905e-05,9.323262215456905e-05,9.323262215456905e-05,9.323262215456905e-05,9.323262215456905e-05
b3835,9.323262215456905e-05,9.323262215456905e-05,9.323262215456905e-05,9.323262215456905e-05,9.323262215456905e-05
b4040,9.323262215456905e-05,9.323262215456905e-05,9.323262215456905e-05,9.323262215456905e-05,9.323262215456905e-05
b2103,9.323262215456905e-05,9.323262215456905e-05,9.323262215456905e-05,9.323262215456905e-05,9.323262215456905e-05
b3850,9.323262215456905e-05,9.323262215456905e-05,9.323262215456905e-05,9.323262215456905e-05,9.323262215456905e-05
b2436,9.323262215456905e-05,9.323262215456905e-05,9.323262215456905e-05,9.323262215456905e-05,9.323262215456905e-05
b0052,9.323262215456905e-05,9.323262215456905e-05,9.323262215456905e-05,9.323262215456905e-05,9.323262215456905e-05
b2564,9.323262215456905e-05,9.323262215456905e-05,9.323262215456905e-05,9.323262215456905e-05,9.323262215456905e-05
b3991,9.323262215456905e-05,9.323262215456905e-05,9.323262215456905e-05,9.323262215456905e-05,9.323262215456905e-05
b0475,9.323262215456905e-05,9.323262215456905e-05,9.323262215456905e-05,9.323262215456905e-05,9.323262215456905e-05
b2927,9.323262215456905e-05,9.323262215456905e-05,9.323262215456905e-05,9.323262215456905e-05,9.323262215456905e-05
b3997,9.323262215456905e-05,9.323262215456905e-05,9.323262215456905e-05,9.323262215456905e-05,9.323262215456905e-05
b2320,9.323262215456905e-05,9.323262215456905e-05,9.323262215456905e-05,9.323262215456905e-05,9.323262215456905e-05
b0025,9.323262237370677e-05,9.323262237370677e-05,9.323262237370677e-05,9.323262237370677e-05,9.323262237370677e-05
b3917,5.393277245712932e-05,5.393277245712932e-05,5.393277245712932e-05,5.393277245712932e-05,5.393277245712932e-05
b0763,5.393277245712932e-05,5.393277245712932e-05,5.393277245712932e-05,5.393277245712932e-05,5.393277245712932e-05
b0765,5.393277245712932e-05,5.393277245712932e-05,5.393277245712932e-05,5.393277245712932e-05,5.393277245712932e-05
b0764,5.393277245712932e-05,5.393277245712932e-05,5.393277245712932e-05,5.393277245712932e-05,5.393277245712932e-05
b2425,5.393277245712932e-05,5.393277245712932e-05,5.393277245712932e-05,5.393277245712932e-05,5.393277245712932e-05
b2424,5.393277245712932e-05,5.393277245712932e-05,5.393277245712932e-05,5.393277245712932e-05,5.393277245712932e-05
b2423,5.393277245712932e-05,5.393277245712932e-05,5.393277245712932e-05,5.393277245712932e-05,5.393277245712932e-05
b2422,5.393277245712932e-05,5.393277245712932e-05,5.393277245712932e-05,5.393277245712932e-05,5.393277245712932e-05
b0827,5.100618790519182e-05,5.100618790519182e-05,5.100618790519182e-05,5.100618790519182e-05,5.100618790519182e-05
b3857,5.100618790519182e-05,5.100618790519182e-05,5.100618790519182e-05,5.100618790519182e-05,5.100618790519182e-05
b3856,5.100618790519182e-05,5.100618790519182e-05,5.100618790519182e-05,5.100618790519182e-05,5.100618790519182e-05
b0174,2.299459290849501e-05,2.299459290849501e-05,2.299459290849501e-05,2.299459290849501e-05,2.299459290849501e-05
b0776,8.361670148391527e-07,8.361670148391527e-07,8.361670148391527e-07,8.361670148391527e-07,8.361670148391527e-07
b1091,8.361670148391527e-07,8.361670148391527e-07,8.361670148391527e-07,8.361670148391527e-07,8.361670148391527e-07
b0774,8.361670148391527e-07,8.361670148391527e-07,8.361670148391527e-07,8.361670148391527e-07,8.361670148391527e-07
b0775,8.361670148391527e-07,8.361670148391527e-07,8.361670148391527e-07,8.361670148391527e-07,8.361670148391527e-07
b3412,8.361670148391527e-07,8.361670148391527e-07,8.361670148391527e-07,8.361670148391527e-07,8.361670148391527e-07
b0777,8.361670148391527e-07,8.361670148391527e-07,8.361670148391527e-07,8.361670148391527e-07,8.361670148391527e-07
b0778,8.361670148391527e-07,8.361670148391527e-07,8.361670148391527e-07,8.361670148391527e-07,8.361670148391527e-07
b1288,8.361670148391527e-07,8.361670148391527e-07,8.361670148391527e-07,8.361670148391527e-07,8.361670148391527e-07
b0180,8.361670148391527e-07,8.361670148391527e-07,8.361670148391527e-07,8.361670148391527e-07,8.361670148391527e-07
