g1,g2,n1,n2,chi,kappa_moma_i,kappa_moma_j,kappa_moma_ij_ifirst,kappa_moma_ij_jfirst,kappa_path_asymmetry,h_loop_ifirst,h_loop_jfirst,h_loop_asym,eps_add,kappa_i,kappa_j,kappa_ij,SL,panel
b3734,b3735,atpA,atpH,0.0,9110.51178279249,9110.51178279249,9110.51178279249,9110.51178279249,0.0,272.9656969818416,272.9656969818416,0.0,-19586.667612014615,19586.667612014615,19586.667612014615,19586.667612014615,False,A
b3734,b3736,atpA,atpF,0.0,9110.51178279249,9110.51178279249,9110.51178279249,9110.51178279249,0.0,272.9656969818416,272.9656969818416,0.0,-19586.667612014615,19586.667612014615,19586.667612014615,19586.667612014615,False,A
b3734,b3737,atpA,atpE,0.0,9110.51178279249,9110.51178279249,9110.51178279249,9110.51178279249,0.0,272.9656969818416,272.9656969818416,0.0,-19586.667612014615,19586.667612014615,19586.667612014615,19586.667612014615,False,A
b3734,b3731,atpA,atpC,0.0,9110.51178279249,9110.51178279249,9110.51178279249,9110.51178279249,0.0,272.9656969818416,272.9656969818416,0.0,-19586.667612014615,19586.667612014615,19586.667612014615,19586.667612014615,False,A
b3734,b3732,atpA,atpD,0.0,9110.51178279249,9110.51178279249,9110.51178279249,9110.51178279249,0.0,272.9656969818416,272.9656969818416,0.0,-19586.667612014615,19586.667612014615,19586.667612014615,19586.667612014615,False,A
b3734,b3733,atpA,atpG,0.0,9110.51178279249,9110.51178279249,9110.51178279249,9110.51178279249,0.0,272.9656969818416,272.9656969818416,0.0,-19586.667612014615,19586.667612014615,19586.667612014615,19586.667612014615,False,A
b3734,b3738,atpA,atpB,0.0,9110.51178279249,9110.51178279249,9110.51178279249,9110.51178279249,0.0,272.9656969818416,272.9656969818416,0.0,-19586.667612014615,19586.667612014615,19586.667612014615,19586.667612014615,False,A
b3735,b3736,atpH,atpF,0.0,9110.51178279249,9110.51178279249,9110.51178279249,9110.51178279249,0.0,272.9656969818416,272.9656969818416,0.0,-19586.667612014615,19586.667612014615,19586.667612014615,19586.667612014615,False,A
b3735,b3737,atpH,atpE,0.0,9110.51178279249,9110.51178279249,9110.51178279249,9110.51178279249,0.0,272.9656969818416,272.9656969818416,0.0,-19586.667612014615,19586.667612014615,19586.667612014615,19586.667612014615,False,A
b3735,b3731,atpH,atpC,0.0,9110.51178279249,9110.51178279249,9110.51178279249,9110.51178279249,0.0,272.9656969818416,272.9656969818416,0.0,-19586.667612014615,19586.667612014615,19586.667612014615,19586.667612014615,False,A
b3735,b3732,atpH,atpD,0.0,9110.51178279249,9110.51178279249,9110.51178279249,9110.51178279249,0.0,272.9656969818416,272.9656969818416,0.0,-19586.667612014615,19586.667612014615,19586.667612014615,19586.667612014615,False,A
b3735,b3733,atpH,atpG,0.0,9110.51178279249,9110.51178279249,9110.51178279249,9110.51178279249,0.0,272.9656969818416,272.9656969818416,0.0,-19586.667612014615,19586.667612014615,19586.667612014615,19586.667612014615,False,A
b3735,b3738,atpH,atpB,0.0,9110.51178279249,9110.51178279249,9110.51178279249,9110.51178279249,0.0,272.9656969818416,272.9656969818416,0.0,-19586.667612014615,19586.667612014615,19586.667612014615,19586.667612014615,False,A
b3736,b3737,atpF,atpE,0.0,9110.51178279249,9110.51178279249,9110.51178279249,9110.51178279249,0.0,272.9656969818416,272.9656969818416,0.0,-19586.667612014615,19586.667612014615,19586.667612014615,19586.667612014615,False,A
b3736,b3731,atpF,atpC,0.0,9110.51178279249,9110.51178279249,9110.51178279249,9110.51178279249,0.0,272.9656969818416,272.9656969818416,0.0,-19586.667612014615,19586.667612014615,19586.667612014615,19586.667612014615,False,A
b3736,b3732,atpF,atpD,0.0,9110.51178279249,9110.51178279249,9110.51178279249,9110.51178279249,0.0,272.9656969818416,272.9656969818416,0.0,-19586.667612014615,19586.667612014615,19586.667612014615,19586.667612014615,False,A
b3736,b3733,atpF,atpG,0.0,9110.51178279249,9110.51178279249,9110.51178279249,9110.51178279249,0.0,272.9656969818416,272.9656969818416,0.0,-19586.667612014615,19586.667612014615,19586.667612014615,19586.667612014615,False,A
b3736,b3738,atpF,atpB,0.0,9110.51178279249,9110.51178279249,9110.51178279249,9110.51178279249,0.0,272.9656969818416,272.9656969818416,0.0,-19586.667612014615,19586.667612014615,19586.667612014615,19586.667612014615,False,A
b3737,b3731,atpE,atpC,0.0,9110.51178279249,9110.51178279249,9110.51178279249,9110.51178279249,0.0,272.9656969818416,272.9656969818416,0.0,-19586.667612014615,19586.667612014615,19586.667612014615,19586.667612014615,False,A
b3737,b3732,atpE,atpD,0.0,9110.51178279249,9110.51178279249,9110.51178279249,9110.51178279249,0.0,272.9656969818416,272.9656969818416,0.0,-19586.667612014615,19586.667612014615,19586.667612014615,19586.667612014615,False,A
b3737,b3733,atpE,atpG,0.0,9110.51178279249,9110.51178279249,9110.51178279249,9110.51178279249,0.0,272.9656969818416,272.9656969818416,0.0,-19586.667612014615,19586.667612014615,19586.667612014615,19586.667612014615,False,A
b3737,b3738,atpE,atpB,0.0,9110.51178279249,9110.51178279249,9110.51178279249,9110.51178279249,0.0,272.9656969818416,272.9656969818416,0.0,-19586.667612014615,19586.667612014615,19586.667612014615,19586.667612014615,False,A
b3731,b3732,atpC,atpD,0.0,9110.51178279249,9110.51178279249,9110.51178279249,9110.51178279249,0.0,272.9656969818416,272.9656969818416,0.0,-19586.667612014615,19586.667612014615,19586.667612014615,19586.667612014615,False,A
b3731,b3733,atpC,atpG,0.0,9110.51178279249,9110.51178279249,9110.51178279249,9110.51178279249,0.0,272.9656969818416,272.9656969818416,0.0,-19586.667612014615,19586.667612014615,19586.667612014615,19586.667612014615,False,A
b3731,b3738,atpC,atpB,0.0,9110.51178279249,9110.51178279249,9110.51178279249,9110.51178279249,0.0,272.9656969818416,272.9656969818416,0.0,-19586.667612014615,19586.667612014615,19586.667612014615,19586.667612014615,False,A
b3732,b3733,atpD,atpG,0.0,9110.51178279249,9110.51178279249,9110.51178279249,9110.51178279249,0.0,272.9656969818416,272.9656969818416,0.0,-19586.667612014615,19586.667612014615,19586.667612014615,19586.667612014615,False,A
b3732,b3738,atpD,atpB,0.0,9110.51178279249,9110.51178279249,9110.51178279249,9110.51178279249,0.0,272.9656969818416,272.9656969818416,0.0,-19586.667612014615,19586.667612014615,19586.667612014615,19586.667612014615,False,A
b3733,b3738,atpG,atpB,0.0,9110.51178279249,9110.51178279249,9110.51178279249,9110.51178279249,0.0,272.9656969818416,272.9656969818416,0.0,-19586.667612014615,19586.667612014615,19586.667612014615,19586.667612014615,False,A
b0118,b1276,acnB,acnA,4.499917589430042e-12,2.6143788861159064e-24,5.195449018867153e-29,2689.324219918575,2689.324219918578,2.7284841053187847e-12,275.3275033840729,275.32750338407146,4.842282289388173e-12,18884.133038132593,0.0,0.0,18884.133038132593,True,ISO
b3829,b4019,metE,metH,0.0,5.195449018867153e-29,5.195449018867153e-29,3319.1789114277876,3319.1789114277876,0.0,105.54648004662042,105.54648004662042,0.0,18414.90254234409,0.0,0.0,18414.90254234409,True,ISO
b0092,b0381,ddlB,ddlA,0.0,5.195449018867153e-29,5.195449018867153e-29,1686.9163620798122,1686.9163620798122,0.0,105.77336522044095,105.77336522044095,0.0,18414.902542344058,0.0,0.0,18414.902542344058,True,ISO
b1692,b3281,ydiB,aroE,0.0,5.195449018867153e-29,5.195449018867153e-29,3315.1114573492673,3315.1114573492673,0.0,112.74803692337719,112.74803692337719,0.0,18414.902542344036,0.0,0.0,18414.902542344036,True,ISO
b0388,b3390,aroL,aroK,0.0,5.195449018867153e-29,5.195449018867153e-29,3315.1114573492673,3315.1114573492673,0.0,112.74803692337719,112.74803692337719,0.0,18414.902542344036,0.0,0.0,18414.902542344036,True,ISO
b1096,b4039,pabC,ubiC,0.0,5.195449018867153e-29,5.195449018867153e-29,1711.9302942002107,1711.9302942002107,0.0,105.49472933859093,105.49472933859093,0.0,18414.902542344025,0.0,0.0,18414.902542344025,True,ISO
b0126,b0339,|can|,cynT,0.0,5.195449018867153e-29,5.195449018867153e-29,3557.063730801869,3557.063730801869,0.0,134.36404479085124,134.36404479085124,0.0,18414.902542344018,0.0,0.0,18414.902542344018,True,ISO
b1190,b4053,dadX,alr,0.0,5.195449018867153e-29,5.195449018867153e-29,1751.1314792257053,1751.1314792257053,0.0,105.71365784611787,105.71365784611787,0.0,18414.902542344018,0.0,0.0,18414.902542344018,True,ISO
b3117,b3772,tdcB,ilvA,0.0,5.195449018867153e-29,5.195449018867153e-29,1720.7166110111646,1720.7166110111646,0.0,107.54425518627261,107.54425518627261,0.0,18414.902542344018,0.0,0.0,18414.902542344018,True,ISO
b0273,b4254,argF,argI,0.0,5.195449018867153e-29,5.195449018867153e-29,3431.8785337524564,3431.8785337524564,0.0,107.91347331261841,107.91347331261841,0.0,18414.902542344014,0.0,0.0,18414.902542344014,True,ISO
b1622,b3008,malY,metC,0.0,5.195449018867153e-29,5.195449018867153e-29,3323.8192893928585,3323.8192893928585,0.0,105.54648004662288,105.54648004662288,0.0,18414.902542344014,0.0,0.0,18414.902542344014,True,ISO
b0048,b1606,folA,folM,0.0,5.195449018867153e-29,5.195449018867153e-29,3402.299546492907,3402.299546492907,0.0,105.57447796433365,105.57447796433365,0.0,18414.902542344014,0.0,0.0,18414.902542344014,True,ISO
b0928,b4054,aspC,tyrB,0.0,5.195449018867153e-29,5.195449018867153e-29,2108.8649741966956,2108.8649741966956,0.0,163.57613922517808,163.57613922517808,0.0,18414.90254234401,0.0,0.0,18414.90254234401,True,ISO
b0674,b3744,asnB,asnA,6.2330319670813455e-12,8.326088086774327e-26,5.195449018867153e-29,3237.0154883026407,3237.0154883026607,2.000888343900442e-11,105.94346208581904,105.94346208581915,7.298936710023116e-12,18414.90254234401,0.0,0.0,18414.90254234401,True,ISO
b1761,b3213,gdhA,gltD,6.337357125619364e-13,5.195449018867153e-29,6.572318991903518e-29,1839.210537700044,1839.2105377000426,1.3642420526593924e-12,209.68988555504652,209.68988555504677,1.1434323811138764e-12,18414.90254234401,0.0,0.0,18414.90254234401,True,ISO
b1761,b3212,gdhA,gltB,6.337357125619364e-13,5.195449018867153e-29,6.572318991903518e-29,1839.210537700044,1839.2105377000426,1.3642420526593924e-12,209.68988555504652,209.68988555504677,1.1434323811138764e-12,18414.90254234401,0.0,0.0,18414.90254234401,True,ISO
b0073,b1800,leuB,dmlA,0.0,5.195449018867153e-29,5.195449018867153e-29,1722.2121153060061,1722.2121153060061,0.0,109.3132234315152,109.3132234315152,0.0,18414.902542344007,0.0,0.0,18414.902542344007,True,ISO
b0684,b2895,fldA,fldB,0.0,5.195449018867153e-29,5.195449018867153e-29,1719.5913626342162,1719.5913626342162,0.0,105.57447796433406,105.57447796433406,0.0,18414.902542344007,0.0,0.0,18414.902542344007,True,ISO
b0844,b3812,ybjI,yigB,0.0,5.195449018867153e-29,5.195449018867153e-29,3480.237551768196,3480.237551768196,0.0,107.81443847881906,107.81443847881906,0.0,18414.902542344003,0.0,0.0,18414.902542344003,True,ISO
b0099,b1865,mutT,nudB,0.0,5.195449018867153e-29,5.195449018867153e-29,1712.4587588500842,1712.4587588500842,0.0,105.49432785901703,105.49432785901703,0.0,18414.902542344003,0.0,0.0,18414.902542344003,True,ISO
b2414,b2421,cysK,cysM,0.0,5.195449018867153e-29,5.195449018867153e-29,3197.4872932192766,3197.4872932192766,0.0,107.83355043556563,107.83355043556563,0.0,18414.902542344003,0.0,0.0,18414.902542344003,True,ISO
b0002,b3940,thrA,metL,0.0,5.195449018867153e-29,5.195449018867153e-29,1567.3158843123804,1567.3158843123804,0.0,109.36326553769422,109.36326553769422,0.0,18414.902542344003,0.0,0.0,18414.902542344003,True,ISO
b0149,b3396,mrcB,mrcA,0.0,5.195449018867153e-29,5.195449018867153e-29,1707.9578449277508,1707.9578449277508,0.0,105.50651285829812,105.50651285829812,0.0,18414.902542344003,0.0,0.0,18414.902542344003,True,ISO
b2708,b3197,gutQ,kdsD,0.0,5.195449018867153e-29,5.195449018867153e-29,3208.072871385331,3208.072871385331,0.0,117.16276673179708,117.16276673179708,0.0,18414.902542343996,0.0,0.0,18414.902542343996,True,ISO
b0078,b3671,ilvH,ilvB,0.0,5.195449018867153e-29,5.195449018867153e-29,2904.001379352048,2904.001379352048,0.0,115.25725865740169,115.25725865740169,0.0,18414.902542343993,0.0,0.0,18414.902542343993,True,ISO
b0078,b3670,ilvH,ilvN,0.0,5.195449018867153e-29,5.195449018867153e-29,2904.001379352048,2904.001379352048,0.0,115.25725865740169,115.25725865740169,0.0,18414.902542343993,0.0,0.0,18414.902542343993,True,ISO
b0077,b3671,ilvI,ilvB,0.0,5.195449018867153e-29,5.195449018867153e-29,2904.001379352048,2904.001379352048,0.0,115.25725865740169,115.25725865740169,0.0,18414.902542343993,0.0,0.0,18414.902542343993,True,ISO
b0077,b3670,ilvI,ilvN,0.0,5.195449018867153e-29,5.195449018867153e-29,2904.001379352048,2904.001379352048,0.0,115.25725865740169,115.25725865740169,0.0,18414.902542343993,0.0,0.0,18414.902542343993,True,ISO
b2465,b2935,tktB,tktA,0.0,5.195449018867153e-29,5.195449018867153e-29,2836.456422999757,2836.456422999757,0.0,117.5610516445739,117.5610516445739,0.0,18414.902542343993,0.0,0.0,18414.902542343993,True,ISO
b2935,b2465,tktA,tktB,0.0,5.195449018867153e-29,5.195449018867153e-29,2836.456422999757,2836.456422999757,0.0,117.5610516445739,117.5610516445739,0.0,18414.902542343993,0.0,0.0,18414.902542343993,True,ISO+TGT
b0764,b2423,modB,cysW,0.0,5.195449018867153e-29,5.195449018867153e-29,1712.1437028912685,1712.1437028912685,0.0,105.53514628454656,105.53514628454656,0.0,18414.902542343993,0.0,0.0,18414.902542343993,True,ISO
b0764,b2422,modB,cysA,0.0,5.195449018867153e-29,5.195449018867153e-29,1712.1437028912685,1712.1437028912685,0.0,105.53514628454656,105.53514628454656,0.0,18414.902542343993,0.0,0.0,18414.902542343993,True,ISO
b0764,b2424,modB,cysU,0.0,5.195449018867153e-29,5.195449018867153e-29,1712.1437028912685,1712.1437028912685,0.0,105.53514628454656,105.53514628454656,0.0,18414.902542343993,0.0,0.0,18414.902542343993,True,ISO
b0765,b2423,modC,cysW,0.0,5.195449018867153e-29,5.195449018867153e-29,1712.1437028912685,1712.1437028912685,0.0,105.53514628454656,105.53514628454656,0.0,18414.902542343993,0.0,0.0,18414.902542343993,True,ISO
b0765,b2422,modC,cysA,0.0,5.195449018867153e-29,5.195449018867153e-29,1712.1437028912685,1712.1437028912685,0.0,105.53514628454656,105.53514628454656,0.0,18414.902542343993,0.0,0.0,18414.902542343993,True,ISO
b0765,b2424,modC,cysU,0.0,5.195449018867153e-29,5.195449018867153e-29,1712.1437028912685,1712.1437028912685,0.0,105.53514628454656,105.53514628454656,0.0,18414.902542343993,0.0,0.0,18414.902542343993,True,ISO
b0763,b2423,modA,cysW,0.0,5.195449018867153e-29,5.195449018867153e-29,1712.1437028912685,1712.1437028912685,0.0,105.53514628454656,105.53514628454656,0.0,18414.902542343993,0.0,0.0,18414.902542343993,True,ISO
b0763,b2422,modA,cysA,0.0,5.195449018867153e-29,5.195449018867153e-29,1712.1437028912685,1712.1437028912685,0.0,105.53514628454656,105.53514628454656,0.0,18414.902542343993,0.0,0.0,18414.902542343993,True,ISO
b0763,b2424,modA,cysU,0.0,5.195449018867153e-29,5.195449018867153e-29,1712.1437028912685,1712.1437028912685,0.0,105.53514628454656,105.53514628454656,0.0,18414.902542343993,0.0,0.0,18414.902542343993,True,ISO
b0171,b0910,pyrH,cmk,119.42376506555885,5.195449018867153e-29,0.22496136739493158,1623.7697356228173,1591.588887405812,32.18084821700518,121.01111329909719,121.53043779283587,119.42376506555925,18414.44416256957,0.0,0.45837977444987826,18414.902542344018,True,ISO
b0722,b2283,sdhD,nuoG,101.28580689036127,596.1252493757021,3723.284124901975,4457.314257366219,4409.743367872508,47.57088949371064,294.7488844891265,277.50572552423955,101.28580689036143,9792.82985718344,3719.237820017231,3294.285861140926,16806.3535383416,False,A
b0722,b2282,sdhD,nuoH,101.28580689036127,596.1252493757021,3723.284124901975,4457.314257366219,4409.743367872508,47.57088949371064,294.7488844891265,277.50572552423955,101.28580689036143,9792.82985718344,3719.237820017231,3294.285861140926,16806.3535383416,False,A
b0722,b2281,sdhD,nuoI,101.28580689036127,596.1252493757021,3723.284124901975,4457.314257366219,4409.743367872508,47.57088949371064,294.7488844891265,277.50572552423955,101.28580689036143,9792.82985718344,3719.237820017231,3294.285861140926,16806.3535383416,False,A
b0722,b2288,sdhD,nuoA,101.28580689036127,596.1252493757021,3723.284124901975,4457.314257366219,4409.743367872508,47.57088949371064,294.7488844891265,277.50572552423955,101.28580689036143,9792.82985718344,3719.237820017231,3294.285861140926,16806.3535383416,False,A
b0722,b2276,sdhD,nuoN,101.28580689036127,596.1252493757021,3723.284124901975,4457.314257366219,4409.743367872508,47.57088949371064,294.7488844891265,277.50572552423955,101.28580689036143,9792.82985718344,3719.237820017231,3294.285861140926,16806.3535383416,False,A
b0722,b2277,sdhD,nuoM,101.28580689036127,596.1252493757021,3723.284124901975,4457.314257366219,4409.743367872508,47.57088949371064,294.7488844891265,277.50572552423955,101.28580689036143,9792.82985718344,3719.237820017231,3294.285861140926,16806.3535383416,False,A
b0722,b2285,sdhD,nuoE,101.28580689036127,596.1252493757021,3723.284124901975,4457.314257366219,4409.743367872508,47.57088949371064,294.7488844891265,277.50572552423955,101.28580689036143,9792.82985718344,3719.237820017231,3294.285861140926,16806.3535383416,False,A
b0722,b2284,sdhD,nuoF,101.28580689036127,596.1252493757021,3723.284124901975,4457.314257366219,4409.743367872508,47.57088949371064,294.7488844891265,277.50572552423955,101.28580689036143,9792.82985718344,3719.237820017231,3294.285861140926,16806.3535383416,False,A
b0722,b2278,sdhD,nuoL,101.28580689036127,596.1252493757021,3723.284124901975,4457.314257366219,4409.743367872508,47.57088949371064,294.7488844891265,277.50572552423955,101.28580689036143,9792.82985718344,3719.237820017231,3294.285861140926,16806.3535383416,False,A
b0722,b2279,sdhD,nuoK,101.28580689036127,596.1252493757021,3723.284124901975,4457.314257366219,4409.743367872508,47.57088949371064,294.7488844891265,277.50572552423955,101.28580689036143,9792.82985718344,3719.237820017231,3294.285861140926,16806.3535383416,False,A
b0722,b2280,sdhD,nuoJ,101.28580689036127,596.1252493757021,3723.284124901975,4457.314257366219,4409.743367872508,47.57088949371064,294.7488844891265,277.50572552423955,101.28580689036143,9792.82985718344,3719.237820017231,3294.285861140926,16806.3535383416,False,A
b0722,b2287,sdhD,nuoB,101.28580689036127,596.1252493757021,3723.284124901975,4457.314257366219,4409.743367872508,47.57088949371064,294.7488844891265,277.50572552423955,101.28580689036143,9792.82985718344,3719.237820017231,3294.285861140926,16806.3535383416,False,A
b0855,b1443,potG,ydcV,0.0,5.195449018867153e-29,5.195449018867153e-29,5.195449018867153e-29,5.195449018867153e-29,0.0,2.863199319461465e-14,2.863199319461465e-14,0.0,0.0,0.0,0.0,0.0,False,ISO
b2690,b3715,yqaB,yieH,1.2887214298077575e-10,3.6050401400831916e-28,5.195449018867153e-29,2.720928284484205e-22,4.7088957662967646e-21,4.436802937848344e-21,2.2382649390601667e-12,1.6903446610365526e-10,1.696011523144158e-10,0.0,0.0,0.0,0.0,False,ISO
b2328,b3182,mepA,dacB,1.4135638189485822e-14,2.5439861277120914e-23,5.195449018867153e-29,2.5439861277120914e-23,2.5457525319777866e-23,1.7664042656951855e-26,7.678567964078306e-13,1.2881464048727275e-11,1.3341501878675588e-11,0.0,0.0,0.0,0.0,False,ISO
b0675,b0766,umpH,ybhA,1.0176538431383442e-14,5.195449018867153e-29,7.549247726011088e-27,7.483890728029564e-27,7.549247726011088e-27,6.535699798152405e-29,5.602638563943562e-13,8.093020321196229e-13,5.324259637875725e-13,0.0,0.0,0.0,0.0,False,ISO
b2134,b2328,pbpG,mepA,1.4135638189485822e-14,5.195449018867153e-29,2.5439861277120914e-23,2.5457525319777866e-23,2.5439861277120914e-23,1.7664042656951855e-26,1.2881464048727275e-11,7.678567964078306e-13,1.3341501878675588e-11,0.0,0.0,0.0,0.0,False,ISO
b3477,b4242,nikB,mgtA,2.6654145203807236e-12,5.195449018867153e-29,1.494383354711543e-23,1.0949518915370175e-26,1.5392101173133943e-25,1.4297149281596926e-25,7.324994254994768e-12,4.8614294969011855e-12,1.1676148524689172e-11,0.0,0.0,0.0,0.0,False,ISO
b0724,b2286,sdhB,nuoC,101.28580689036127,596.1252493757021,3723.284124901975,4457.314257366219,4409.743367872508,47.57088949371064,294.7488844891265,277.50572552423955,101.28580689036143,9792.82985718344,3719.237820017231,3294.285861140926,16806.3535383416,False,A
b1296,b1640,puuP,anmK,3.6368911354722755e-14,5.195449018867153e-29,3.923131542640788e-27,4.229183312100229e-27,3.923131542640788e-27,3.060517694594411e-28,2.1779144243269655e-13,1.5044588165217404e-13,1.821450800398931e-13,0.0,0.0,0.0,0.0,False,B
b2601,b1186,aroF,nhaB,3.603439411517127e-14,5.195449018867153e-29,2.4614458773410447e-29,5.822609979889852e-29,2.5267334308338505e-29,3.295876549056001e-29,5.755215123304995e-14,6.894179966357916e-14,6.275990630441315e-14,0.0,0.0,0.0,0.0,False,B
b1640,b2146,anmK,preT,3.6368911354722755e-14,3.923131542640788e-27,5.195449018867153e-29,3.923131542640788e-27,4.229183312100229e-27,3.060517694594411e-28,1.5044588165217404e-13,2.1779144243269655e-13,1.821450800398931e-13,0.0,0.0,0.0,0.0,False,B
b0934,b2280,ssuC,nuoJ,7.09207814164568e-13,5.195449018867153e-29,3723.284124901975,3723.284124901973,3723.284124901975,1.8189894035458565e-12,124.81676294043339,124.81676294043353,9.2597748096475e-13,0.0,0.0,3294.285861140926,3294.285861140926,False,X
b2288,b2284,nuoA,nuoF,0.0,3723.284124901975,3723.284124901975,3723.284124901975,3723.284124901975,0.0,124.81676294043338,124.81676294043338,0.0,-3294.285861140926,3294.285861140926,3294.285861140926,3294.285861140926,False,A
b3736,b2286,atpF,nuoC,226.48252944535557,9110.51178279249,3723.284124901975,9110.51178279249,11494.996992553932,2384.485209761442,272.96569698184186,295.15464379674967,226.4825294453556,-3240.7517372117595,19586.667612014615,3294.285861140926,19640.20173594378,False,A
b0347,b2282,mhpA,nuoH,7.09207814164568e-13,5.195449018867153e-29,3723.284124901975,3723.284124901973,3723.284124901975,1.8189894035458565e-12,124.81676294043339,124.81676294043353,9.2597748096475e-13,0.0,0.0,3294.285861140926,3294.285861140926,False,X
b2148,b4231,mglC,yjfF,9.482221009833483e-13,1.304249885482352e-24,5.195449018867153e-29,1.304249885482352e-24,8.79173221854284e-25,4.25076663628068e-25,4.136604898171607e-12,4.458444488663626e-12,5.739529595875326e-12,0.0,0.0,0.0,0.0,False,ISO
b0861,b1473,artM,yddG,5.814220793663445e-14,5.195449018867153e-29,1.5150650414148662e-27,1.1704294373196283e-27,1.5150650414148662e-27,3.4463560409523784e-28,1.8472837043979169e-13,1.417494079352413e-13,1.800025472575048e-13,0.0,0.0,0.0,0.0,False,B
b0347,b0832,mhpA,gsiD,4.9338354582428856e-14,5.195449018867153e-29,6.373401703849865e-24,6.3399243684784126e-24,6.373401703849865e-24,3.347733537145276e-26,8.529247573458993e-12,6.43362419693818e-12,1.009399828812816e-11,0.0,0.0,0.0,0.0,False,B
b1225,b1465,narH,narV,0.0,5.195449018867153e-29,5.195449018867153e-29,5.195449018867153e-29,5.195449018867153e-29,0.0,2.863199319461465e-14,2.863199319461465e-14,0.0,0.0,0.0,0.0,0.0,False,ISO
b0341,b0724,cynX,sdhB,2.0770591095758365e-12,5.195449018867153e-29,596.1252493757021,596.1252493757017,596.1252493757019,1.1368683772161603e-13,178.9227703874942,178.92277038749452,1.9629584824952013e-12,0.0,0.0,3719.237820017231,3719.237820017231,False,X
b3734,b2283,atpA,nuoG,226.48252944535557,9110.51178279249,3723.284124901975,9110.51178279249,11494.996992553932,2384.485209761442,272.96569698184186,295.15464379674967,226.4825294453556,-3240.7517372117595,19586.667612014615,3294.285861140926,19640.20173594378,False,A
b3415,b4265,gntT,idnT,5.022733166949495e-12,5.195449018867153e-29,4.5187079304942445e-24,1.9997466295948713e-24,7.966898842400146e-24,5.967152212805275e-24,5.1636935734352475e-12,7.607137602579759e-12,8.270484901092776e-12,0.0,0.0,0.0,0.0,False,ISO
b4232,b3371,fbp,frlB,0.0,5.195449018867153e-29,5.195449018867153e-29,5.195449018867153e-29,5.195449018867153e-29,0.0,2.863199319461465e-14,2.863199319461465e-14,0.0,0.0,0.0,0.0,0.0,False,B
b3664,b3714,adeQ,adeP,0.0,5.195449018867153e-29,5.195449018867153e-29,5.195449018867153e-29,5.195449018867153e-29,0.0,2.863199319461465e-14,2.863199319461465e-14,0.0,0.0,0.0,0.0,0.0,False,ISO
b2724,b2995,hycB,hybB,0.0,5.195449018867153e-29,5.195449018867153e-29,5.195449018867153e-29,5.195449018867153e-29,0.0,2.863199319461465e-14,2.863199319461465e-14,0.0,0.0,0.0,0.0,0.0,False,ISO
b0241,b0681,phoE,chiP,0.0,5.195449018867153e-29,5.195449018867153e-29,5.195449018867153e-29,5.195449018867153e-29,0.0,2.863199319461465e-14,2.863199319461465e-14,0.0,0.0,0.0,0.0,0.0,False,ISO
b2287,b2682,nuoB,ygaZ,7.09207814164568e-13,3723.284124901975,5.195449018867153e-29,3723.284124901975,3723.284124901973,1.8189894035458565e-12,124.81676294043353,124.81676294043339,9.2597748096475e-13,0.0,3294.285861140926,0.0,3294.285861140926,False,X
b2276,b2285,nuoN,nuoE,0.0,3723.284124901975,3723.284124901975,3723.284124901975,3723.284124901975,0.0,124.81676294043338,124.81676294043338,0.0,-3294.285861140926,3294.285861140926,3294.285861140926,3294.285861140926,False,A
b0726,b2283,sucA,nuoG,0.40629493749982915,177.4662597354589,3723.284124901975,3907.840701927686,3907.3396157640727,0.5010861636133086,158.81245349247462,158.80537005375507,0.4062949375006353,532.0831958060849,205.2302357589819,3294.285861140926,4031.599292705993,False,A
b0126,b1186,|can|,nhaB,3.603439411517127e-14,5.195449018867153e-29,2.4614458773410447e-29,5.822609979889852e-29,2.5267334308338505e-29,3.295876549056001e-29,5.755215123304995e-14,6.894179966357916e-14,6.275990630441315e-14,0.0,0.0,0.0,0.0,False,B
b0721,b2285,sdhC,nuoE,101.28580689036127,596.1252493757021,3723.284124901975,4457.314257366219,4409.743367872508,47.57088949371064,294.7488844891265,277.50572552423955,101.28580689036143,9792.82985718344,3719.237820017231,3294.285861140926,16806.3535383416,False,A
b2486,b2724,hyfF,hycB,0.0,5.195449018867153e-29,5.195449018867153e-29,5.195449018867153e-29,5.195449018867153e-29,0.0,2.863199319461465e-14,2.863199319461465e-14,0.0,0.0,0.0,0.0,0.0,False,ISO
b0116,b2280,lpd,nuoJ,79.43284007418254,760.3104221110207,3723.284124901975,3596.3632533561163,3651.3049099808727,54.94165662475643,193.77656860838434,194.744471276631,79.43284007418264,-1037.0039473937136,1782.1701777090755,3294.285861140926,4039.452091456288,False,A
b3654,b3664,xanP,adeQ,9.717573566572074e-11,7.1529686982320385e-22,5.195449018867153e-29,7.1529686982320385e-22,3.220967159249587e-23,6.83087198230708e-22,1.6656385303730617e-10,2.6121108171322688e-11,1.6059508522017172e-10,0.0,0.0,0.0,0.0,False,ISO
b3750,b4230,rbsC,ytfT,0.0,5.195449018867153e-29,5.195449018867153e-29,5.195449018867153e-29,5.195449018867153e-29,0.0,2.863199319461465e-14,2.863199319461465e-14,0.0,0.0,0.0,0.0,0.0,False,ISO
b0973,b2720,hyaB,hycF,0.0,5.195449018867153e-29,5.195449018867153e-29,5.195449018867153e-29,5.195449018867153e-29,0.0,2.863199319461465e-14,2.863199319461465e-14,0.0,0.0,0.0,0.0,0.0,False,ISO
b2242,b2601,glpB,aroF,9.643742510286046e-14,1.962425993169925e-24,5.195449018867153e-29,1.962425993169925e-24,1.9294326505512513e-24,3.299334261867367e-26,2.7857830703570874e-13,4.7402434351933616e-12,4.692456288469656e-12,0.0,0.0,0.0,0.0,False,B
b2784,b3650,relA,spoT,0.0,2.7547408385423013e-27,2.7547408385423013e-27,5.10445255329461e-27,5.10445255329461e-27,0.0,4.401663627411957e-13,4.401663627411957e-13,0.0,0.0,0.0,0.0,0.0,False,ISO
b1767,b1186,ansA,nhaB,3.603439411517127e-14,5.195449018867153e-29,2.4614458773410447e-29,5.822609979889852e-29,2.5267334308338505e-29,3.295876549056001e-29,5.755215123304995e-14,6.894179966357916e-14,6.275990630441315e-14,0.0,0.0,0.0,0.0,False,B
b4015,b2988,aceA,gss,1.4872434457336185e-14,6.104903059587744e-29,5.195449018867153e-29,6.104903059587744e-29,7.312285492478377e-29,1.2073824328906327e-29,1.1073649237028837e-13,5.337649543176251e-14,1.0533903304720102e-13,0.0,0.0,0.0,0.0,False,B
b3617,b2429,kbl,murP,4.4636838683453494e-13,9.289669674273573e-26,5.195449018867153e-29,9.289669674273573e-26,1.9888950663107616e-25,1.0599280988834043e-25,1.0570834051334672e-12,1.3833409729416642e-12,9.993786475742005e-13,0.0,0.0,0.0,0.0,False,B
b0126,b3396,|can|,mrcA,0.0,5.195449018867153e-29,5.195449018867153e-29,5.195449018867153e-29,5.195449018867153e-29,0.0,2.863199319461465e-14,2.863199319461465e-14,0.0,0.0,0.0,0.0,0.0,False,B
b2988,b1656,gss,sodB,0.0,5.195449018867153e-29,5.195449018867153e-29,5.195449018867153e-29,5.195449018867153e-29,0.0,2.863199319461465e-14,2.863199319461465e-14,0.0,0.0,0.0,0.0,0.0,False,B
b2871,b1640,ygeX,anmK,3.6368911354722755e-14,5.195449018867153e-29,3.923131542640788e-27,4.229183312100229e-27,3.923131542640788e-27,3.060517694594411e-28,2.1779144243269655e-13,1.5044588165217404e-13,1.821450800398931e-13,0.0,0.0,0.0,0.0,False,B
b0431,b2277,cyoB,nuoM,3.483417500548092,4404.578001075382,3723.284124901975,9419.122069367026,9461.384289142008,42.26221977498244,251.59678077533107,251.55204588087392,3.4834175005479753,-181.53889341990407,7798.596633039896,3294.285861140926,10911.343600760918,False,A
b2242,b1656,glpB,sodB,9.643742510286046e-14,1.962425993169925e-24,5.195449018867153e-29,1.962425993169925e-24,1.9294326505512513e-24,3.299334261867367e-26,2.7857830703570874e-13,4.7402434351933616e-12,4.692456288469656e-12,0.0,0.0,0.0,0.0,False,B
b1465,b0832,narV,gsiD,4.9338354582428856e-14,5.195449018867153e-29,6.373401703849865e-24,6.3399243684784126e-24,6.373401703849865e-24,3.347733537145276e-26,8.529247573458993e-12,6.43362419693818e-12,1.009399828812816e-11,0.0,0.0,0.0,0.0,False,B
b2482,b2719,hyfB,hycG,0.0,5.195449018867153e-29,5.195449018867153e-29,5.195449018867153e-29,5.195449018867153e-29,0.0,2.863199319461465e-14,2.863199319461465e-14,0.0,0.0,0.0,0.0,0.0,False,ISO
b0431,b2282,cyoB,nuoH,3.483417500548092,4404.578001075382,3723.284124901975,9419.122069367026,9461.384289142008,42.26221977498244,251.59678077533107,251.55204588087392,3.4834175005479753,-181.53889341990407,7798.596633039896,3294.285861140926,10911.343600760918,False,A
b0577,b0808,ybdG,ybiO,0.0,5.195449018867153e-29,5.195449018867153e-29,5.195449018867153e-29,5.195449018867153e-29,0.0,2.863199319461465e-14,2.863199319461465e-14,0.0,0.0,0.0,0.0,0.0,False,ISO
b1465,b0696,narV,kdpC,2.1290301899420645e-13,5.195449018867153e-29,4.197777330611382e-28,7.027883586966427e-28,4.197777330611382e-28,2.8301062563550447e-28,1.346688604764e-13,1.4370826352884164e-13,2.346908779783056e-13,0.0,0.0,0.0,0.0,False,B
b4015,b4394,aceA,yjjX,1.4872434457336185e-14,6.104903059587744e-29,5.195449018867153e-29,6.104903059587744e-29,7.312285492478377e-29,1.2073824328906327e-29,1.1073649237028837e-13,5.337649543176251e-14,1.0533903304720102e-13,0.0,0.0,0.0,0.0,False,B
b1656,b3908,sodB,sodA,0.0,5.195449018867153e-29,5.195449018867153e-29,1.113328182765367e-05,1.113328182765367e-05,0.0,0.008920662459093164,0.008920662459093164,0.0,1.0685676386289026e-05,0.0,0.0,1.0685676386289026e-05,False,ISO
b0896,b1590,dmsC,ynfH,0.0,5.195449018867153e-29,5.195449018867153e-29,5.195449018867153e-29,5.195449018867153e-29,0.0,2.863199319461465e-14,2.863199319461465e-14,0.0,0.0,0.0,0.0,0.0,False,ISO
b3925,b4232,glpX,fbp,0.0,5.195449018867153e-29,5.195449018867153e-29,5.195449018867153e-29,5.195449018867153e-29,0.0,2.863199319461465e-14,2.863199319461465e-14,0.0,0.0,0.0,0.0,0.0,False,ISO
b3011,b3733,yqhD,atpG,9.452110348717187e-07,5.195449018867153e-29,9110.51178279249,9110.511781432264,9110.51178279249,1.360225724056363e-06,272.9656969818416,272.96569698184163,9.452111198382578e-07,0.0,0.0,19586.667612014615,19586.667612014615,False,X
b3011,b3748,yqhD,rbsD,0.0,5.195449018867153e-29,5.195449018867153e-29,5.195449018867153e-29,5.195449018867153e-29,0.0,2.863199319461465e-14,2.863199319461465e-14,0.0,0.0,0.0,0.0,0.0,False,B
b1489,b3032,dosP,cpdA,7.089456680553046e-13,5.143520742198599e-25,5.195449018867153e-29,5.143520742198599e-25,7.337832631505954e-25,2.194311889307355e-25,2.5789739731506945e-12,4.083344283199776e-12,4.507029791780672e-12,0.0,0.0,0.0,0.0,False,ISO
b0430,b2276,cyoC,nuoN,3.483417500548092,4404.578001075382,3723.284124901975,9419.122069367026,9461.384289142008,42.26221977498244,251.59678077533107,251.55204588087392,3.4834175005479753,-181.53889341990407,7798.596633039896,3294.285861140926,10911.343600760918,False,A
b2918,b3590,argK,selB,0.0,5.195449018867153e-29,5.195449018867153e-29,5.195449018867153e-29,5.195449018867153e-29,0.0,2.863199319461465e-14,2.863199319461465e-14,0.0,0.0,0.0,0.0,0.0,False,ISO
b1225,b1468,narH,narZ,0.0,5.195449018867153e-29,5.195449018867153e-29,5.195449018867153e-29,5.195449018867153e-29,0.0,2.863199319461465e-14,2.863199319461465e-14,0.0,0.0,0.0,0.0,0.0,False,ISO
b2416,b2277,ptsI,nuoM,0.3656596705016677,469.65368280477867,3723.284124901975,4337.8602531341,4337.287664202542,0.5725889315581298,179.5108070291364,179.50376193611459,0.3656596705018146,188.32137244331398,448.4367692909351,3294.285861140926,3931.044002875175,False,A
b2482,b0681,hyfB,chiP,0.0,5.195449018867153e-29,5.195449018867153e-29,5.195449018867153e-29,5.195449018867153e-29,0.0,2.863199319461465e-14,2.863199319461465e-14,0.0,0.0,0.0,0.0,0.0,False,B
b1487,b3542,ddpA,dppC,1.290325268507586e-13,5.195449018867153e-29,3.2904202779531416e-28,3.3529113277890947e-25,3.4079635146387074e-25,5.505218684961278e-27,1.909045214449709e-12,1.9000802975688248e-12,2.092277494523446e-12,0.0,0.0,0.0,0.0,False,ISO
b2279,b2280,nuoK,nuoJ,0.0,3723.284124901975,3723.284124901975,3723.284124901975,3723.284124901975,0.0,124.81676294043338,124.81676294043338,0.0,-3294.285861140926,3294.285861140926,3294.285861140926,3294.285861140926,False,A
b3731,b2277,atpC,nuoM,226.48252944535557,9110.51178279249,3723.284124901975,9110.51178279249,11494.996992553932,2384.485209761442,272.96569698184186,295.15464379674967,226.4825294453556,-3240.7517372117595,19586.667612014615,3294.285861140926,19640.20173594378,False,A
b2429,b2871,murP,ygeX,0.0,5.195449018867153e-29,5.195449018867153e-29,5.195449018867153e-29,5.195449018867153e-29,0.0,2.863199319461465e-14,2.863199319461465e-14,0.0,0.0,0.0,0.0,0.0,False,B
b2416,b0721,ptsI,sdhC,28.72667239926433,469.65368280477867,596.1252493757021,964.8476179467631,1088.5044227156343,123.65680476887121,218.80178680684045,232.47645986170699,28.726672399477685,-57.50318069365312,448.4367692909351,3719.237820017231,4110.171408614513,False,A
b3738,b0721,atpB,sdhC,177.16540080371055,9110.51178279249,596.1252493757021,9754.859593108256,9998.130095920293,243.27050281203628,387.2082488576243,433.5735588520876,177.16540080371064,-3719.2378200169073,19586.667612014615,3719.237820017231,19586.66761201494,False,A
b0116,b0721,lpd,sdhC,39.84149357122622,760.3104221110207,596.1252493757021,1390.4261051977328,1472.1138437035288,81.687738505796,251.52204201051785,254.4999767006861,39.841493571226366,-1552.766293536311,1782.1701777090755,3719.237820017231,3948.6417041899954,False,A
b0934,b2842,ssuC,kduD,0.0,5.195449018867153e-29,5.195449018867153e-29,5.195449018867153e-29,5.195449018867153e-29,0.0,2.863199319461465e-14,2.863199319461465e-14,0.0,0.0,0.0,0.0,0.0,False,B
b3735,b2282,atpH,nuoH,226.48252944535557,9110.51178279249,3723.284124901975,9110.51178279249,11494.996992553932,2384.485209761442,272.96569698184186,295.15464379674967,226.4825294453556,-3240.7517372117595,19586.667612014615,3294.285861140926,19640.20173594378,False,A
b3752,b1296,rbsK,puuP,3.092187964015558e-14,7.1863105633994275e-28,5.195449018867153e-29,7.1863105633994275e-28,1.2494888522655554e-27,5.308577959256127e-28,2.1055591356725436e-13,1.4722476167870757e-13,1.5062720768925866e-13,0.0,0.0,0.0,0.0,False,B
b3617,b2415,kbl,ptsH,0.027512494580926868,9.289669674273573e-26,469.65368280477867,469.8198187847394,469.65368280477867,0.16613597996075669,54.7126703868051,54.712670386902914,0.027512494665706985,-9.094947017729282e-12,0.0,448.4367692909351,448.436769290926,False,X
b2464,b0008,talA,talB,0.0,5.195449018867153e-29,5.195449018867153e-29,2.5996210878539006e-28,2.5996210878539006e-28,0.0,1.0012428444830881e-13,1.0012428444830881e-13,0.0,0.0,0.0,0.0,0.0,False,TGT
b2601,b1640,aroF,anmK,3.6368911354722755e-14,5.195449018867153e-29,3.923131542640788e-27,4.229183312100229e-27,3.923131542640788e-27,3.060517694594411e-28,2.1779144243269655e-13,1.5044588165217404e-13,1.821450800398931e-13,0.0,0.0,0.0,0.0,False,B
b0925,b1113,ldtD,ldtC,0.0,5.195449018867153e-29,5.195449018867153e-29,5.195449018867153e-29,5.195449018867153e-29,0.0,2.863199319461465e-14,2.863199319461465e-14,0.0,0.0,0.0,0.0,0.0,False,ISO
b2481,b2721,hyfA,hycE,0.0,5.195449018867153e-29,5.195449018867153e-29,5.195449018867153e-29,5.195449018867153e-29,0.0,2.863199319461465e-14,2.863199319461465e-14,0.0,0.0,0.0,0.0,0.0,False,ISO
b0116,b3731,lpd,atpC,119.43664006550162,760.3104221110207,9110.51178279249,9217.834182553288,9614.284521080453,396.4503385271655,383.386062103771,394.2998023287213,119.43664006550162,-1775.9867486047951,1782.1701777090755,19586.667612014615,19592.851041118894,False,A
b2242,b4394,glpB,yjjX,9.643742510286046e-14,1.962425993169925e-24,5.195449018867153e-29,1.962425993169925e-24,1.9294326505512513e-24,3.299334261867367e-26,2.7857830703570874e-13,4.7402434351933616e-12,4.692456288469656e-12,0.0,0.0,0.0,0.0,False,B
b1243,b2178,oppA,yejB,0.0,5.195449018867153e-29,5.195449018867153e-29,1.481536735893901e-23,1.481536735893901e-23,0.0,8.717086043687371e-12,8.717086043687371e-12,0.0,0.0,0.0,0.0,0.0,False,ISO
