type,id,n_producers_or_mets,max_dep_ratio,max_dep_ratio_recovery,mean_dep_ratio,r_argmax_or_m_argmax,baseline_conc
component,G6P,6,0.3571426978454053,3.513644884919198e-10,0.16666712378573215,M26a,27.94388577793315
component,FBP,4,0.5962542058578024,1.0,0.39580454139870025,M22a,24.718597951598763
component,PEP,6,-0.15821397203614282,-1.3095118926275755,-0.9257459193396064,M3a,25.79790210685852
component,PYR,8,0.035750341588098,0.0,0.0089375853970245,M24a,100.0
component,AcCoA,4,0.25038295851970377,-0.24151980827460767,-0.12442556222044435,M8a,8.88454542983028
component,ALA,6,0.9001997003995007,0.0,0.5633045351075053,M5a,100.0
component,ASP,4,0.5,0.0,0.25,M17a,59.88017976029965
component,MAL,2,0.9903863060837437,0.0,0.9903863060837437,M7a,100.0
component,GLU,6,0.0,0.0,0.0,M12a,64.8198951398252
component,Glycogen,4,0.0,0.0,0.0,M13a,95.75798801598002
component,PolyP,4,0.0,0.0,0.0,M15a,94.75998501997503
component,DHAP,4,-0.003915566059467673,-0.003915566059467673,-0.003915566059467673,M21a,99.60997058001233
component,G3P,4,-0.003915566059467673,-0.003915566059467673,-0.003915566059467673,M21a,99.60997058001233
component,HK1,1,0.7139432636696387,0.0,0.7139432636696387,E1a,99.75
component,HK2,1,0.7139432636696387,0.0,0.7139432636696387,E1b,99.75
component,PFK1,1,0.7139432636696387,0.0,0.7139432636696387,E2a,99.75
component,PFK2,1,0.7139432636696387,0.0,0.7139432636696387,E2b,99.75
component,ALDO1,1,0.7139432636696386,0.0,0.7139432636696386,E3a,99.2518734375
component,ALDO2,1,0.7139432636696386,0.0,0.7139432636696386,E3b,99.2518734375
component,ALDO3,1,0.7139432636696387,0.0,0.7139432636696387,E21a,99.75
component,ALDO4,1,0.7139432636696387,0.0,0.7139432636696387,E21b,99.75
component,PYK1,1,0.7139432636696387,0.0,0.7139432636696387,E4a,99.75
component,PYK2,1,0.7139432636696387,0.0,0.7139432636696387,E4b,99.75
component,ALT1,1,0.7139432636696387,0.0,0.7139432636696387,E5a,99.75
component,ALT2,1,0.7139432636696387,0.0,0.7139432636696387,E5b,99.75
component,ALT3,1,0.7139432636696387,0.0,0.7139432636696387,E11a,99.75
component,ALT4,1,0.7139432636696387,0.0,0.7139432636696387,E11b,99.75
component,ALT5,1,0.7139432636696387,0.0,0.7139432636696387,E12a,99.75
component,ALT6,1,0.7139432636696387,0.0,0.7139432636696387,E12b,99.75
component,ASPAT1,1,0.7139432636696387,0.0,0.7139432636696387,E6a,99.75
component,ASPAT2,1,0.7139432636696387,0.0,0.7139432636696387,E6b,99.75
component,ASPAT3,1,0.7139432636696387,0.0,0.7139432636696387,E17a,99.75
component,ASPAT4,1,0.7139432636696387,0.0,0.7139432636696387,E17b,99.75
component,ALT7,1,0.7139432636696387,0.0,0.7139432636696387,E19a,99.75
component,ALT8,1,0.7139432636696387,0.0,0.7139432636696387,E19b,99.75
component,MDH1,1,0.7139432636696387,0.0,0.7139432636696387,E7a,99.75
component,MDH2,1,0.7139432636696387,0.0,0.7139432636696387,E7b,99.75
component,PDH1,1,0.7139432636696387,0.0,0.7139432636696387,E8a,99.75
component,PDH2,1,0.7139432636696387,0.0,0.7139432636696387,E8b,99.75
component,PEPC1,1,0.7139432636696387,0.0,0.7139432636696387,E9a,99.75
component,PEPC2,1,0.7139432636696387,0.0,0.7139432636696387,E9b,99.75
component,ACK1,1,0.7139432636696387,0.0,0.7139432636696387,E10a,99.75
component,ACK2,1,0.7139432636696387,0.0,0.7139432636696387,E10b,99.75
component,GLY1,1,0.7139432636696387,0.0,0.7139432636696387,E13a,99.75
component,GLY2,1,0.7139432636696387,0.0,0.7139432636696387,E13b,99.75
component,GLYP1,1,0.7139432636696387,0.0,0.7139432636696387,E14a,99.75
component,GLYP2,1,0.7139432636696387,0.0,0.7139432636696387,E14b,99.75
component,PPK1,1,0.7139432636696387,0.0,0.7139432636696387,E15a,99.75
component,PPK2,1,0.7139432636696387,0.0,0.7139432636696387,E15b,99.75
component,ACS1,1,0.7139432636696387,0.0,0.7139432636696387,E23a,99.75
component,ACS2,1,0.7139432636696387,0.0,0.7139432636696387,E23b,99.75
component,TF,2,0.6711231623220166,0.0,0.3355615811610083,G_auto,99.75
component,MAE1,1,0.7139432636696387,0.0,0.7139432636696387,E24a,99.75
component,MAE2,1,0.7139432636696387,0.0,0.7139432636696387,E24b,99.75
component,PCK1,1,0.7139432636696387,0.0,0.7139432636696387,E25a,99.75
component,PCK2,1,0.7139432636696387,0.0,0.7139432636696387,E25b,99.75
component,FBP1,1,0.7139432636696387,0.0,0.7139432636696387,E26a,99.75
component,FBP2,1,0.7139432636696387,0.0,0.7139432636696387,E26b,99.75
component,GLY3,1,0.7139432636696387,0.0,0.7139432636696387,E27a,99.75
component,GLY4,1,0.7139432636696387,0.0,0.7139432636696387,E27b,99.75
component,PPK3,1,0.7139432636696387,0.0,0.7139432636696387,E28a,99.75
component,PPK4,1,0.7139432636696387,0.0,0.7139432636696387,E28b,99.75
component,ALDO5,1,0.7139432636696387,0.0,0.7139432636696387,E29a,99.75
component,ALDO6,1,0.7139432636696387,0.0,0.7139432636696387,E29b,99.75
component,PPS1,1,0.7139432636696387,0.0,0.7139432636696387,E30a,99.75
component,PPS2,1,0.7139432636696387,0.0,0.7139432636696387,E30b,99.75
reaction,M1a,2,3.513644884919198e-10,3.513644884919198e-10,-0.3215954531336513,G6P,
reaction,M1b,2,3.513644884919198e-10,3.513644884919198e-10,-0.3215954531336513,G6P,
reaction,M2a,1,0.1953548769395981,1.0,0.1953548769395981,FBP,
reaction,M2b,1,0.1953548769395981,1.0,0.1953548769395981,FBP,
reaction,M3a,1,-0.15821397203614282,-1.3095118926275755,-0.15821397203614282,PEP,
reaction,M3b,1,-0.15821397203614282,-1.3095118926275755,-0.15821397203614282,PEP,
reaction,M4a,2,0.5022987742079836,0.20095969564900557,0.2511493871039918,ATP,
reaction,M4b,2,0.5022987742079836,0.20095969564900557,0.2511493871039918,ATP,
reaction,M5a,1,0.9001997003995007,0.0,0.9001997003995007,ALA,
reaction,M5b,1,0.9001997003995007,0.0,0.9001997003995007,ALA,
reaction,M6a,1,0.0,0.0,0.0,ASP,
reaction,M6b,1,0.0,0.0,0.0,ASP,
reaction,M7a,2,0.9903863060837437,0.0,0.49519315304187184,MAL,
reaction,M7b,2,0.9903863060837437,0.0,0.49519315304187184,MAL,
reaction,M8a,2,0.25038295851970377,0.0,0.12519147925985188,AcCoA,
reaction,M8b,2,0.25038295851970377,0.0,0.12519147925985188,AcCoA,
reaction,M9a,1,0.20049628622132598,0.20049628622132598,0.20049628622132598,OAA,
reaction,M9b,1,0.20049628622132598,0.20049628622132598,0.20049628622132598,OAA,
reaction,M10a,2,0.7725462883418287,0.870841105535429,0.5407268028171116,ATP,
reaction,M10b,2,0.7725462883418287,0.870841105535429,0.5407268028171116,ATP,
reaction,M11a,2,0.7897139049230152,0.20049628622132598,0.38628898537148254,ALA,
reaction,M11b,2,0.7897139049230152,0.20049628622132598,0.38628898537148254,ALA,
reaction,M12a,2,0.0,0.0,0.0,GLU,
reaction,M12b,2,0.0,0.0,0.0,GLU,
reaction,M13a,2,0.0,0.0,-0.32159545330933353,Glycogen,
reaction,M13b,2,0.0,0.0,-0.32159545330933353,Glycogen,
reaction,M14a,1,0.1428586731604266,3.513644884919198e-10,0.1428586731604266,G6P,
reaction,M14b,1,0.1428586731604266,3.513644884919198e-10,0.1428586731604266,G6P,
reaction,M15a,2,0.0,0.0,-0.32159545330933353,PolyP,
reaction,M15b,2,0.0,0.0,-0.32159545330933353,PolyP,
reaction,M16a,1,0.9323394810781076,0.870841105535429,0.9323394810781076,ATP,
reaction,M16b,1,0.9323394810781076,0.870841105535429,0.9323394810781076,ATP,
reaction,M17a,2,0.5,0.0,0.4627629380238369,ASP,
reaction,M17b,2,0.5,0.0,0.4627629380238369,ASP,
reaction,M18a,2,0.20049628622132598,0.20049628622132598,0.10024814311066299,OAA,
reaction,M18b,2,0.20049628622132598,0.20049628622132598,0.10024814311066299,OAA,
reaction,M19a,2,0.07092097934127894,0.0,0.03546048967063947,alphaKG,
reaction,M19b,2,0.07092097934127894,0.0,0.03546048967063947,alphaKG,
reaction,M20a,2,0.0,0.0,0.0,GLU,
reaction,M20b,2,0.0,0.0,0.0,GLU,
reaction,M21a,2,-0.003915566059467673,-0.003915566059467673,-0.003915566059467673,DHAP,
reaction,M21b,2,-0.003915566059467673,-0.003915566059467673,-0.003915566059467673,DHAP,
reaction,M22a,1,0.5962542058578024,3.338099707159657e-07,0.5962542058578024,FBP,
reaction,M22b,1,0.5962542058578024,3.338099707159657e-07,0.5962542058578024,FBP,
reaction,M23a,3,0.0,0.0,-0.38080832985975316,Pi,
reaction,M23b,3,0.0,0.0,-0.38080832985975316,Pi,
reaction,E1a,3,0.7139432636696387,0.0,0.023584119016990535,HK1,
reaction,E1b,3,0.7139432636696387,0.0,0.023584119016990535,HK2,
reaction,E2a,3,0.7139432636696387,0.0,0.23368406569938746,PFK1,
reaction,E2b,3,0.7139432636696387,0.0,0.23368406569938746,PFK2,
reaction,E3a,3,0.7139432636696386,0.0,0.20292290168608906,ALDO1,
reaction,E3b,3,0.7139432636696386,0.0,0.20292290168608906,ALDO2,
reaction,E4a,3,0.7139432636696387,0.0,0.1403010192795309,PYK1,
reaction,E4b,3,0.7139432636696387,0.0,0.1403010192795309,PYK2,
reaction,E5a,3,0.7139432636696387,0.0,0.023584119016990535,ALT1,
reaction,E5b,3,0.7139432636696387,0.0,0.023584119016990535,ALT2,
reaction,E6a,3,0.7139432636696387,0.0,0.023584119016990535,ASPAT1,
reaction,E6b,3,0.7139432636696387,0.0,0.023584119016990535,ASPAT2,
reaction,E7a,3,0.7139432636696387,0.0,0.023584119016990535,MDH1,
reaction,E7b,3,0.7139432636696387,0.0,0.023584119016990535,MDH2,
reaction,E8a,3,0.7139432636696387,0.0,0.023584119016990535,PDH1,
reaction,E8b,3,0.7139432636696387,0.0,0.023584119016990535,PDH2,
reaction,E9a,3,0.7139432636696387,0.0,0.1914786190573701,PEPC1,
reaction,E9b,3,0.7139432636696387,0.0,0.19147861905736974,PEPC2,
reaction,E10a,3,0.7139432636696387,0.0,0.05470768844344324,ACK1,
reaction,E10b,3,0.7139432636696387,0.0,0.05470768844344324,ACK2,
reaction,E11a,4,0.7139432636696387,0.20049628622132598,0.18595275418691173,ALT3,
reaction,E11b,4,0.7139432636696387,0.20049628622132598,0.18595275418691173,ALT4,
reaction,E12a,3,0.7139432636696387,0.0,0.023584119016990535,ALT5,
reaction,E12b,3,0.7139432636696387,0.0,0.023584119016990535,ALT6,
reaction,E13a,3,0.7139432636696387,0.0,0.023584119016990535,GLY1,
reaction,E13b,3,0.7139432636696387,0.0,0.023584119016990535,GLY2,
reaction,E14a,3,0.7139432636696387,0.0,0.023584119016990535,GLYP1,
reaction,E14b,3,0.7139432636696387,0.0,0.023584119016990535,GLYP2,
reaction,E15a,3,0.7139432636696387,0.0,0.01277458269961799,PPK1,
reaction,E15b,3,0.7139432636696387,0.0,0.01277458269961799,PPK2,
reaction,E17a,3,0.7139432636696387,0.0,0.023584119016990535,ASPAT3,
reaction,E17b,3,0.7139432636696387,0.0,0.023584119016990535,ASPAT4,
reaction,E19a,3,0.7139432636696387,0.0,0.023584119016990535,ALT7,
reaction,E19b,3,0.7139432636696387,0.0,0.023584119016990535,ALT8,
reaction,E21a,3,0.7139432636696387,0.0,0.23366913974417627,ALDO3,
reaction,E21b,3,0.7139432636696387,0.0,0.23366913974417627,ALDO4,
reaction,E23a,3,0.7139432636696387,0.0,0.023584119016990535,ACS1,
reaction,E23b,3,0.7139432636696387,0.0,0.023584119016990535,ACS2,
reaction,G_const,3,0.0,0.0,-0.21439696887288903,TF,
reaction,G_auto,3,0.6711231623220166,0.0418173424384228,0.16626786295225554,TF,
reaction,M24a,3,0.035750341588098,0.0,0.011916780529365999,PYR,
reaction,M24b,3,0.035750341588098,0.0,0.011916780529365999,PYR,
reaction,M25a,3,0.0,0.0,-0.6509009332033351,CO2,
reaction,M25b,3,0.0,0.0,-0.6509009332033351,CO2,
reaction,M26a,2,0.3571426978454053,3.513644884919198e-10,0.17857134892270266,G6P,
reaction,M26b,2,0.3571426978454053,3.513644884919198e-10,0.17857134892270266,G6P,
reaction,M27a,2,0.0,0.0,-0.32159545330933353,Glycogen,
reaction,M27b,2,0.0,0.0,-0.32159545330933353,Glycogen,
reaction,M28a,2,0.0,0.0,-0.32159545330933353,PolyP,
reaction,M28b,2,0.0,0.0,-0.32159545330933353,PolyP,
reaction,M29a,2,-0.003915566059467673,-0.003915566059467673,-0.003915566059467673,DHAP,
reaction,M29b,2,-0.003915566059467673,-0.003915566059467673,-0.003915566059467673,DHAP,
reaction,M30a,2,-0.6431909066186671,-0.6431909066186671,-0.9763513998050026,ADP,
reaction,M30b,2,-0.6431909066186671,-0.6431909066186671,-0.9763513998050026,ADP,
reaction,E24a,3,0.7139432636696387,0.0,0.023584119016990535,MAE1,
reaction,E24b,3,0.7139432636696387,0.0,0.023584119016990535,MAE2,
reaction,E25a,3,0.7139432636696387,0.0,0.023584119016990535,PCK1,
reaction,E25b,3,0.7139432636696387,0.0,0.023584119016990535,PCK2,
reaction,E26a,3,0.7139432636696387,0.0,0.023584119016990535,FBP1,
reaction,E26b,3,0.7139432636696387,0.0,0.023584119016990535,FBP2,
reaction,E27a,3,0.7139432636696387,0.0,0.023584119016990535,GLY3,
reaction,E27b,3,0.7139432636696387,0.0,0.023584119016990535,GLY4,
reaction,E28a,3,0.7139432636696387,0.0,0.023584119016990535,PPK3,
reaction,E28b,3,0.7139432636696387,0.0,0.023584119016990535,PPK4,
reaction,E29a,3,0.7139432636696387,0.0,0.023584119016990535,ALDO5,
reaction,E29b,3,0.7139432636696387,0.0,0.023584119016990535,ALDO6,
reaction,E30a,3,0.7139432636696387,0.0,0.023584119016990535,PPS1,
reaction,E30b,3,0.7139432636696387,0.0,0.023584119016990535,PPS2,
