network,type,component,n_producers,max_dep_ratio,max_dep_ratio_recovery,r_argmax,baseline_conc,verdict_at_0.5
E,metabolic,G6P,2,1.0,1.0,M1a,10.633547390635886,FRAGILE
E,metabolic,FBP,2,1.0,-0.33030311827387365,M2a,23.4563340107255,FRAGILE
E,metabolic,PEP,2,0.618733028054222,-0.8194957660202198,M3a,38.23662614326077,FRAGILE
E,metabolic,PYR,2,0.6340733742705433,1.0,M4a,30.468526929880834,FRAGILE
E,metabolic,AcCoA,2,1.0,0.0,M8a,5.328843733036281,FRAGILE
E,metabolic,MAL,2,-0.0050188126959002,-0.0050188126959002,M7a,99.2518734375,ROBUST
E,enzyme,HK1,1,0.7139432636696386,0.012437656054785152,E1a,99.00374375390625,FRAGILE
E,enzyme,HK2,1,0.7139432636696386,0.012437656054785152,E1b,99.00374375390625,FRAGILE
E,enzyme,PFK1,1,0.7139432636696386,-0.002506265664160357,E2a,99.00374375390625,FRAGILE
E,enzyme,PFK2,1,0.7139432636696386,-0.002506265664160357,E2b,99.00374375390625,FRAGILE
E,enzyme,ALDO1,1,0.7139432636696386,-0.002506265664160357,E3a,99.00374375390625,FRAGILE
E,enzyme,ALDO2,1,0.7139432636696386,-0.002506265664160357,E3b,99.00374375390625,FRAGILE
E,enzyme,PYK1,1,0.7139432636696386,-0.002506265664160357,E4a,99.00374375390625,FRAGILE
E,enzyme,PYK2,1,0.7139432636696386,-0.002506265664160357,E4b,99.00374375390625,FRAGILE
E,enzyme,ALT1,1,0.7139432636696387,0.0025,E5a,100.0,FRAGILE
E,enzyme,ALT2,1,0.7139432636696387,0.0025,E5b,100.0,FRAGILE
E,enzyme,ASPAT1,1,0.7139432636696386,-0.002506265664160407,E6a,99.500625,FRAGILE
E,enzyme,ASPAT2,1,0.7139432636696386,-0.002506265664160407,E6b,99.500625,FRAGILE
E,enzyme,MDH1,1,0.7139432636696386,-0.002506265664160407,E7a,99.500625,FRAGILE
E,enzyme,MDH2,1,0.7139432636696386,-0.002506265664160407,E7b,99.500625,FRAGILE
E,enzyme,PDH1,1,0.7139432636696386,-0.007537656837995145,E8a,99.00374375390625,FRAGILE
E,enzyme,PDH2,1,0.7139432636696386,-0.007537656837995145,E8b,99.00374375390625,FRAGILE
E,enzyme,PEPC1,1,0.7139432636696386,-0.005018812695900157,E9a,99.500625,FRAGILE
E,enzyme,PEPC2,1,0.7139432636696386,-0.005018812695900157,E9b,99.500625,FRAGILE
E,enzyme,ACK1,1,0.7139432636696386,-0.010062813872676837,E10a,99.00374375390625,FRAGILE
E,enzyme,ACK2,1,0.7139432636696386,-0.010062813872676837,E10b,99.00374375390625,FRAGILE
E,regulatory,TF,2,0.6661398808764273,0.0,G_auto,100.0,FRAGILE
F,metabolic,G6P,2,0.999528013644559,0.6001386630047147,M1a,13.219168408515777,FRAGILE
F,metabolic,AcCoA,2,0.5,0.0,M8a,13.150634560532424,FRAGILE
F,metabolic,ALA,4,0.0,0.0,M5a,100.0,ROBUST
F,metabolic,ASP,2,-1.2566477101559494,-1.2566477101559494,M6a,44.313518476966586,ROBUST
F,metabolic,MAL,2,0.0,0.0,M7a,100.0,ROBUST
F,enzyme,HK1,1,0.7139432636696387,0.0,E1a,100.0,FRAGILE
F,enzyme,HK2,1,0.7139432636696387,0.0,E1b,100.0,FRAGILE
F,enzyme,PFK1,1,0.7139432636696386,0.0025000000000000434,E2a,99.500625,FRAGILE
F,enzyme,PFK2,1,0.7139432636696386,0.0025000000000000434,E2b,99.500625,FRAGILE
F,enzyme,ALDO1,1,0.7139432636696386,0.0025000000000000434,E3a,99.500625,FRAGILE
F,enzyme,ALDO2,1,0.7139432636696386,0.0025000000000000434,E3b,99.500625,FRAGILE
F,enzyme,PYK1,1,0.7139432636696387,0.0025,E4a,100.0,FRAGILE
F,enzyme,PYK2,1,0.7139432636696387,0.0025,E4b,100.0,FRAGILE
F,enzyme,ALT1,1,0.7139432636696387,0.0,E5a,100.0,FRAGILE
F,enzyme,ALT2,1,0.7139432636696387,0.0,E5b,100.0,FRAGILE
F,enzyme,ALT3,1,0.7139432636696387,0.0,E11a,100.0,FRAGILE
F,enzyme,ALT4,1,0.7139432636696387,0.0,E11b,100.0,FRAGILE
F,enzyme,ASPAT1,1,0.7139432636696387,0.25646970209376546,E6a,100.0,FRAGILE
F,enzyme,ASPAT2,1,0.7139432636696387,0.25646970209376546,E6b,100.0,FRAGILE
F,enzyme,MDH1,1,0.7139432636696387,0.0,E7a,100.0,FRAGILE
F,enzyme,MDH2,1,0.7139432636696387,0.0,E7b,100.0,FRAGILE
F,enzyme,PDH1,1,0.7139432636696387,0.0,E8a,100.0,FRAGILE
F,enzyme,PDH2,1,0.7139432636696387,0.0,E8b,100.0,FRAGILE
F,enzyme,PEPC1,1,0.7139432636696387,0.0025,E9a,100.0,FRAGILE
F,enzyme,PEPC2,1,0.7139432636696387,0.0025,E9b,100.0,FRAGILE
F,enzyme,ACK1,1,0.7139432636696386,0.0,E10a,99.500625,FRAGILE
F,enzyme,ACK2,1,0.7139432636696386,0.0,E10b,99.500625,FRAGILE
F,regulatory,TF,2,0.6718155884205568,0.0025,G_auto,100.0,FRAGILE
G,metabolic,G6P,4,0.5,0.0,M14a,7.984023968039954,FRAGILE
G,metabolic,FBP,2,1.0,0.0,M2a,14.606174021670594,FRAGILE
G,metabolic,PEP,2,0.4992485481332142,-0.05495730275220155,M3a,59.49905742651788,ROBUST
G,metabolic,AcCoA,2,0.5,0.0,M8a,13.320013320013324,FRAGILE
G,metabolic,ALA,4,0.0,0.0,M5a,100.0,ROBUST
G,metabolic,ASP,2,0.0,0.0,M6a,100.0,ROBUST
G,metabolic,MAL,2,0.0,0.0,M7a,100.0,ROBUST
G,metabolic,GLU,2,0.0,0.0,M12a,99.75,ROBUST
G,metabolic,Glycogen,2,1.0,0.0,M13a,95.75798801598002,FRAGILE
G,metabolic,PolyP,2,1.0,0.04450221961561716,M15a,7.523998295024331,FRAGILE
G,enzyme,HK1,1,0.7139432636696387,0.0,E1a,99.75,FRAGILE
G,enzyme,HK2,1,0.7139432636696387,0.0,E1b,99.75,FRAGILE
G,enzyme,PFK1,1,0.7139432636696387,0.0,E2a,99.75,FRAGILE
G,enzyme,PFK2,1,0.7139432636696387,0.0,E2b,99.75,FRAGILE
G,enzyme,ALDO1,1,0.7139432636696386,0.0,E3a,99.2518734375,FRAGILE
G,enzyme,ALDO2,1,0.7139432636696386,0.0,E3b,99.2518734375,FRAGILE
G,enzyme,PYK1,1,0.7139432636696387,0.0,E4a,99.75,FRAGILE
G,enzyme,PYK2,1,0.7139432636696387,0.0,E4b,99.75,FRAGILE
G,enzyme,ALT1,1,0.7139432636696387,0.0,E5a,99.75,FRAGILE
G,enzyme,ALT2,1,0.7139432636696387,0.0,E5b,99.75,FRAGILE
G,enzyme,ALT3,1,0.7139432636696387,0.0,E11a,99.75,FRAGILE
G,enzyme,ALT4,1,0.7139432636696387,0.0,E11b,99.75,FRAGILE
G,enzyme,ALT5,1,0.7139432636696387,0.0,E12a,99.75,FRAGILE
G,enzyme,ALT6,1,0.7139432636696387,0.0,E12b,99.75,FRAGILE
G,enzyme,ASPAT1,1,0.7139432636696388,0.12489610479586746,E6a,73.28193199614212,FRAGILE
G,enzyme,ASPAT2,1,0.7139432636696388,0.12489610479586746,E6b,73.28193199614212,FRAGILE
G,enzyme,MDH1,1,0.7139432636696388,0.19194470026282012,E7a,73.28193199614212,FRAGILE
G,enzyme,MDH2,1,0.7139432636696388,0.19194470026282012,E7b,73.28193199614212,FRAGILE
G,enzyme,PDH1,1,0.7139432636696387,0.0,E8a,99.75,FRAGILE
G,enzyme,PDH2,1,0.7139432636696387,0.0,E8b,99.75,FRAGILE
G,enzyme,PEPC1,1,0.7139432636696387,0.0,E9a,99.75,FRAGILE
G,enzyme,PEPC2,1,0.7139432636696387,0.0,E9b,99.75,FRAGILE
G,enzyme,ACK1,1,0.7139432636696387,0.0,E10a,99.75,FRAGILE
G,enzyme,ACK2,1,0.7139432636696387,0.0,E10b,99.75,FRAGILE
G,enzyme,GLY1,1,0.7139432636696387,0.0,E13a,99.75,FRAGILE
G,enzyme,GLY2,1,0.7139432636696387,0.0,E13b,99.75,FRAGILE
G,enzyme,GLYP1,1,0.7139432636696387,0.0,E14a,99.75,FRAGILE
G,enzyme,GLYP2,1,0.7139432636696387,0.0,E14b,99.75,FRAGILE
G,enzyme,PPK1,1,0.7139432636696387,0.0,E15a,99.75,FRAGILE
G,enzyme,PPK2,1,0.7139432636696387,0.0,E15b,99.75,FRAGILE
G,regulatory,TF,2,0.6484625988558015,0.0,G_auto,99.75,FRAGILE
H,metabolic,G6P,4,0.5,0.0,M14a,7.984023968039954,FRAGILE
H,metabolic,FBP,2,1.0,0.0,M2a,14.606174021670594,FRAGILE
H,metabolic,PEP,2,0.4992485481331939,-0.05495730275329581,M3a,59.49905742651788,ROBUST
H,metabolic,AcCoA,2,0.5,0.0,M8a,13.320013320013324,FRAGILE
H,metabolic,ALA,4,0.0,0.0,M5a,100.0,ROBUST
H,metabolic,ASP,4,0.0,0.0,M6a,100.0,ROBUST
H,metabolic,MAL,2,0.0,0.0,M7a,100.0,ROBUST
H,metabolic,GLU,4,0.0,0.0,M12a,69.80991011985017,ROBUST
H,metabolic,Glycogen,2,1.0,0.0,M13a,95.75798801598002,FRAGILE
H,metabolic,PolyP,2,1.0,0.04449418091615136,M15a,7.523934995398241,FRAGILE
H,enzyme,HK1,1,0.7139432636696387,0.0,E1a,99.75,FRAGILE
H,enzyme,HK2,1,0.7139432636696387,0.0,E1b,99.75,FRAGILE
H,enzyme,PFK1,1,0.7139432636696387,0.0,E2a,99.75,FRAGILE
H,enzyme,PFK2,1,0.7139432636696387,0.0,E2b,99.75,FRAGILE
H,enzyme,ALDO1,1,0.7139432636696386,0.0,E3a,99.2518734375,FRAGILE
H,enzyme,ALDO2,1,0.7139432636696386,0.0,E3b,99.2518734375,FRAGILE
H,enzyme,PYK1,1,0.7139432636696387,0.0,E4a,99.75,FRAGILE
H,enzyme,PYK2,1,0.7139432636696387,0.0,E4b,99.75,FRAGILE
H,enzyme,ALT1,1,0.7139432636696387,0.0,E5a,99.75,FRAGILE
H,enzyme,ALT2,1,0.7139432636696387,0.0,E5b,99.75,FRAGILE
H,enzyme,ALT3,1,0.7139432636696387,0.0,E11a,99.75,FRAGILE
H,enzyme,ALT4,1,0.7139432636696387,0.0,E11b,99.75,FRAGILE
H,enzyme,ALT5,1,0.7139432636696387,0.0,E12a,99.75,FRAGILE
H,enzyme,ALT6,1,0.7139432636696387,0.0,E12b,99.75,FRAGILE
H,enzyme,ASPAT1,1,0.7139432636696383,0.2915542211075296,E6a,63.18736256778467,FRAGILE
H,enzyme,ASPAT2,1,0.7139432636696383,0.2915542211075296,E6b,63.18736256778467,FRAGILE
H,enzyme,ASPAT3,1,0.7139432636696387,0.0,E17a,99.75,FRAGILE
H,enzyme,ASPAT4,1,0.7139432636696387,0.0,E17b,99.75,FRAGILE
H,enzyme,MDH1,1,0.7139432636696383,0.3019469908783775,E7a,63.18736256778467,FRAGILE
H,enzyme,MDH2,1,0.7139432636696383,0.3019469908783775,E7b,63.18736256778467,FRAGILE
H,enzyme,PDH1,1,0.7139432636696387,0.0,E8a,99.75,FRAGILE
H,enzyme,PDH2,1,0.7139432636696387,0.0,E8b,99.75,FRAGILE
H,enzyme,PEPC1,1,0.7139432636696387,0.0,E9a,99.75,FRAGILE
H,enzyme,PEPC2,1,0.7139432636696387,0.0,E9b,99.75,FRAGILE
H,enzyme,ACK1,1,0.7139432636696387,0.0,E10a,99.75,FRAGILE
H,enzyme,ACK2,1,0.7139432636696387,0.0,E10b,99.75,FRAGILE
H,enzyme,GLY1,1,0.7139432636696387,0.0,E13a,99.75,FRAGILE
H,enzyme,GLY2,1,0.7139432636696387,0.0,E13b,99.75,FRAGILE
H,enzyme,GLYP1,1,0.7139432636696387,0.0,E14a,99.75,FRAGILE
H,enzyme,GLYP2,1,0.7139432636696387,0.0,E14b,99.75,FRAGILE
H,enzyme,PPK1,1,0.7139432636696387,0.0,E15a,99.75,FRAGILE
H,enzyme,PPK2,1,0.7139432636696387,0.0,E15b,99.75,FRAGILE
H,regulatory,TF,2,0.652222755878326,0.0,G_auto,99.75,FRAGILE
I,metabolic,G6P,4,0.5,0.0,M14a,7.984023968039954,FRAGILE
I,metabolic,FBP,2,1.0,0.0,M2a,14.606174021670594,FRAGILE
I,metabolic,PEP,2,0.49924854813318686,-0.054957303347389165,M3a,59.49905742651788,ROBUST
I,metabolic,AcCoA,2,0.5,0.0,M8a,13.320013320013324,FRAGILE
I,metabolic,ALA,6,0.0,0.0,M5a,100.0,ROBUST
I,metabolic,ASP,4,0.0,0.0,M6a,100.0,ROBUST
I,metabolic,MAL,2,0.0,0.0,M7a,100.0,ROBUST
I,metabolic,GLU,6,0.0,0.0,M12a,64.8198951398252,ROBUST
I,metabolic,Glycogen,2,1.0,0.0,M13a,95.75798801598002,FRAGILE
I,metabolic,PolyP,2,1.0,0.04449138888537356,M15a,7.5239130101876075,FRAGILE
I,enzyme,HK1,1,0.7139432636696387,0.0,E1a,99.75,FRAGILE
I,enzyme,HK2,1,0.7139432636696387,0.0,E1b,99.75,FRAGILE
I,enzyme,PFK1,1,0.7139432636696387,0.0,E2a,99.75,FRAGILE
I,enzyme,PFK2,1,0.7139432636696387,0.0,E2b,99.75,FRAGILE
I,enzyme,ALDO1,1,0.7139432636696386,0.0,E3a,99.2518734375,FRAGILE
I,enzyme,ALDO2,1,0.7139432636696386,0.0,E3b,99.2518734375,FRAGILE
I,enzyme,PYK1,1,0.7139432636696387,0.0,E4a,99.75,FRAGILE
I,enzyme,PYK2,1,0.7139432636696387,0.0,E4b,99.75,FRAGILE
I,enzyme,ALT1,1,0.7139432636696387,0.0,E5a,99.75,FRAGILE
I,enzyme,ALT2,1,0.7139432636696387,0.0,E5b,99.75,FRAGILE
I,enzyme,ALT3,1,0.7139432636696387,0.0,E11a,99.75,FRAGILE
I,enzyme,ALT4,1,0.7139432636696387,0.0,E11b,99.75,FRAGILE
I,enzyme,ALT5,1,0.7139432636696387,0.0,E12a,99.75,FRAGILE
I,enzyme,ALT6,1,0.7139432636696387,0.0,E12b,99.75,FRAGILE
I,enzyme,ASPAT1,1,0.7139432636696388,0.27118392439570466,E6a,58.90925899301221,FRAGILE
I,enzyme,ASPAT2,1,0.7139432636696388,0.27118392439570466,E6b,58.90925899301221,FRAGILE
I,enzyme,ASPAT3,1,0.7139432636696387,0.0,E17a,99.75,FRAGILE
I,enzyme,ASPAT4,1,0.7139432636696387,0.0,E17b,99.75,FRAGILE
I,enzyme,ALT7,1,0.7139432636696387,0.0,E19a,99.75,FRAGILE
I,enzyme,ALT8,1,0.7139432636696387,0.0,E19b,99.75,FRAGILE
I,enzyme,MDH1,1,0.7139432636696388,0.1915586197371233,E7a,58.90925899301221,FRAGILE
I,enzyme,MDH2,1,0.7139432636696388,0.1915586197371233,E7b,58.90925899301221,FRAGILE
I,enzyme,PDH1,1,0.7139432636696387,0.0,E8a,99.75,FRAGILE
I,enzyme,PDH2,1,0.7139432636696387,0.0,E8b,99.75,FRAGILE
I,enzyme,PEPC1,1,0.7139432636696387,0.0,E9a,99.75,FRAGILE
I,enzyme,PEPC2,1,0.7139432636696387,0.0,E9b,99.75,FRAGILE
I,enzyme,ACK1,1,0.7139432636696387,0.0,E10a,99.75,FRAGILE
I,enzyme,ACK2,1,0.7139432636696387,0.0,E10b,99.75,FRAGILE
I,enzyme,GLY1,1,0.7139432636696387,0.0,E13a,99.75,FRAGILE
I,enzyme,GLY2,1,0.7139432636696387,0.0,E13b,99.75,FRAGILE
I,enzyme,GLYP1,1,0.7139432636696387,0.0,E14a,99.75,FRAGILE
I,enzyme,GLYP2,1,0.7139432636696387,0.0,E14b,99.75,FRAGILE
I,enzyme,PPK1,1,0.7139432636696387,0.0,E15a,99.75,FRAGILE
I,enzyme,PPK2,1,0.7139432636696387,0.0,E15b,99.75,FRAGILE
I,regulatory,TF,2,0.6558757002215183,0.0,G_auto,99.75,FRAGILE
J,metabolic,FBP,4,1.0,-0.02248582979050595,M2a,11.596152304130268,FRAGILE
J,metabolic,PEP,2,1.0,-0.007164655187965727,M3a,81.22882073653885,FRAGILE
J,metabolic,PYR,6,0.0,0.0,M4a,100.0,ROBUST
J,metabolic,ALA,6,1.0,0.0,M5a,100.0,FRAGILE
J,metabolic,MAL,2,0.0,0.0,M7a,99.75,ROBUST
J,metabolic,GLU,6,0.0,0.0,M12a,100.0,ROBUST
J,metabolic,Glycogen,2,0.0,0.0,M13a,100.0,ROBUST
J,metabolic,PolyP,2,0.6790505423303664,0.0654860641558109,M15a,15.517671995921331,FRAGILE
J,metabolic,DHAP,2,0.31273911057909043,-0.004350523205331055,M21a,14.46683230625515,ROBUST
J,metabolic,G3P,2,0.31273911057909043,-0.004350523205331055,M21a,14.46683230625515,ROBUST
J,enzyme,HK1,1,0.7139432636696387,0.0,E1a,100.0,FRAGILE
J,enzyme,HK2,1,0.7139432636696387,0.0,E1b,100.0,FRAGILE
J,enzyme,PFK1,1,0.7139432636696387,0.0,E2a,100.0,FRAGILE
J,enzyme,PFK2,1,0.7139432636696387,0.0,E2b,100.0,FRAGILE
J,enzyme,ALDO1,1,0.7139432636696387,0.0,E3a,100.0,FRAGILE
J,enzyme,ALDO2,1,0.7139432636696387,0.0,E3b,100.0,FRAGILE
J,enzyme,ALDO3,1,0.7139432636696387,0.0,E21a,100.0,FRAGILE
J,enzyme,ALDO4,1,0.7139432636696387,0.0,E21b,100.0,FRAGILE
J,enzyme,PYK1,1,0.7139432636696387,0.0,E4a,100.0,FRAGILE
J,enzyme,PYK2,1,0.7139432636696387,0.0,E4b,100.0,FRAGILE
J,enzyme,ALT1,1,0.7139432636696387,0.0,E5a,100.0,FRAGILE
J,enzyme,ALT2,1,0.7139432636696387,0.0,E5b,100.0,FRAGILE
J,enzyme,ALT3,1,0.7139432636696387,0.0,E11a,100.0,FRAGILE
J,enzyme,ALT4,1,0.7139432636696387,0.0,E11b,100.0,FRAGILE
J,enzyme,ALT5,1,0.7139432636696387,0.0,E12a,100.0,FRAGILE
J,enzyme,ALT6,1,0.7139432636696387,0.0,E12b,100.0,FRAGILE
J,enzyme,ASPAT1,1,0.7139432636696387,0.0,E6a,100.0,FRAGILE
J,enzyme,ASPAT2,1,0.7139432636696387,0.0,E6b,100.0,FRAGILE
J,enzyme,ASPAT3,1,0.7139432636696387,0.0,E17a,100.0,FRAGILE
J,enzyme,ASPAT4,1,0.7139432636696387,0.0,E17b,100.0,FRAGILE
J,enzyme,ALT7,1,0.7139432636696387,0.0,E19a,100.0,FRAGILE
J,enzyme,ALT8,1,0.7139432636696387,0.0,E19b,100.0,FRAGILE
J,enzyme,MDH1,1,0.7139432636696387,0.0,E7a,100.0,FRAGILE
J,enzyme,MDH2,1,0.7139432636696387,0.0,E7b,100.0,FRAGILE
J,enzyme,PDH1,1,0.7139432636696387,0.0,E8a,100.0,FRAGILE
J,enzyme,PDH2,1,0.7139432636696387,0.0,E8b,100.0,FRAGILE
J,enzyme,PEPC1,1,0.7139432636696387,0.0,E9a,100.0,FRAGILE
J,enzyme,PEPC2,1,0.7139432636696387,0.0,E9b,100.0,FRAGILE
J,enzyme,ACK1,1,0.7139432636696387,0.0,E10a,100.0,FRAGILE
J,enzyme,ACK2,1,0.7139432636696387,0.0,E10b,100.0,FRAGILE
J,enzyme,GLY1,1,0.7139432636696387,0.0,E13a,100.0,FRAGILE
J,enzyme,GLY2,1,0.7139432636696387,0.0,E13b,100.0,FRAGILE
J,enzyme,GLYP1,1,0.7139432636696387,0.0,E14a,100.0,FRAGILE
J,enzyme,GLYP2,1,0.7139432636696387,0.0,E14b,100.0,FRAGILE
J,enzyme,PPK1,1,0.7139432636696387,0.0,E15a,100.0,FRAGILE
J,enzyme,PPK2,1,0.7139432636696387,0.0,E15b,100.0,FRAGILE
J,regulatory,TF,2,0.6370576087235045,0.0,G_auto,100.0,FRAGILE
