test,axis_a,axis_b,angle_a,angle_b,holonomy,holonomy_ref,path_vs_single_diff
same_plane,z,z,2.0274724011588603,1.4906698395649136,2.7650430664558128,2.7650430664558128,1.5700924586837752e-16
same_plane,z,z,1.3828118051505314,2.3502228684144995,2.5501506336145554,2.550150633614556,1.5700924586837752e-16
same_plane,z,z,2.1397406311142357,1.2906823786071604,2.8527622974581903,2.85276229745819,2.5438405243138006e-16
same_plane,z,z,2.6124690630899883,2.834324787117615,0.8363914569719832,0.8363914569719829,1.9229626863835638e-16
same_plane,z,z,1.3321666426042151,2.7932983695794493,2.157720294995922,2.1577202949959227,7.021666937153402e-16
same_plane,z,z,0.3484854166860334,2.470395153947907,2.818880570633941,2.818880570633941,1.6653345369377348e-16
same_plane,z,z,0.9538625157083136,2.4832858291699984,2.8460369623012745,2.846036962301274,3.885780586188048e-16
same_plane,z,z,0.5133021293542216,1.0828073560444822,1.5961094853987037,1.5961094853987037,1.8253379971363983e-16
same_plane,z,z,2.9020764128367533,1.6545074638447637,1.7266014304980695,1.7266014304980701,7.816041058999314e-16
same_plane,z,z,2.526631710977085,1.037992297920174,2.7185612982823275,2.718561298282328,1.5700924586837752e-16
same_plane,z,z,1.530232788273999,2.9037730885096567,1.8491794303959308,1.8491794303959312,4.965068306494546e-16
same_plane,z,z,1.702863004137272,2.4253932619533276,2.1549290410889865,2.1549290410889865,1.5700924586837752e-16
same_plane,z,z,2.0613256916188503,2.306504031098682,1.915355584462054,1.915355584462054,2.603703785810335e-16
same_plane,z,z,2.523621835062056,1.9432462327634283,1.8163172393541023,1.8163172393541027,6.667118051786499e-16
same_plane,z,z,0.8981836285214336,2.991099156581504,2.393902522076649,2.3939025220766488,2.9373740229761033e-16
same_plane,z,z,2.741062307815558,0.291036706475426,3.0320990142909836,3.0320990142909854,4.308824046522781e-16
same_plane,z,z,2.522656523962272,1.39050197709253,2.370026806124785,2.370026806124785,0.0
same_plane,z,z,0.405240291753887,0.15669354509148609,0.561933836845373,0.561933836845373,1.1102230246251565e-16
same_plane,z,z,2.0297528781976455,1.3643638721779727,2.8890685568039682,2.8890685568039682,2.7476618026966064e-16
same_plane,z,z,1.5147796891570686,1.5251992816334798,3.039978970790548,3.039978970790548,1.3597399555105182e-16
same_plane,z,z,0.27219437837280114,1.984753050990707,2.256947429363508,2.256947429363508,1.9229626863835638e-16
same_plane,z,z,1.8292965795166762,2.4340289271391313,2.019859800523779,2.019859800523779,6.329245045284193e-16
same_plane,z,z,0.7966940674262679,1.7569773573706733,2.553671424796941,2.553671424796941,3.1401849173675503e-16
same_plane,z,z,1.495702417316561,0.31525216679845336,1.8109545841150143,1.8109545841150143,1.1102230246251565e-16
same_plane,z,z,2.4400739511020872,2.6228125732635292,1.22029878281397,1.22029878281397,2.5438405243138006e-16
same_plane,z,z,1.341365296795828,0.3276662602309932,1.6690315570268213,1.6690315570268213,5.003707553108401e-17
same_plane,z,z,1.2553178184183833,2.1778650682621454,2.8500024204990573,2.8500024204990577,2.5438405243138006e-16
same_plane,z,z,0.9622390045611411,1.6389496307193887,2.60118863528053,2.60118863528053,2.220446049250313e-16
same_plane,z,z,0.23973972920131584,0.1782454135669215,0.4179851427682372,0.4179851427682372,1.1102230246251565e-16
same_plane,z,z,1.9922637287903047,0.8464767124697413,2.838740441260046,2.838740441260046,2.5438405243138006e-16
same_plane,z,z,2.7532243308932296,1.9216435229760231,1.6083174533103337,1.608317453310334,1.993045536433795e-16
same_plane,z,z,1.2343139797680958,0.8953107763669786,2.1296247561350743,2.1296247561350743,2.220446049250313e-16
same_plane,z,z,0.49204666835599986,2.7253408907863337,3.0657977480372534,3.0657977480372534,2.5172027167143304e-16
same_plane,z,z,3.0362510505975884,2.3437548458997517,0.9031794106822464,0.9031794106822464,1.5700924586837752e-16
same_plane,z,z,2.481120000369943,1.980291673811087,1.8217736329985565,1.8217736329985565,2.0955000055363631e-16
same_plane,z,z,0.7693318303996148,2.4269919499589747,3.0868615268209956,3.0868615268209956,3.2877472246012713e-16
same_plane,z,z,2.7723338177323713,2.5039489417438827,1.0069025477033322,1.006902547703332,5.661048867003676e-16
same_plane,z,z,1.4707863353804933,2.276367577752235,2.536031394046858,2.5360313940468577,4.440892098500626e-16
same_plane,z,z,2.667821827047365,2.883940611399974,0.7314228687322475,0.7314228687322475,0.0
same_plane,z,z,0.679729997278228,2.095003604991438,2.7747336022696665,2.7747336022696656,3.3766115072321297e-16
same_plane,z,z,1.4556598212117877,1.6414264418262199,3.097086263038007,3.0970862630380047,5.433645741806906e-16
same_plane,z,z,1.4419608640905845,0.8952773100846292,2.3372381741752135,2.337238174175214,5.324442579404919e-16
same_plane,z,z,0.8659942828202789,0.8929354734042448,1.7589297562245236,1.7589297562245236,1.1443916996305594e-16
same_plane,z,z,1.762369370987485,2.9471184939072104,1.573697442284891,1.5736974422848908,3.3763246372471767e-16
same_plane,z,z,2.7462856594377643,2.2887268123996365,1.248172835342186,1.2481728353421853,7.2377686124476805e-16
same_plane,z,z,2.391136684097731,0.5989854537026293,2.99012213780036,2.990122137800361,3.002224531865041e-16
same_plane,z,z,2.2644842933020946,1.115583920238792,2.903117093638699,2.903117093638699,3.8956806801599406e-16
same_plane,z,z,1.5798428161494416,0.9761341550231678,2.5559769711726097,2.5559769711726092,2.220446049250313e-16
same_plane,z,z,0.11645145646262603,2.433451837436226,2.549903293898852,2.549903293898852,1.1102230246251565e-16
same_plane,z,z,2.89660373499303,0.23637662904049267,3.1329803640335236,3.1329803640335108,2.600523494180257e-16
test,axis_a,axis_b,angle_a,angle_b,holonomy,nonabelian_signature,path_vs_reverse_diff
distinct_plane,z,x,1.2362884153283877,1.643048191973224,1.9646959337138818,2.1735099121790262,2.1735099121790262
distinct_plane,z,x,2.788994319641104,1.558445177471539,2.8913783077712427,2.82584360251131,2.82584360251131
distinct_plane,z,x,0.9038868767691529,1.80415808282044,1.958285936060916,1.8209996804183048,1.8209996804183048
distinct_plane,z,x,2.816744652927444,2.2093738786645933,2.9961141882393982,2.354116783389327,2.354116783389327
distinct_plane,z,x,0.7502029841830133,2.8761251207244456,2.8946809013800037,1.9140165401276472,1.9140165401276472
distinct_plane,z,x,2.2455750679579323,1.2337113768353403,2.4193173003704302,2.516784221174421,2.516784221174421
distinct_plane,z,x,2.609230138037526,1.5909330641099446,2.771236320037475,2.8248249828379666,2.8248249828379666
distinct_plane,z,x,0.588406253153953,2.2713026821197593,2.311068581569228,1.435145238139852,1.435145238139852
distinct_plane,z,x,0.37467699474579574,0.8897814376076467,0.9605657363588751,0.4519499368172654,0.4519499368172654
distinct_plane,z,x,1.7643395234151162,2.494518085213254,2.734727283147735,2.8211225833913596,2.8211225833913596
distinct_plane,z,x,2.0379079826576594,0.6218208177950133,2.096422831272872,1.4228031831612822,1.4228031831612822
distinct_plane,z,x,2.7471303735242336,0.9825441576893175,2.794289809454396,2.3200303003365423,2.3200303003365423
distinct_plane,z,x,0.6661706610803297,2.6814608274116636,2.7071684276199117,1.707144678785041,1.707144678785041
distinct_plane,z,x,2.0766190815439782,1.4599088567205332,2.3656233605875507,2.6600520944450134,2.6600520944450134
distinct_plane,z,x,2.061661683548704,1.4043368607075037,2.3349155990300705,2.6089791319487676,2.6089791319487676
distinct_plane,z,x,1.3191460969380924,2.3188360687983964,2.498569131746319,2.628726884409112,2.628726884409112
distinct_plane,z,x,0.30387560212855674,2.1314377541175573,2.144155013382647,0.7426789060840613,0.7426789060840613
distinct_plane,z,x,0.23914843288066753,2.8795196970011285,2.881401692636907,0.6643228173970146,0.6643228173970146
distinct_plane,z,x,0.7230500132227683,0.1523495837915077,0.7382352008638122,0.15221069464214226,0.15221069464214226
distinct_plane,z,x,1.9540582618207214,0.6214093412244494,2.0180214402072942,1.3866645457057074,1.3866645457057074
distinct_plane,z,x,1.1329211981462721,2.4630040594698537,2.572260792564572,2.4690624341137597,2.4690624341137597
distinct_plane,z,x,2.954698806184267,2.5657780370205843,3.08859583740197,1.6077321217720326,1.6077321217720326
distinct_plane,z,x,0.8509153684619902,1.2491482221461752,1.478741818403361,1.3249170363306388,1.3249170363306388
distinct_plane,z,x,2.909730544222416,2.693639511354144,3.090203707090807,1.3647167672565417,1.3647167672565417
distinct_plane,z,x,0.6192568779543975,2.0813670397746358,2.136664895240515,1.4347917340899687,1.4347917340899687
distinct_plane,z,x,1.2905475394943515,2.9357192117750635,2.977218453432496,2.7117694126402907,2.7117694126402907
distinct_plane,z,x,1.8803889060727195,2.4358906487062515,2.7311957148076864,2.796911658582007,2.796911658582007
distinct_plane,z,x,2.877539618194336,0.5091832158278907,2.8860984386159068,1.3675597832833812,1.3675597832833812
distinct_plane,z,x,2.1395144695914206,0.33269228601131806,2.1546026450092346,0.8128216740711574,0.8128216740711574
distinct_plane,z,x,1.6349146582406875,2.5715782321911216,2.754503728823243,2.8278588736735055,2.8278588736735055
distinct_plane,z,x,0.4280240668971246,1.7132933327968458,1.752510357721048,0.8960819757206352,0.8960819757206352
distinct_plane,z,x,2.2223467228542146,1.902567097293628,2.620564734635499,2.8224770827100767,2.8224770827100767
distinct_plane,z,x,0.28298280753105653,1.9096127658086124,1.9237254861291788,0.6467799741427469,0.6467799741427469
distinct_plane,z,x,2.1099382027000844,2.537948730470801,2.847281569958244,2.6166398928925427,2.6166398928925427
distinct_plane,z,x,1.2014073807216308,2.225101397850276,2.394472427096095,2.4717927721060526,2.4717927721060526
distinct_plane,z,x,2.09471135063373,0.4326068415341007,2.1215061667439263,1.0331920155054917,1.0331920155054917
distinct_plane,z,x,1.2211268814734866,0.6524267232302822,1.3646266775770353,1.0216310721393156,1.0216310721393156
distinct_plane,z,x,1.7593118405383397,2.507617508221296,2.7415581204227477,2.821079665203139,2.821079665203139
distinct_plane,z,x,2.8224287674342485,0.9454073477453029,2.8576800811179788,2.2714318953965176,2.2714318953965176
distinct_plane,z,x,2.189403305887916,0.4376895273609278,2.2139243794726013,1.0710247443226906,1.0710247443226906
distinct_plane,z,x,1.6933844883425486,0.39458276958447513,1.7274407542067358,0.8216087347087503,0.8216087347087503
distinct_plane,z,x,2.8242577936637026,1.4516828287204542,2.904685849039224,2.8002383492595007,2.8002383492595007
distinct_plane,z,x,1.6168667647354005,0.4421295224062962,1.6628448945749292,0.885692964483061,0.885692964483061
distinct_plane,z,x,2.7615236209575253,2.8833948964008433,3.0929515267648986,1.2521234027781503,1.2521234027781503
distinct_plane,z,x,2.18458353549027,2.993212018285875,3.0733198623947446,2.3292239403850132,2.3292239403850132
distinct_plane,z,x,2.3050901066979934,0.9704760105912692,2.406606059194691,2.1810716041978875,2.1810716041978875
distinct_plane,z,x,1.7580773331417956,0.5419966655475819,1.8178062408973312,1.1411525841083248,1.1411525841083248
distinct_plane,z,x,2.667109522107185,0.9834452056643624,2.7242155082270045,2.3065276245591053,2.3065276245591053
distinct_plane,z,x,1.025034933110729,1.0455093384218805,1.4299191089667813,1.3428064751542967,1.3428064751542967
distinct_plane,z,x,0.8537348786138207,1.0961158638822055,1.3619870322123409,1.1915534607731637,1.1915534607731637
test,axis_a,axis_b,angle_a,angle_b,nonabelian_signature,predicted_commutator_magnitude
small_angle_distinct,z,x,0.007461507661617369,0.002438407356442589,2.573041150591337e-05,2.5730477569045656e-05
small_angle_distinct,z,x,0.048760299178394875,0.018803563195163072,0.0012964986819294056,0.001296646265331346
small_angle_distinct,z,x,0.04958910140395777,0.03469837592121696,0.0024330109176694936,0.0024333825214100627
small_angle_distinct,z,x,0.04096636577022116,0.006870775060260505,0.0003980310407086831,0.0003980596590676567
small_angle_distinct,z,x,0.02414372070220359,0.008532992255171692,0.0002913457460271135,0.0002913537067445835
small_angle_distinct,z,x,0.02123420487937953,0.006002777591564528,0.00018025795609168967,0.00018026161340263297
small_angle_distinct,z,x,0.026667617147940432,0.04067021514383799,0.0015336733198061418,0.0015338245306603978
small_angle_distinct,z,x,0.04504502603224819,0.04492420955163003,0.0028613368659407413,0.0028618198022873752
small_angle_distinct,z,x,0.04047464491663035,0.0348594143184829,0.0019951082761233236,0.0019953456169303353
small_angle_distinct,z,x,0.016853586505437765,0.006790148485497987,0.00016183804716675849,0.00016184027353418443
small_angle_distinct,z,x,0.03052847766263686,0.008866716403437933,0.0003827936064752148,0.0003828097267135083
small_angle_distinct,z,x,0.03471231297424558,0.0027236924781170336,0.00013370100856211335,0.00013370776276158236
small_angle_distinct,z,x,0.04942250639694331,0.03684378391200176,0.0025747506728061027,0.0025751586528741186
small_angle_distinct,z,x,0.009699150219696692,0.00926793201971074,0.0001271242097978013,0.00012712516309668447
small_angle_distinct,z,x,0.0020751918241111948,0.003973890504762646,1.1662422704584153e-05,1.1662432471031491e-05
small_angle_distinct,z,x,0.03187626153297663,0.04724441782409387,0.002129482485043904,0.0021297708614913366
small_angle_distinct,z,x,0.04597688026243531,0.04685531020077834,0.0030460376758154,0.0030465851043678747
small_angle_distinct,z,x,0.0024167349119061377,0.03773258785223004,0.000128953975633349,0.0001289616572846758
small_angle_distinct,z,x,0.02688384572246256,0.011920643363973398,0.000453200558220197,0.0004532168911911643
small_angle_distinct,z,x,0.03659155029624064,0.0232646186839021,0.0012038093528068034,0.0012039036922632455
