gene_bnumber,kappa_V_max,schmidt_prot_exh_maxfc,schmidt_prot_exh_signed,schmidt_prot_lim_maxfc,schmidt_prot_switch_maxfc,schmidt_prot_stress_maxfc,e24_m3d_exh_maxfc,e25_gse_trans_maxfc,gse_protein_maxfc
b3735,466.6299963622043,0.5314473951240873,-0.5314473951240873,0.7404137198495057,0.6290104146470963,0.4881453171019789,3.5192650000000008,9.127210376686683,0.5849625007211561
b3736,466.6299963622043,0.06988640107978465,-0.06988640107978465,0.7566653506956124,0.5886539342550258,0.5284198087613082,3.4264149999999987,7.310402672441293,1.6300503902496937
b3737,466.6299963622043,0.7159013270591272,0.7159013270591272,0.4817428471275255,0.6612039455097216,0.43799863662684957,3.7897499999999997,8.146769662777453,
b3738,466.6299963622043,0.4317781332772403,-0.4317781332772403,1.3830022023616313,1.6540664344444733,0.8027547487061919,4.2268349999999995,9.12128009778543,
b3739,466.6299963622043,,,,,,2.551964999999999,7.462098806324669,
b3732,466.6299963622043,0.9494831620660754,-0.9494831620660754,0.5355684132185389,0.5803352674135197,0.9086313075052441,2.541055,6.897702259474409,0.6402123612866184
b3733,466.6299963622043,0.6946751027143021,-0.6946751027143021,0.48604446991545414,0.5628444294149269,1.115574406356178,2.8587200000000017,6.874431619374176,0.5849625007211565
b3734,466.6299963622043,0.6360427314316494,-0.6360427314316494,0.2744830822585973,0.754390064659195,0.4239121139251635,3.4713150000000006,8.817349976814963,0.7849871090291494
b3731,466.6299963622043,0.7180681843978874,-0.7180681843978874,0.6759410904535473,0.6492926807551713,0.6255284601501919,1.8116950000000003,8.443415071980967,1.3219280948873622
s0001,330.19505587154964,,,,,,,,
b0875,330.19505587154964,,,,,,1.253775,,
b0241,330.1950558715495,,,,,,0.7786849999999994,,
b0957,330.1950558715495,0.7354701904088965,0.7354701904088965,0.1397395379149489,0.5550291897750659,0.6703169489396901,1.8448999999999973,,
b3875,330.1950558715495,,,,,,0.8458729999999992,,
b2215,330.1950558715495,0.4594000699647905,0.4594000699647905,1.25629966262551,1.0411776284716674,1.0803577277274534,1.939020000000001,,
b0929,330.1950558715495,0.7288863979547192,-0.7288863979547192,1.1841599109395833,1.0247777109660945,1.543228988442646,5.531305,4.492430707058294,2.538419914784126
b1377,330.1950558715495,,,,,,0.7382730000000004,0.8794358494846637,
b1319,330.1950558715495,,,,,,0.650677,,
b0431,185.1892689286952,0.2513345547420928,0.2513345547420928,0.7106110935334309,1.0654015700273662,0.41030428028293775,3.557715,3.924750513394154,2.169925001442312
b0432,185.1892689286952,0.8199384778047858,-0.8199384778047858,0.4745473140046231,1.1847579740313745,0.5676070590778517,2.926689999999999,3.6476052999950275,0.8479969065549504
b0430,185.1892689286952,2.6475772061171217,2.6475772061171217,2.186560236318202,2.83375535634366,3.0324208270177078,2.898365,3.408738985568081,
b0429,185.1892689286952,5.492279527790868,-5.492279527790868,1.6908005716954642,2.7733887515721993,0.8819547692574125,3.471655,3.34046960644403,
b2285,145.5163626409395,1.1634746829432239,-1.1634746829432239,1.2634823069135488,1.57136618446396,0.39621375165531936,2.226894999999999,6.210245184750586,0.5849625007211561
b2283,145.5163626409395,1.568444048469056,-1.568444048469056,1.008474182969565,0.848130396893783,1.330828798507849,0.9551549999999995,5.749239144693027,0.5081469036703252
b2286,145.5163626409395,1.347769963244229,-1.347769963244229,1.1588767303832788,1.0478229672907804,0.8418633396719405,2.379340000000001,5.741359320831279,0.2344652536370235
b2276,145.5163626409395,1.698999099504438,-1.698999099504438,2.5390941212472504,1.9321756937391064,1.023223758585496,1.259341000000001,,
b2281,145.5163626409395,0.6913889332793102,-0.6913889332793102,0.7920090833823379,1.0109915655200459,1.0506270971661251,1.5896300000000014,5.509609645868383,0.2410080995037948
b2277,145.5163626409395,1.9537930315131309,1.9537930315131309,1.613062624578038,1.4050853118301325,3.6679082747109977,1.071091000000001,7.354800590694873,
b2278,145.5163626409395,7.827609097166853,-7.827609097166853,2.419445436800795,7.833087068036176,7.8054797608620685,1.7442449999999994,4.9940165948528215,1.584962500721156
b2279,145.5163626409395,1.0676186819869526,-1.0676186819869526,0.31215009640889335,1.2444986647230538,0.57069021106065,1.779031999999999,5.691367451979357,2.0
b2287,145.5163626409395,2.033645383827205,-2.033645383827205,0.8187975906268872,1.1202710491500867,0.9420890748067463,2.4201000000000015,4.9491251693821185,0.6780719051126378
b2288,145.5163626409395,0.6485800361655539,-0.6485800361655539,1.553546327277903,1.4097954222113243,0.668744739083908,1.846812,5.1009994014506574,1.3219280948873622
b2284,145.5163626409395,1.5240057141496828,-1.5240057141496828,1.80936416095278,1.5924767216508022,1.3382707280227621,1.2766850000000023,5.652662328954776,0.7162070339994089
b2282,145.5163626409395,2.6743768282920226,-2.6743768282920226,1.1677560824755309,2.4475391967223956,4.919316563852381,1.424175,5.2831956821432335,1.5849625007211563
b2280,145.5163626409395,,,,,,1.1168899999999997,5.508078953806919,
b1779,41.845541949642005,0.6388411522475981,-0.6388411522475981,1.2216938217132576,1.1246879455268284,0.8598513814758859,2.5209100000000007,,
b2926,41.845541949642005,0.1156912584442831,0.1156912584442831,0.43209935514884334,0.5539757490920815,0.19277941458425646,0.9883699999999997,7.2786003274660604,0.5745833549411579
b2779,33.46252370443901,0.5996105541170922,0.5996105541170922,0.9305049703442779,0.6831165931878919,0.38233138469374184,1.4090799999999994,,
b0755,33.46252370443899,1.1549207631041578,1.1549207631041578,0.33201499359900155,0.3321612041106962,0.9503534964243073,0.7487399999999997,,
b3612,33.46252370443899,,,,,,1.0915099999999995,,
b4395,33.46252370443899,,,,,,0.5692840000000015,,
b0451,18.495294543147853,5.810894132893047,-5.810894132893047,6.048568679384065,6.595226226222391,4.55147397313143,0.15308100000000024,,
b2417,16.0,0.30102606487634986,0.30102606487634986,0.2600466472795229,0.7438669430414984,0.13185765847926503,1.4669000000000008,,
b1101,16.0,0.40300977769022195,-0.40300977769022195,1.8546356623130031,1.9898373236469897,0.8326271646896928,1.9386849999999995,,
b2415,16.0,0.5385966997636389,-0.5385966997636389,1.3579243518450121,1.2108066649282232,0.18011953635436684,2.0380000000000003,9.063334908252749,1.8479969065549493
b2416,16.0,0.8929094445183937,-0.8929094445183937,0.9736556270389802,1.6418675754625691,0.8408783982145162,0.9775900000000011,6.829610457842916,0.9014361655164108
b1819,16.0,0.6738063270060757,0.6738063270060757,2.9942281742478696,1.7316581852632538,0.8639698610897327,1.0846660000000004,5.474127264218522,0.362570079384708
b1817,16.0,0.6576850290897259,0.6576850290897259,2.4869114708122857,1.5789535533420256,0.6175263540903825,1.2909299999999995,,
b1621,16.0,,,,,,0.8124199999999995,,
b1818,16.0,0.6870339285207401,-0.6870339285207401,2.740540009514233,1.4826684362132962,1.0527885795791272,1.3978449999999984,5.126041388596622,0.7004397181410922
b1761,11.594530020086626,2.4787272550945874,-2.4787272550945874,0.6938286740759688,1.8359492947188731,1.4045486072940967,2.2045999999999992,,
b0116,9.624846505736867,,,,,,2.773389999999999,,
b0115,9.624846505736867,0.8141571028731996,0.8141571028731996,0.3401550981588109,1.478287108705967,0.5029663545076756,1.8432999999999993,5.004502421821142,0.5879463591599778
b0114,9.624846505736867,0.8647479040744339,0.8647479040744339,0.33739698752125974,1.6439294807076066,0.6726286296324956,1.9470600000000005,4.834766657987769,0.8535411710155847
b3916,9.490141723290314,0.46472422540002806,-0.46472422540002806,0.33048206425717847,0.6513817871908656,0.41416692657557763,0.629055000000001,7.822914072358477,1.1255308820838588
b1723,9.490141723290314,1.5414814080935015,1.5414814080935015,0.4031532261308936,0.9495576127407203,1.8756743790494874,0.9323809999999995,,
b1773,9.490141723290312,,,,,,0.6730089999999995,0.864142346029979,
b2925,9.490141723290312,0.1623662395987293,0.1623662395987293,0.888571017868833,0.7910029066120287,0.3569202827307061,0.8575799999999987,6.970645218638136,0.7045441164738291
b2097,9.490141723290312,1.910357621398425,1.910357621398425,1.6977289214016364,1.4391804158027917,1.5668656444847329,1.9013120000000008,,
b3919,9.146649848720998,1.016708592281704,1.016708592281704,0.4186694848141147,0.4327714669798593,0.9837151577527704,1.8359089999999991,,
b4025,5.20603175623541,0.05388700142598288,0.05388700142598288,0.3243222234464094,0.6366603664659667,0.39419313380957394,1.6108919999999998,,
b0720,3.390302551686155,0.44146059930229814,0.44146059930229814,1.9900152525475636,2.1443760145903226,0.6059205853912881,1.289555,,
b0118,3.390302551686155,2.481130284854953,-2.481130284854953,1.684759731067564,1.9098563090599912,1.395144869561269,0.8028750000000002,,
b1276,3.390302551686155,0.7779126812095738,0.7779126812095738,1.789719147064419,1.7484208314073757,0.11900721403286636,1.0243420000000025,,
b1136,3.390302551686154,0.4630058886212359,-0.4630058886212359,0.5245752738820603,0.5577673927770856,0.2828563940073022,3.7958900000000018,,
b4122,3.3430365639747155,,,,,,0.35699399999999937,2.7385901062806877,1.0
b1611,3.3430365639747155,0.0214578623092486,0.0214578623092486,2.771485354616563,2.4031057870524273,0.6864029738107306,0.6376040000000014,,
b1612,3.3430365639747155,2.08018675809976,-2.08018675809976,1.89593339564549,2.14467699724899,1.1241518085477187,1.6813700000000011,,
b3236,3.341643275720806,0.8693574967112149,-0.8693574967112149,0.5215608734105316,1.4938569055469597,0.59845983951282,2.540390000000002,,
b1852,2.952647620709575,0.6138943439299328,0.6138943439299328,0.32796899808085533,0.6600627459457933,0.5175910950372716,0.9099839999999997,,
b0767,2.9526476207095738,2.0363305724579797,2.0363305724579797,1.4776548786591022,1.7449246613754554,1.8199150154738148,0.6835970000000007,,
b2029,2.9526476207095738,0.5293065113983768,-0.5293065113983768,1.6398182363312108,1.179358315745772,0.43787219708533837,2.2803249999999995,5.173862637176491,0.3977595078470077
b2501,2.64715310087908,1.3788201488893677,1.3788201488893677,1.30506309582327,0.7686583106676341,1.5284230272089039,1.099689999999999,3.992550224965626,0.5145731728297585
b0722,2.3874690515788184,2.3809840552443537,-2.3809840552443537,0.9246426617759681,0.9077259197778902,1.2550185743897477,2.6753199999999993,4.30859229831004,
b0723,2.3874690515788184,0.7423665488179509,-0.7423665488179509,1.8510322007607962,1.931952303620601,0.25217015022127204,2.0885350000000003,2.5893008062068628,1.456064767538899
b0724,2.3874690515788184,0.9663034000381588,-0.9663034000381588,1.1128258236582655,1.8392126058381342,0.6027433933358023,1.4869500000000002,2.1251428115378452,0.7884958948062879
b0721,2.3874690515788184,1.3233254247917332,-1.3233254247917332,1.738274335664724,1.5747436161902257,1.4824257539477828,2.6501499999999982,,
b0726,1.997029940758318,0.38454830237703974,0.38454830237703974,1.1876307479575394,1.6193629498719282,0.46287689304975493,2.452471000000001,1.7399027583419793,0.6956065644051481
b0727,1.997029940758318,0.4331334089772765,0.4331334089772765,0.30943893404506156,1.291842683379194,0.1526243792204024,2.6513349999999996,2.2236748755753712,0.7121976890172634
b3380,1.6318250334497593,,,,,,0.18785599999999913,0.0,
b4383,1.6318250334497593,2.6278483611902663,2.6278483611902663,1.115883147465671,1.138020541982206,1.492828372839607,0.40429899999999996,2.7729859913559833,0.6962192518228969
b4094,1.631140475784241,,,,,,0.31599600000000017,1.2841884636306686,
b0728,1.450042460463684,0.602130710903254,-0.602130710903254,1.411942528390068,1.9821642550581597,0.3833642301175225,2.431944999999997,2.0252716291210415,0.4988058569714413
b0729,1.450042460463684,0.13723879116927615,-0.13723879116927615,1.2538408206734104,2.1947168342665218,0.08818205629547332,1.1504449999999977,,
b3956,1.3884891333019085,0.6272466481622557,-0.6272466481622557,0.503093305985657,1.722247320828555,0.6063816818723597,2.111434,6.083991025226189,0.7085371858396883
b0928,1.3589215586029115,0.4416627003829382,-0.4416627003829382,0.550274513245042,0.7574130278534142,0.4830996418540325,3.0012799999999995,,
b1207,0.8203052488796222,0.35815108993538003,-0.35815108993538003,0.6169764029502095,0.5430428931156689,0.2181891838846032,2.643374999999999,7.952118023267428,1.527931555684777
b3844,0.7575374015895484,0.37249460476571217,-0.37249460476571217,0.4076456374541888,0.5859548166385012,0.69553517016184,0.8190659999999994,,
b4090,0.7498190937323724,1.647678565014966,-1.647678565014966,0.587070868126384,1.3374945543830836,1.4670314381276799,1.3247580000000028,,
b2914,0.7498190937323724,0.3082607039393352,0.3082607039393352,0.16994953270563556,0.3263781801030114,0.44710431948642143,1.1508499999999984,4.921844417378578,0.4150374992788439
b4301,0.69982775370912,,,,,,0.46570299999999953,2.6808149863528703,
b3386,0.69982775370912,,,,,,0.7750009999999996,6.13500613274229,0.1926450779423958
b3870,0.5197562271973608,1.585381103692911,-1.585381103692911,0.8906230674472172,1.5177514555826763,0.9237165932720799,1.7703950000000024,,
b1297,0.5197562271973608,1.0960080838562691,-1.0960080838562691,2.5227329488075387,1.5324433544170266,1.6426669311410889,1.1951460000000012,,
b2913,0.4680378770954553,0.21425622123486693,-0.21425622123486693,1.1455816613091223,2.882747750995447,0.284146904768647,3.03149,,
b4388,0.4680378770954553,1.1181527748769324,-1.1181527748769324,1.5708934492875066,1.7301293847949422,1.6480152812088706,0.27233700000000205,,
b0907,0.4680378770954553,0.8184739365033937,-0.8184739365033937,1.8605878437262078,2.0959479671545034,0.2022059308010618,2.757220000000002,5.403468818419652,2.025535092107137
b2465,0.2442325755378905,1.5495897593341372,1.5495897593341372,1.5838752485184329,1.3581473678568539,1.0755371580497404,1.540163999999999,,
b2464,0.2442325755378905,2.0014249440381513,2.0014249440381513,0.9939072653206014,1.215453618970898,1.3582949702466627,1.8935219999999973,,
b2935,0.2442325755378905,1.3195762398104065,-1.3195762398104065,0.748641345328927,0.8816265658380273,0.605973357029898,2.199865000000001,,
b0008,0.2442325755378905,0.36718864820888625,0.36718864820888625,0.8778837784758399,0.36393403473607866,0.8037505044190022,0.920869999999999,,
b2551,0.1972747214145404,0.6729709698903126,-0.6729709698903126,1.6418718360653242,1.1704871518816284,0.38000843428507836,3.1340500000000002,,
b3433,0.1812026870433115,0.6778439236018441,-0.6778439236018441,1.8022074644579424,1.4636861326080286,0.24485583752339293,1.7099450000000012,,
b0002,0.1812026870433114,0.3114873680885123,-0.3114873680885123,1.345598383753851,2.12334292917814,0.40433385081397516,2.2622350000000004,7.923687024120063,0.5393656342810456
b4024,0.1812026870433114,1.3423088202736257,-1.3423088202736257,2.4403386116711885,3.405545901651355,0.7470310705154479,1.9919449999999994,5.149425746029752,2.321928094887362
b3940,0.1812026870433114,1.0127115794285917,-1.0127115794285917,0.7378561538708437,1.44881050643791,0.6148358895177419,0.40253799999999984,7.055606288460129,2.3923174227787607
b2290,0.1599789787217618,2.709534548133584,-2.709534548133584,0.5138877806509842,0.8713325477344058,1.1870027265227,1.5131519999999998,,
b2379,0.1599789787217618,0.09334980596549851,0.09334980596549851,0.4716744848553534,0.43397971002018226,0.45478879537910444,0.2463860000000011,,
b0529,0.1549994401620578,0.5533054792342287,0.5533054792342287,0.7869774283718958,0.3903689717107396,0.5508795871816747,1.244339,,
b3493,0.1475264536211723,0.212875044068964,0.212875044068964,0.3437301381900344,0.8602364817062366,1.061563075870031,0.9141380000000012,,
b2987,0.1475264536211723,,,,,,0.6538779999999997,,
b0078,0.1211818650259794,0.4391876695921806,-0.4391876695921806,0.572590575512395,2.1832794533052007,0.16158781863325836,0.8743719999999993,6.150406760765523,3.321928094887362
b0077,0.1211818650259794,0.1498207224110974,-0.1498207224110974,0.18075108857370534,2.481592792397868,0.2198080330608188,1.470832999999999,6.137349188753532,
b3774,0.1211818650259794,0.10699719928693288,-0.10699719928693288,1.6781738967029207,4.44087736714199,0.7829811579864145,4.125025000000001,,
b3671,0.1211818650259794,3.7279168324488667,-3.7279168324488667,0.2726630569364517,1.0564195482792553,1.5474979311553418,1.5796589999999995,4.824187388036877,2.192645077942396
b3670,0.1211818650259794,1.2057236298463594,1.2057236298463594,1.784340587942662,1.1538573423620362,1.4144311167936312,1.7374109999999998,4.868146607043655,
b3771,0.1211818650259794,0.265865312004277,-0.265865312004277,1.4961614368033,2.0707761264480236,0.8337788662918036,0.4701080000000015,7.301742360838406,2.772589503896928
b0474,0.0991034010905592,0.24177698432096975,-0.24177698432096975,0.6487765907064871,0.5679611494644352,0.4070783828746615,2.9578500000000005,8.458441495947838,1.374395514781498
b2518,0.0991034010905592,1.4414175114704582,-1.4414175114704582,0.9524389761592653,1.5000606088581225,0.687392369968805,3.5600900000000006,2.888816739800078,0.7104933828050148
b1676,0.0763285398807885,0.3666973033483379,0.3666973033483379,0.522328919266089,1.1835364210274448,0.5491231721651035,0.6382890000000003,,
b1854,0.0763285398807885,0.08537036789764939,-0.08537036789764939,0.36950683084746294,0.5262133990067109,0.5011435912904888,0.5994830000000011,,
b0323,0.0622458259153863,,,,,,0.3494780000000013,0.0,
b0521,0.0622458259153863,,,,,,0.5954990000000002,,
b2874,0.0622458259153863,,,,,,0.4864189999999997,,
b4069,0.0538087188670391,2.9009391119984387,2.9009391119984387,4.499501184787994,3.759801511915797,0.22123724799124236,3.3580320000000015,,
b0004,0.0469558909414078,0.7133541323047529,-0.7133541323047529,1.672032267741503,2.513344541856668,1.0367874236399837,1.8765349999999987,6.49780528181701,1.2016338611696504
b0003,0.0469558909414077,0.6023445631632213,0.6023445631632213,1.3563198273124628,1.429176763182214,1.393795496593799,1.6894249999999982,6.00981608778439,
b4006,0.0467037699780858,0.3078726606779193,-0.3078726606779193,1.097854320332305,0.9404447942722407,0.1940157309096851,1.2275460000000002,,
b0126,0.0438392353963408,0.3445922994159588,0.3445922994159588,1.1762956983802375,0.8265050661277779,1.1481728497905814,3.1459349999999997,,
b0339,0.0438392353963408,,,,,,0.6780540000000004,,
b0071,0.0321807996622632,4.2587816943388335,-4.2587816943388335,1.0120286908096283,2.9565901220089277,1.6320197150750997,1.4910499999999978,,
b0072,0.0321807996622632,3.1779368204826017,-3.1779368204826017,1.002240540328313,2.385906737012223,1.34470587115225,1.5497250000000005,9.783541792145304,
b0074,0.0321807996622632,0.27498698365153706,0.27498698365153706,1.5079965792851937,2.035759770259275,1.256058535003337,1.878216,9.18448320164903,
b4054,0.0321807996622632,1.8778982079301827,-1.8778982079301827,0.9129016239781798,0.9838988001898935,0.41230639650189416,1.4049500000000004,,
b3770,0.0321807996622632,0.40978867527886037,0.40978867527886037,1.0992935389805267,1.1178317818330383,1.0235624754155432,1.0644160000000014,7.730463502391236,3.369233809665719
b0073,0.0321807996622632,0.8293048325436804,-0.8293048325436804,1.2058379380040778,3.0444258215982485,1.4507695981513655,1.7455899999999982,9.452907853478289,
b4005,0.0318540616876491,0.4593012255273754,-0.4593012255273754,1.8549473861088508,1.078638726960048,0.11601563213736431,0.7494319999999988,,
b2312,0.0318540616876491,2.2023531857718748,-2.2023531857718748,1.5713112639023372,1.3065396630069714,1.0633766909596698,1.9663909999999998,6.285058162242396,3.3923174227787607
b2499,0.0318540616876491,0.5886165098515089,-0.5886165098515089,1.2261069657156247,0.772052554664836,0.09985865497130611,2.589967999999999,,
b2557,0.0318540616876491,1.1534069136828273,-1.1534069136828273,0.3951611682417489,0.504906893819095,0.8608546349528067,1.1022450000000008,,
b2476,0.0318223745537645,0.13465650141603594,0.13465650141603594,0.9178949015688563,0.5291771789218235,0.6528910616169966,2.745190000000001,8.411557216153938,2.662965012722429
b1131,0.0318223745537645,0.4975021592806283,-0.4975021592806283,0.912323256483352,1.116482866335162,0.4486493944043254,1.3106080000000002,6.484616607639522,1.2895066171949852
b0523,0.0318223745537645,0.35178216968234416,-0.35178216968234416,1.041949874169766,1.0929139926569442,0.18021236203231614,1.1878799999999998,8.299342146634498,2.4594316186372973
b0522,0.0318223745537645,0.7394751881041186,-0.7394751881041186,1.6461146945017808,0.9935655735352339,0.5158351290741102,1.1013020000000004,,
b2500,0.0315063704760534,0.6747875412810714,-0.6747875412810714,1.1546907355728682,0.6891734448641461,0.32148925485885693,1.3386320000000005,5.913200982015816,1.584962500721156
b3572,0.0283896994967888,3.4740231859254926,-3.4740231859254926,1.1784645576048258,1.110553895210411,0.19331029708412084,1.7751830000000002,,
b1704,0.0230286603263399,0.4897762010714662,-0.4897762010714662,1.6445580709607124,1.8231936248531337,0.28536535379082356,1.1747119999999995,6.277367083697833,1.584962500721156
b0754,0.0230286603263399,0.2902400255331798,0.2902400255331798,1.3868916963616573,1.443079209847659,0.660536968259922,2.1125049999999987,,
b2601,0.0230286603263399,3.803149937925827,-3.803149937925827,1.9377267429428469,2.7699037279194525,3.771203699739,1.9196589999999993,,
b1693,0.0230286603263399,0.8224664491873684,-0.8224664491873684,1.1082508960080708,1.0518885074143713,0.4499601525191801,1.1613240000000005,3.7804162156261976,1.584962500721156
b3389,0.0230286603263399,1.7833427713355685,-1.7833427713355685,0.4430576102896945,0.6059070818078329,0.3356656895731246,1.0382039999999986,6.237896933133273,1.280107919192735
b3281,0.0230286603263399,0.27969250394623063,0.27969250394623063,0.16909870085222378,0.48187500798151167,0.9816891878854164,0.7889299999999988,5.166984202704753,0.7369655941662061
b0908,0.0230286603263399,0.8192978154861799,-0.8192978154861799,1.8581926675014024,1.4685239155402992,0.2824299548014099,2.204645000000001,6.13420107301055,2.087462841250339
b2329,0.0230286603263399,0.1912962146776086,-0.1912962146776086,0.3113067186736708,0.9999612063771285,0.22039815191102463,1.0471329999999988,5.91681289794388,1.115477217419936
b3390,0.0230286603263399,2.1554364566514144,-2.1554364566514144,1.560183497768709,1.0086426430878979,0.49171142131283,2.863504999999999,8.794106746525156,1.7725895038969277
b0388,0.0230286603263399,2.4377114370227893,-2.4377114370227893,1.2604036954292392,1.806273467233744,0.6037324418319101,1.809416999999999,4.49285533330855,3.4594316186372973
b1692,0.0230286603263399,,,,,,0.26473800000000036,2.3573068810795035,
b0171,0.0226579536881984,1.0666815890293053,-1.0666815890293053,1.0531093799139353,0.42651567987785194,0.39800876334031077,1.8497700000000012,6.644744635504683,1.0
b0910,0.0226579536881984,0.30116130915312456,0.30116130915312456,0.76588982800507,0.5372770332474472,0.3301608785994422,1.930184999999998,3.7159350084496605,1.263034405833794
b2472,0.0218160380658343,0.6941953824854095,-0.6941953824854095,0.2850296406496215,0.6100382037933999,0.796654708099877,0.9879160000000002,4.384310097764014,1.415037499278844
b3359,0.0218160380658343,0.95203197500167,-0.95203197500167,0.4970057864817442,3.1855975780438612,0.7973670227688607,1.6877119999999994,,
b3809,0.0218160380658343,,,,,,0.6670789999999993,6.845072668778984,0.8073549220576042
b0031,0.0218160380658343,0.527031563259921,0.527031563259921,1.2393395638921567,1.3193491851164099,0.3373116413694508,1.7482599999999984,4.744313568680308,0.6780719051126378
b0166,0.0218160380658343,0.749396768405807,-0.749396768405807,1.4729877699830831,1.0618739526010676,0.46398530021769396,2.2673399999999972,5.135136609432511,0.4066252594626434
b2478,0.0218160380658342,0.2558622594073761,-0.2558622594073761,0.9591175737914546,0.4974348858981246,0.47983030381622827,1.740685000000001,,
b0221,0.0200795805859571,2.457082610176642,2.457082610176642,2.881973307165464,2.4243713799496565,0.7822772847179715,2.152736000000001,,
b3846,0.0200795805859571,1.779141829467375,1.779141829467375,4.143405892412739,3.137676549116759,0.2958703332441317,1.267135999999999,,
b2341,0.0200795805859571,1.7536559320298433,1.7536559320298433,3.596967366654855,2.952686290922352,0.547283736455269,1.3357669999999988,6.473971295394233,1.3219280948873622
b2342,0.0200795805859571,1.785990162240755,1.785990162240755,3.3195998970293927,2.967752742160576,1.0043674478078406,1.1654469999999986,7.291138024188904,0.4150374992788439
b3845,0.0200795805859571,0.2356675338728004,0.2356675338728004,2.2605865139159773,1.975773864310904,0.841571505647592,1.101894999999999,,
b2224,0.020079580585957,,,,,,0.48155900000000074,,
b2838,0.0186699572220611,1.4976795113884824,-1.4976795113884824,1.2906784548600023,2.7501455944527113,0.20054804176137825,0.8230889999999995,,
b4244,0.0173486364586207,0.05964636297581514,-0.05964636297581514,0.8900418463590849,3.400255039521833,0.5409387080645964,4.705145,8.77771405341882,
b4245,0.0173486364586207,0.24862081811516057,-0.24862081811516057,1.2789652217475735,3.7424941148604174,0.32277608069941177,4.532235,,
b3642,0.0173486364586207,6.142837790565297,-6.142837790565297,4.631598941868844,5.266375046473811,2.615601129054361,0.3328439999999979,,
b1062,0.0173486364586207,0.11914274577220152,0.11914274577220152,1.3449138360101838,1.9107517398811973,0.3696936606480656,2.064164,5.5020381710089135,0.637429920615292
b1281,0.0173486364586207,0.24559448513263651,0.24559448513263651,1.7907756485962167,1.1674471050803965,0.3463006607301108,1.664992999999999,4.098036878673725,0.7369655941662066
b2599,0.0165800001684432,1.6916223718866832,-1.6916223718866832,1.7052743208456222,0.9887438787385128,1.1606099799153562,1.4964469999999999,,
b2600,0.0165800001684432,2.663449091639158,-2.663449091639158,1.5371050924193195,2.545776427807682,1.580596800412895,0.9400120000000003,,
b4177,0.0141774239932306,0.09671397084547856,-0.09671397084547856,0.3857325748278656,0.9150122110130365,0.5566061287970279,1.6404190000000014,6.6163645136321705,0.400537929583729
b3960,0.0138714008241178,1.0957438646550435,-1.0957438646550435,1.3672739940989747,2.6177354286532797,0.6379894163658669,0.7440419999999985,7.246757550409462,3.115477217419936
b2818,0.0138714008241178,1.5038707292710887,-1.5038707292710887,0.49870766121225757,1.6577384710951584,0.8028990725170264,2.2595680000000007,,
b4254,0.0138714008241178,3.627902499973543,-3.627902499973543,0.9156677338434329,2.983689507506709,1.1786344459329412,2.017705000000001,,
b3957,0.0138714008241178,0.30518093095089655,-0.30518093095089655,1.2000320353953917,2.34752767239115,0.32871102112968154,0.9782279999999997,,
b0273,0.0138714008241178,2.3327124874178877,-2.3327124874178877,1.5597485097608244,3.537666247014392,3.3977937914822345,0.9129199999999997,9.118577521351273,
b1748,0.0138714008241178,1.744215696523181,1.744215696523181,3.1423239308250275,2.366568829076795,1.3055618398671531,2.8992620000000002,,
b3959,0.0138714008241178,2.4961932729378713,-2.4961932729378713,1.5902797772642023,4.034832750964254,1.00294333445228,1.9900900000000004,8.445551802842227,
b3172,0.0138714008241178,1.273885702749199,-1.273885702749199,1.4712993591675112,3.105082582222525,0.7565804235970979,2.5035100000000003,,
b3958,0.0138714008241178,1.4917810735420474,-1.4917810735420474,1.1690478044760373,3.2463166890902126,0.3422656103576118,2.029733000000002,,
b3772,0.0133821672054278,0.6315553875115006,-0.6315553875115006,0.6255159378565351,0.9659692813686472,0.8398204610627377,1.0839820000000007,,
b3117,0.0133821672054278,,,,,,0.541112,1.798064053171292,
b1206,0.0100849111810213,,,,,,0.5069639999999982,,
b3781,0.0097409746996797,0.47633457389705597,0.47633457389705597,0.44639034040424175,0.5902177891690555,0.38370614224742583,1.403430000000002,,
b0888,0.0097409746996797,0.8810536503030384,-0.8810536503030384,1.1691020716886595,0.7551563958737019,0.08838667417614637,1.2395950000000013,,
b2582,0.0097409746996797,1.291313824360017,-1.291313824360017,0.9539141324413369,0.6417789219276162,0.1289562876307524,1.7538659999999986,,
b3607,0.0097409746996797,0.3097831895076411,-0.3097831895076411,0.42886599279810284,0.722155107488623,0.5576566105152668,0.7625860000000007,,
b2421,0.0097409746996797,0.6452571379331433,-0.6452571379331433,1.0456658178407217,0.8821240549148475,0.4353321716081285,1.6368970000000012,,
b2414,0.0097409746996797,0.357845593197564,0.357845593197564,0.7012124659060635,0.48303891067415483,0.9062074173384828,4.826605,8.761519560632353,2.070389327891399
b2764,0.0097409746996797,2.3615119013837473,-2.3615119013837473,1.5188744108208205,1.1152341008633033,1.1911304692059301,1.5252,,
b2762,0.0097409746996797,2.8112936306379686,-2.8112936306379686,1.8123272916236162,1.075141065593439,1.403477331034151,2.8579000000000008,6.494334749904475,3.906890595608519
b4214,0.0097409746996797,1.9090966830876992,1.9090966830876992,0.6940196768494604,0.6457417590969117,0.6967477553579432,2.37885,,
b2763,0.0097409746996797,2.98701879598265,-2.98701879598265,1.03687454087159,1.3104266324805636,1.7222233040184118,1.6831249999999986,7.714050317587833,3.115477217419936
b2750,0.0097409746996797,1.868462468905972,-1.868462468905972,2.109971124049154,1.234674516164339,0.7909244073653379,2.6968889999999988,7.207879037651323,
b2751,0.0097409746996797,2.507338882972587,-2.507338882972587,1.391953729620016,1.1940289017737293,1.2036687294145003,2.397879999999999,6.784055542090257,4.459431618637297
b2752,0.0097409746996797,2.85964202011083,-2.85964202011083,1.866141097167412,1.2540670810930175,1.2378626514419888,3.0493349999999975,,
b2507,0.0094170647525435,0.5714909073133378,-0.5714909073133378,1.6436683943202355,1.4039479542532767,0.36437617742194955,1.9309089999999998,,
b3648,0.0094170647525435,0.590975707116261,0.590975707116261,1.0721569931697508,0.8484482735744817,0.2842848907084002,0.8511559999999978,,
b2508,0.0094170647525435,0.07694412391737794,-0.07694412391737794,1.552864503156255,1.4192309927308207,0.5669483457492117,3.1171349999999984,,
b3744,0.0092125479569482,3.6648418771623823,-3.6648418771623823,2.6340720325219307,3.5345763625458346,1.3999118429481843,0.4111659999999997,,
b0242,0.0077472604873042,0.9165915930442421,-0.9165915930442421,0.09910043971158139,0.82508859017588,0.8207370619046552,0.6089420000000008,,
b0243,0.0077472604873042,0.15825117980815118,0.15825117980815118,0.2971311738777989,0.3651236683546127,0.4125522946481795,0.7449939999999984,5.0813808027022995,1.1520030934450505
b0386,0.0077472604873042,0.3424753226589124,0.3424753226589124,1.1263122536231485,0.6613921216640035,0.43417466132746957,0.36866099999999946,,
b3290,0.0060405425982499,0.6720118702157253,0.6720118702157253,1.6057171793461984,0.590852974908549,1.2304380848259788,1.2298090000000004,4.030687682045818,
b3849,0.0060405425982499,,,,,,0.6993939999999998,4.890208685651394,
b1291,0.0060405425982499,,,,,,0.634532000000001,3.520438573928476,
b1363,0.0060405425982499,,,,,,0.6696300000000006,1.8332815802696185,
b1250,0.0060405425982499,1.2527446951454297,1.2527446951454297,1.2749056619239998,1.1689396263595415,2.14721193869479,1.2927230000000005,,
b3747,0.0060405425982499,,,,,,0.1962300000000008,,
b2780,0.0040853835004268,0.5516236941642688,-0.5516236941642688,1.2414330994683422,0.9794203403901992,0.5892174698538929,0.6427300000000002,7.778665237320526,0.3048545815284216
b4019,0.0037775601311251,1.2123802745389882,-1.2123802745389882,0.5485102072926045,1.1373267697841891,0.9613946875231513,0.3680210000000006,,
b3941,0.0037775601311251,1.5080390418968008,-1.5080390418968008,1.630577654731104,3.188936940911006,0.4504420229284647,2.5007400000000004,10.69309767172348,
b3829,0.0037775601311251,3.092800092945409,-3.092800092945409,2.9877717905182215,5.365785150727819,1.032105711306537,3.664740000000002,,
b3939,0.0037556645362035,2.1704080113944526,-2.1704080113944526,1.2834736725746507,2.6009746179996136,1.2123327963545485,0.9478950000000008,,
b1622,0.0037556645362035,,,,,,0.8074300000000001,3.6755229401158793,
b3008,0.0037556645362035,2.660406038175529,-2.660406038175529,0.8360980035518626,2.9959085671666985,1.8480338431466343,1.436046000000001,,
b4013,0.0037556645362035,2.4187377422077536,-2.4187377422077536,1.8087028365937443,3.3305803039374813,0.9544373209334184,2.446819999999999,,
b0452,0.0035876067814277,0.5970131734550673,0.5970131734550673,0.40058298938873416,0.8172968459834227,0.29680540500640323,0.3305119999999997,,
b1094,0.0035876067814277,1.0860118223522683,1.0860118223522683,0.3968732847584953,0.6015752656034566,0.7649117989037811,1.502640000000003,3.5863246557098822,0.8300749985576878
b2836,0.0035876067814277,0.6794361154844196,-0.6794361154844196,1.3575487517934979,0.9343461139752526,0.7660677400460596,0.2712039999999991,3.1266990564695094,1.584962500721156
b3608,0.003064446359897,0.6000710929732589,0.6000710929732589,0.3732732151648101,0.6408941009013902,0.3866320329095127,0.3988080000000007,3.3348370393930993,0.8744691179161412
b2895,0.0018751928520229,1.4080187059372835,-1.4080187059372835,2.6376980965741685,1.846581284630846,1.0908069641854916,0.6266389999999973,,
b1378,0.0018751928520229,0.15789872888662237,0.15789872888662237,1.0763477061680056,0.6573528622405377,0.5409950467967903,1.2652899999999985,,
b0684,0.0018751928520229,0.7638029642428833,0.7638029642428833,0.6476234283252502,0.31793031529508364,0.6967553939777821,2.4599600000000006,5.085827860266541,0.84799690655495
b2026,0.0014229705033964,0.9556213866712548,-0.9556213866712548,1.6294397560366585,1.8052235205722529,0.46394284846185796,1.3498220000000014,,
b2023,0.0014229705033964,0.7670319436842301,-0.7670319436842301,1.230322647095212,1.5133094980470738,0.685206779814165,1.1576750000000011,6.0925207586518155,1.222392421336448
b2025,0.0014229705033964,1.0240926795043943,-1.0240926795043943,1.3732178866536835,1.562494469870327,0.51421109036553,1.9117190000000015,6.056931250452866,1.37851162325373
b2021,0.0014229705033964,1.8459564350926323,-1.8459564350926323,0.886939833463729,1.4340075466948345,0.5932503472168326,1.7463180000000005,6.263073016352932,0.893084796083488
b2024,0.0014229705033964,1.729584367317922,-1.729584367317922,1.289301451312574,1.4661512445380998,1.0472302000060367,0.8818409999999979,5.872572561691189,0.485426827170242
b2020,0.0014229705033964,1.101620607991397,-1.101620607991397,1.0505591861392178,1.3727465118927613,0.555385371624501,1.069204000000001,7.334038052847345,1.736965594166206
b2022,0.0014229705033964,1.697404242056953,-1.697404242056953,0.9148336116971331,1.372980421885365,1.1617065507908113,1.039107999999997,7.248293839017767,0.8744691179161412
b2019,0.0014229705033964,2.2861239755968197,-2.2861239755968197,1.265711945848412,1.6799426616823376,1.071137447962914,1.7244119999999992,7.5690495255696275,1.6520766965796931
b3176,0.0014154703820311,0.6752952692343499,0.6752952692343499,0.6739761037066306,0.3459262649488022,0.49470279090290675,1.062666,5.479233340602544,0.6129768768907526
b3729,0.0014154703820311,0.749345857807325,-0.749345857807325,0.9115872819044265,0.9553347641460498,0.8460556904750456,0.9919449999999994,5.82519986633285,1.353636954614701
b3730,0.0014154703820311,0.474818917759277,0.474818917759277,0.3896547715679422,0.42401748820231894,0.22518374150453263,0.8417249999999985,6.364268462203093,1.807354922057604
b0185,0.0009603765216535,0.5788995280320351,-0.5788995280320351,0.4960054718018613,0.6554490013747675,0.4149349270701319,0.9776320000000016,5.621781612238867,0.2895066171949851
b2316,0.0009603765216535,1.2363375512040848,-1.2363375512040848,0.1715578214422922,0.6317993893608077,0.7956296948256462,1.5079700000000003,4.071190933437972,0.5849625007211561
b3256,0.0009603765216535,0.43669538004397807,-0.43669538004397807,0.6195438836548826,0.4700402666338463,0.8715705213606265,2.181305000000002,4.6879309060253265,0.7705181538772328
b3255,0.0009603765216535,0.4863114814834978,0.4863114814834978,0.6163191586812645,0.5776757127936603,0.48295522266814306,3.0877,,
b1092,0.0009603271646353,0.8230074155591369,-0.8230074155591369,0.960677085951884,1.1963462239108105,0.9475348349421429,1.8723600000000005,5.265475823307771,0.2313255461064551
b1093,0.0009602284544039,0.764613165718296,-0.764613165718296,0.8082133596713644,0.5695292282956439,0.5973264944468673,1.2510000000000012,4.114651785281046,1.0297473433940525
b1095,0.0009602284544039,0.4156218758227937,0.4156218758227937,0.09219881664972521,0.8798416056240607,0.3758916389065259,0.3397539999999992,6.8127736921229864,1.4671260104272985
b2323,0.0009602284544039,0.3812920715800706,-0.3812920715800706,0.11214737834557091,0.33477759442184746,0.17399859083484784,1.6777850000000036,,
b3018,0.0008969016953569,0.6292396102770282,0.6292396102770282,1.0803220236676607,0.6430655931626214,0.24859374839157938,1.035248000000001,4.982385686333412,
b4041,0.0008969016953569,0.791324924907879,0.791324924907879,1.1753132020394261,0.7357463681627678,0.5891197194918032,0.3700739999999989,,
b4160,0.0008969016953569,0.23473143702026264,-0.23473143702026264,0.38418513271117544,0.5196367512615298,0.4378373900524226,0.8737010000000005,5.175483201533481,0.8300749985576878
b2585,0.0008969016953569,0.21577705435846686,0.21577705435846686,1.797102016647813,0.8318657560752218,0.7121812912547997,0.5986449999999994,,
b0175,0.0008969016953569,1.585756990173004,1.585756990173004,0.9958880206311067,2.144111529228087,0.8100626160117159,0.7637229999999988,4.152657679876207,
b1262,0.0005122729860436,1.0886972321869042,-1.0886972321869042,0.7488012069636941,3.616639833179422,0.5584337480050163,1.3671240000000022,1.6146021075799255,3.115477217419936
b1260,0.0005122729860436,1.1726663944044349,-1.1726663944044349,0.6513800032193202,1.9676339222202681,0.5743938628064347,1.6610440000000004,2.1926877496140804,3.019899557437705
b1261,0.0005122729860436,1.3989319178821076,-1.3989319178821076,1.0816450980871186,3.085022413636316,0.7161314442605153,2.2532200000000007,2.165694477211737,0.6322682154995123
b1263,0.0005122729860436,1.5939195710702594,-1.5939195710702594,0.5082522050191777,1.0981453255841471,0.7055790578478064,1.2475959999999997,1.7863538424839014,2.857980995127572
b3708,0.0005122729860436,0.3949109638284774,0.3949109638284774,3.2255415685194753,6.542803917415678,0.24474030070660277,1.072982999999999,3.546128306971708,0.1597236885914981
b1264,0.0005122729860436,1.034528226051115,-1.034528226051115,0.6091027122339382,2.6001118664227514,0.5512481204531094,0.6937680000000004,2.1178944652447953,2.0443941193584534
b2903,0.0004727203982757,0.34196498846658685,-0.34196498846658685,0.4994760718648515,0.9703802190156454,0.5160100583016878,0.5496970000000001,3.7023398045952214,1.1015380264620624
b2904,0.0004727203982757,0.6354705176320142,-0.6354705176320142,1.3735987267433174,0.8661668380373119,0.30501329368054064,1.5476850000000013,3.698138301599412,
b2905,0.0004727203982757,0.5864582743486803,-0.5864582743486803,1.6797859972868847,1.224439993052474,0.4829499659172189,1.2781649999999996,3.836355131765356,1.584962500721156
b0914,0.0003346901181965,0.6752925937555696,-0.6752925937555696,0.3601354144351675,0.7811180964852482,1.2354517520830401,1.1806090000000005,5.637677878425985,1.0
b1190,0.0002754511386134,1.7363703905069439,1.7363703905069439,1.9751250763845905,3.4304023060016946,1.11395117082974,0.936141000000001,,
b4053,0.0002754511386134,0.361281979076695,-0.361281979076695,0.37065089917105914,0.9171157361798786,0.8308930460747277,0.16664499999999904,4.489882107044799,1.1699250014423122
b1215,0.0002400571136009,0.32943648613105353,0.32943648613105353,0.4236894078429539,0.39716881756281264,0.6140113197144155,0.8779070000000004,,
b3198,0.0002400571136009,0.5093506236348575,0.5093506236348575,0.17776784216996613,0.8304676379098102,0.8018979406345592,1.0388259999999985,6.311024129255015,0.5849625007211561
b2708,0.0002400571136009,0.22188308661519374,-0.22188308661519374,0.43928483768521176,0.5103589472881246,0.6765062990598336,0.4314,,
b0918,0.0002400571136009,0.16878552140235153,-0.16878552140235153,1.002204305316692,0.595075033042965,0.24904119971797217,1.8547969999999978,5.078600761826851,0.7369655941662061
b0096,0.0002400571136009,0.5650965992480896,-0.5650965992480896,0.3829207895186471,0.4412026833606426,0.48993890647377797,2.0043499999999987,3.0502974082919874,
b3197,0.0002400571136009,2.695094759345707,-2.695094759345707,0.4060531316423682,0.5641194869342294,1.2204110555460643,1.8725500000000013,4.342991301691093,2.321928094887362
b0181,0.0002400571136009,0.4922272020026081,-0.4922272020026081,0.13942036779695247,0.29089829833863556,0.6161426848820636,1.3135279999999998,6.065664216229271,0.84799690655495
b0179,0.0002400571136009,1.2448335328297069,1.2448335328297069,0.16681555670651096,0.770728206252662,0.28891165012234,1.8786950000000004,5.778210742662413,1.078002512001273
b0085,0.0001224227282726,0.5672130692001492,-0.5672130692001492,0.7322607468922333,0.4438034259708073,0.2739279786429863,0.4006989999999977,4.00259388561926,2.0
b0088,0.0001224227282726,1.450209072570332,-1.450209072570332,1.0543353019225397,0.45109157008697465,1.1379387706549964,0.5986340000000006,4.7824707769658215,1.0
b3967,0.0001224227282726,0.3781508260321289,0.3781508260321289,0.47739374224406605,0.3774714197624297,0.44254550342420396,0.9025530000000002,5.6124992998736785,1.584962500721156
b0381,0.0001224227282726,1.0524620727210925,1.0524620727210925,1.4259341806793253,2.019982607628779,1.1214055361032356,0.5904209999999992,,
b1278,0.0001224227282726,,,,,,1.0685970000000005,,
b0086,0.0001224227282726,0.5597715511757663,-0.5597715511757663,0.8593244239326991,0.8669285938924342,0.2163507366217896,0.36089399999999827,4.397426463156122,0.7369655941662061
b0092,0.0001224227282726,1.4420046460714164,1.4420046460714164,0.3313330313795319,0.31583597451698475,1.1252906835349998,0.7658759999999987,3.3439445881142174,1.1375035237499351
b3057,0.0001224227282726,,,,,,0.7113859999999992,,
b0841,0.0001224227282726,,,,,,0.4164329999999996,,
b3189,0.0001224227282726,1.4432304368439053,-1.4432304368439053,0.447562153166416,0.6954250261135754,0.6488763753858076,1.396248,,
b3972,0.0001224227282726,2.2573656802371413,-2.2573656802371413,1.3751416786262023,1.3193970417987801,2.597132532481407,1.3859710000000005,5.533905630542906,0.5849625007211561
b0090,0.0001224227282726,0.18516377112084223,0.18516377112084223,0.47919360532218913,0.4499713206724407,0.838887393704016,0.8311420000000016,4.565281097724559,0.4150374992788439
b0087,0.0001224227282726,1.4211718840113776,1.4211718840113776,0.8401671929144569,0.9042189897344264,0.889716444996351,1.0876289999999997,4.584789897783547,
b0091,0.0001224227282726,0.2441963513843936,0.2441963513843936,0.9822711375938603,0.4676892839889405,0.4703593248728338,0.16850900000000024,4.505994193606519,1.0
b4238,0.0001157235423098,2.367878833167415,-2.367878833167415,1.3430891739514235,0.7794696308028054,1.7261263594087162,1.5251069999999984,4.225282555722915,0.6918777046376685
b3924,0.0001157235423098,0.3492448958715549,-0.3492448958715549,0.7268417292072665,0.6406561667214565,0.7018171882816073,0.28294500000000156,,
b4237,0.0001157235423098,,,,,,0.6258449999999991,,
b1606,0.000114169650783,0.33273219700686957,0.33273219700686957,0.4896101311235268,0.7224115702055668,0.5507076219789139,0.18776699999999735,,
b0048,0.000114169650783,0.7971007983211115,0.7971007983211115,0.5068417552102916,1.1470565047829804,0.41691077878837085,0.7245190000000008,,
b2827,0.0001085480803681,1.0253077591491693,-1.0253077591491693,1.23015569218868,0.8344153199921778,1.06966793835203,1.0561330000000009,5.9380317053974965,0.84799690655495
b3640,0.0001085480803681,0.722731349251395,-0.722731349251395,1.4113700269376255,1.1965858057450751,0.3809260035679888,2.0198490000000007,6.622941266378766,1.584962500721156
b1098,0.0001085480803681,1.8398090812583572,-1.8398090812583572,1.2787952717963367,1.6801794091272286,1.2282332061331351,0.7308559999999993,3.1564882598716104,0.2630344058337939
b2251,0.0001085480803681,,,,,,0.30450399999999966,,
b4261,6.001427840024629e-05,0.8509600132472257,-0.8509600132472257,1.2517904469077406,0.6392189350352326,0.251648373191207,0.3422590000000003,,
b3200,6.001427840024629e-05,1.0440286666501553,1.0440286666501553,0.40408884500787634,0.4934326603454532,0.4573034537995151,0.887264,3.093740898670725,1.0
b3201,6.001427840024629e-05,0.6569224182896535,-0.6569224182896535,0.48391341946861177,0.5131653475758827,0.49812048669642506,0.9747410000000016,4.161264364327824,0.4594316186372973
b4262,6.001427840024629e-05,0.4919624711274644,-0.4919624711274644,0.6602794181395891,0.7368553515357529,0.947200465486335,0.24491599999999814,,
b3633,6.001427840024629e-05,0.7469714562412558,-0.7469714562412558,1.011299911710611,1.1513655807827714,1.5210211857945515,0.5804749999999999,,
b3199,6.001427840024629e-05,0.38444071804057495,0.38444071804057495,1.0673136225763764,0.8734976205882709,0.4742831155530623,1.0405780000000018,5.956269356789324,1.584962500721156
b0915,6.001427840024628e-05,1.1577864291738247,-1.1577864291738247,1.3701038717423,1.4594237778025638,0.6862079238450252,0.4644080000000006,3.850050672087519,
b0182,6.001427840024628e-05,0.6664451035616559,-0.6664451035616559,0.6014380110505294,0.6462009174801111,0.7322090874736691,0.6188149999999997,5.849285482599077,
b0524,6.001427840024625e-05,,,,,,0.5295509999999979,4.1495334973629605,1.584962500721156
b3040,4.089711169464834e-05,,,,,,0.7307829999999989,,
b0149,3.060568206815759e-05,0.21805868658271052,0.21805868658271052,0.9696728596942457,0.6561214889468305,0.8732246123315895,0.4091680000000011,5.090966050492421,0.6280312226130418
b1069,3.060568206815759e-05,,,,,,0.42482999999999826,,
b0635,3.060568206815759e-05,4.277138735671784,-4.277138735671784,0.7052243550037266,0.9787167154047565,2.7152650017217606,0.5030370000000008,3.853852402898531,
b3396,3.060568206815759e-05,1.3979603254227975,1.3979603254227975,0.5665524999248924,1.561518086761469,1.5996680920281834,0.3893009999999997,,
b2519,3.060568206815759e-05,,,,,,0.13812099999999816,2.2184395416213025,
b0084,3.060568206815759e-05,4.626120503387363,-4.626120503387363,0.6991290855203633,1.321298651096747,0.5963504196144811,0.23753400000000013,2.009381307850717,2.321928094887362
b4208,3.060568206815759e-05,1.3634319550468936,-1.3634319550468936,2.807417776502961,1.7697393312651144,0.33596294617669903,1.1373200000000008,,
b4209,9.665561371507808e-06,5.74018660289269,5.74018660289269,0.7589644378576142,2.515679522313942,5.786929916874055,0.39361700000000077,,
b0007,4.295254891668811e-06,,,,,,0.8188620000000002,,
b3196,4.295254891668811e-06,,,,,,0.9753930000000004,,
b2400,2.018353187330823e-06,0.39653402108248614,-0.39653402108248614,1.0350251363461667,0.7798378891267054,0.22016831228959854,0.4697899999999997,,
b0154,2.018353187330823e-06,0.6592873467005461,-0.6592873467005461,0.7208241713631799,0.598789280104044,0.1743820362786174,0.6173719999999996,,
b1210,2.018353187330823e-06,10.049672644497726,-10.049672644497726,4.550847862391328,10.057759484938936,10.05093776686903,0.806159000000001,,
b0420,1.2742469415517724e-06,1.065379813516148,-1.065379813516148,0.39209958643929715,0.4152164338762681,1.092634749306051,0.5765659999999997,5.721836380606902,0.2995602818589078
b0155,1.073813722917203e-06,,,,,,0.42257500000000014,,
b1592,1.073813722917203e-06,,,,,,0.7961679999999998,,
b1849,9.53987248699832e-07,0.9876039326063814,-0.9876039326063814,1.5307838848127697,1.3772410744577825,0.5596427972769941,1.8684129999999985,,
b0029,9.048566300811854e-07,3.4765510337929117,-3.4765510337929117,1.2492755335351566,0.9083764750423244,1.0710734088052964,0.10112599999999894,5.637860501219548,1.584962500721156
b1208,9.048566300811854e-07,0.32998366506285204,-0.32998366506285204,0.3895565006712432,1.1867236823729714,0.26325399221237356,1.650386000000001,6.391990037045153,1.415037499278844
b2746,9.048566300811854e-07,0.2692374747478908,-0.2692374747478908,0.0671164574782999,1.24103395322516,0.27121201611292545,0.7076699999999985,4.990320247877077,0.4150374992788439
b2515,9.048566300811854e-07,2.7410339471812866,-2.7410339471812866,0.7768476379573305,1.0344748028319675,0.9149473670153467,0.5409119999999987,3.7840969629667502,1.362570079384708
b0173,9.048566300811852e-07,,,,,,0.4399550000000012,4.370725249588505,
b2747,9.04856630081185e-07,0.5082587301342277,-0.5082587301342277,0.1789826811694266,1.1554582240730644,0.9863027929051972,0.32729299999999917,5.510550905919038,
b0750,8.227254140392701e-07,4.717393208764393,-4.717393208764393,1.2098412628839899,1.5529316202481496,0.6398154130751857,1.518383,6.363555402244754,
b1740,8.227254140392699e-07,0.15036059443635325,-0.15036059443635325,0.6969252148880241,0.8677734424088422,0.24644434105266128,1.9951129999999981,,
b0109,8.227254140392699e-07,0.9392310412003416,-0.9392310412003416,0.5443427767362653,0.5152195692567713,0.4804334469639165,0.1755980000000008,,
b0639,8.227254140392699e-07,2.3475227087788437,-2.3475227087788437,1.069178274259376,0.691321162909929,0.4504346584739765,0.6885280000000016,4.197032101778457,
b2574,8.227254140392692e-07,0.1880204214445016,-0.1880204214445016,1.196839203883226,1.845249233657579,0.4192455893810959,0.940639,,
b2530,5.165375352499223e-07,2.4074116051866863,-2.4074116051866863,1.036287940121158,0.5204983608510821,0.4260789438715743,1.005541000000001,3.3584768803354423,1.7004397181410926
b0369,5.045882968327057e-07,0.16823307196809192,0.16823307196809192,0.44310910712770013,0.25697802236059575,0.5528847809504333,0.35992999999999853,,
b2942,1.2784982760282022e-07,2.174917905724897,-2.174917905724897,1.158406354112595,1.496392045983695,0.8706511718541778,2.3639849999999996,,
b1662,1.2614707420816142e-07,0.26525999441020254,-0.26525999441020254,0.7455065653683973,0.4577009825672416,0.4984464358194082,1.6735749999999996,,
b3041,1.2614707420816142e-07,0.2954497945162169,0.2954497945162169,1.302069175102743,2.173032570268076,0.5518573664998898,0.697791999999998,,
b4384,7.18087888531248e-08,0.2255686584805261,0.2255686584805261,0.3444969619920244,0.9295673690636227,0.12502366831640677,0.3838690000000007,2.4683115731907934,0.6648158084103706
b3360,7.095772924225186e-08,,,,,,0.44383700000000026,2.985828406330637,
b1812,7.095772924225186e-08,0.9363887387643164,-0.9363887387643164,1.854314914489218,1.4283541239303703,0.5454555868994668,0.5440050000000003,,
b1096,7.095772924225186e-08,,,,,,0.640096999999999,3.340515233352033,
b3177,7.095772924225186e-08,0.7477858227224695,-0.7477858227224695,1.439241434586064,0.7373711000030027,0.23389093720886284,1.4684810000000024,4.934360057983572,1.3219280948873622
b1865,7.095772924225182e-08,,,,,,0.9687279999999987,5.811314799507287,
b4468,7.095772924225182e-08,0.007726010022345384,0.007726010022345384,0.022693454550318133,11.692691547978114,0.009889021604376243,,2.8686487009448465,
b2979,7.095772924225182e-08,3.23187206959572,-3.23187206959572,0.8814015901946087,1.3006893830660415,1.1887392403918065,1.0203479999999976,,
b0142,7.095772924225182e-08,,,,,,0.4376040000000021,3.5231368692876175,2.0
b0099,7.095772924225182e-08,,,,,,0.4376219999999993,,
b2976,7.095772924225182e-08,1.7689132169544295,1.7689132169544295,3.1009294106247562,3.394774510301284,0.3615514588296244,1.582807999999999,2.5957561353013903,0.7136958148433594
b1415,7.095772924225182e-08,0.06974163116662295,-0.06974163116662295,4.003850672969905,3.40624880888013,1.1179928654697544,2.482100000000001,,
b4014,7.095772924225182e-08,0.7549600232191598,0.7549600232191598,2.4764798727503075,2.5331573783813814,1.74910457586632,1.8694099999999985,4.004448018852735,0.9827220085681638
b2315,7.095772924225182e-08,1.2391106698826988,-1.2391106698826988,1.0605233377774959,1.0203043608369302,0.43154729699734246,1.1003659999999993,3.4270930614198925,0.5849625007211561
b4467,7.095772924225182e-08,5.40828570963726,-5.40828570963726,6.179181160690934,7.227324573067268,5.384304216948444,1.4607859999999988,3.0292730402968577,
b3058,7.09577292422518e-08,2.42719488928404,2.42719488928404,2.9046630886381686,3.477922281883742,2.98024951637648,0.9271100000000008,,
b2153,7.09577292422518e-08,2.9498351728078163,-2.9498351728078163,2.837273035501655,2.8958112300544854,1.125340033019303,3.182055000000002,,
b0425,5.2600811011116584e-08,,,,,,0.41717399999999927,,
b0131,5.2600811011116584e-08,2.023899115881001,-2.023899115881001,2.219906013786084,1.3034143849389161,0.5804000643832109,1.615910000000003,,
b0134,5.260081101111657e-08,0.40801559775412044,-0.40801559775412044,0.30112145034175397,0.42006741881159604,0.42796019717880474,1.35614,4.433544042842595,0.5145731728297585
b3639,5.260081101111655e-08,,,,,,1.7469980000000014,,
b0133,5.260081101111655e-08,0.019385909826329026,-0.019385909826329026,0.1954738619954784,0.3476632916448394,0.24676543916133176,0.9533090000000009,,
b3974,5.260081101111655e-08,1.5074938397422097,-1.5074938397422097,0.8225246629360122,0.599904785361667,0.9878108358053609,1.5594719999999995,,
b3634,5.260081101111655e-08,0.2700893057797855,0.2700893057797855,0.9268847933760871,0.736027073803532,0.588623482614105,0.32394299999999987,,
b0103,5.2600811011116545e-08,0.8974692186472543,0.8974692186472543,0.30280466944930273,0.8747082149654263,0.40614301069027814,0.6434230000000003,,
b0826,3.775609910745236e-08,,,,,,0.48000699999999874,,
b0784,3.775609910745236e-08,1.2356752362314356,1.2356752362314356,2.0308633336607445,0.8331016416262947,1.3852292932913173,0.20159300000000258,4.9500799015614785,1.584962500721156
b2687,3.18202436981855e-08,1.0489418333600136,1.0489418333600136,0.5456099490612919,0.611273031753098,1.3123811679107205,0.7952600000000007,,
b0159,3.18202436981855e-08,,,,,,0.7468940000000011,,
b2615,3.1678347581933296e-08,10.729220377243525,-10.729220377243525,1.6931685057597607,1.8819276460128773,1.741974365966252,0.9212410000000002,,
b3804,3.1536768552044127e-08,2.398979128064657,-2.398979128064657,0.8586120805358857,0.711064841869542,0.7227758210853243,0.4020860000000006,3.6240540154887166,
b3805,3.1536768552044113e-08,0.23998143240763317,0.23998143240763317,0.3430426632147822,1.1907978284215956,0.13550302652607674,0.938857999999998,,
b0414,3.153676855204036e-08,0.23262121307670225,-0.23262121307670225,1.023122847846876,1.08223991495152,0.2873172241619315,0.7740989999999996,5.721016383885863,1.3219280948873622
b0415,3.153676855204036e-08,0.3023896059887204,-0.3023896059887204,1.1659719600506333,0.844635469517786,0.8053669214482951,1.3743180000000024,4.971422165510525,0.9125371587496608
b1277,3.1536768552040355e-08,0.24255662759227362,-0.24255662759227362,1.1535675628923225,0.8477123830790513,0.48667203814875637,1.2564470000000014,,
b3816,1.6540647943183114e-08,0.507742024016194,0.507742024016194,1.8651422983487473,0.7231791429162665,0.8779432021554808,0.4446520000000014,,
b3807,1.2968195220510177e-08,2.691108622860835,-2.691108622860835,1.6807475782948051,1.75790899361737,1.3599361043523268,1.034139999999999,,
b2529,1.2968195220510177e-08,3.4138117049505334,-3.4138117049505334,0.9787618770795807,0.4722485014623318,0.5984458091506535,0.5218950000000007,4.3366539703566955,
b0421,1.2252848542984292e-08,4.173316721744486,-4.173316721744486,1.3110165596350385,2.4338590241305487,1.7453830248460946,1.672694,6.539298610756483,1.415037499278844
b2889,1.2252848542984292e-08,2.147706592478678,2.147706592478678,2.10397943988725,2.261080926787566,1.0284251227610943,1.3452240000000009,,
b2528,1.0717516711165426e-08,3.151818036388702,-3.151818036388702,1.5800962887176653,0.776024997285411,0.7903270166731606,0.7644599999999997,4.246884787813546,
b0781,9.439024776863096e-09,,,,,,0.466626999999999,,
b0783,9.439024776863096e-09,0.9507225165174162,0.9507225165174162,1.1325327443673954,0.8902282472932158,1.2073388377633363,0.7651710000000005,3.3194880304282623,
b0785,9.439024776863094e-09,0.7948336322802052,0.7948336322802052,1.6263909288295253,1.012432989759937,1.1727867871136135,0.5981499999999986,2.4018176668334577,0.7369655941662061
b0009,9.43902477686309e-09,2.3546796166548063,-2.3546796166548063,0.5901819791922716,2.66854337407624,2.1772382487683863,0.38998699999999964,,
b3803,7.884192138011033e-09,0.05294309244020992,-0.05294309244020992,0.2917266391886238,0.3806336951449585,0.3028117626082619,1.320276999999999,4.080184662092635,0.485426827170242
b3368,7.884192138011033e-09,0.2535157141971229,0.2535157141971229,0.6983305349489994,0.9004952219118866,0.9841710323578131,0.533729000000001,2.8146348471442,1.584962500721156
b3187,7.884192138011032e-09,2.727951387261748,-2.727951387261748,0.4973185283705236,0.9719456836417144,1.2736276566134248,1.0206170000000014,,
b3994,7.884192138011032e-09,,,,,,1.7526040000000007,3.08757172200627,
b4407,7.884192138011032e-09,,,,,,2.3545599999999993,4.168365792696298,
b0417,7.884192138011032e-09,0.32286215300599974,0.32286215300599974,0.7417136119186334,1.0240615210347896,0.22515342499378826,0.15390699999999846,4.7048342408063135,0.7369655941662061
b3993,7.884192138011032e-09,,,,,,0.6976760000000013,3.0277430734978785,
b3843,7.884192138011032e-09,0.3053130712868225,-0.3053130712868225,1.5857103291046923,0.8255273590926699,0.4279183585988154,0.25202999999999953,,
b2311,7.884192138011032e-09,0.6157919955446526,-0.6157919955446526,0.501944037600752,1.1141551945006876,2.355554754393158,0.6646940000000008,3.5822887574357054,1.584962500721156
b3992,7.884192138011032e-09,,,,,,0.5449069999999985,3.7283678173479258,
b3990,7.884192138011032e-09,,,,,,1.439947,3.7819617962696976,
b4039,7.884192138011032e-09,1.5177321815403684,-1.5177321815403684,0.6261065571418438,0.7518768067481129,1.6033034970579783,0.5533780000000004,2.5208921806197946,
b0423,7.884192138011032e-09,1.1793393092323965,-1.1793393092323965,0.7775361380673725,0.9279914819977533,0.3960736852728615,1.1667349999999992,,
b3835,7.884192138011032e-09,3.7360653495850813,-3.7360653495850813,1.5471634604744735,3.192387153525991,3.329866212162432,1.4880999999999993,4.788807915533375,
b4040,7.884192138011032e-09,,,,,,1.0760619999999985,,
b2103,7.884192138011032e-09,,,,,,0.31102300000000227,3.296668414465356,
b3850,7.88419213801103e-09,0.24733605760535232,-0.24733605760535232,0.6315178353770581,0.8569498177397576,0.4184456419870866,0.7921320000000005,5.082898800519654,1.736965594166206
b2436,7.88419213801103e-09,,,,,,0.3561059999999996,,
b0052,7.88419213801103e-09,0.4393135499549534,-0.4393135499549534,0.588725591376021,0.6460126444876303,0.5675323316195594,0.24830200000000247,4.905735245205053,
b2564,7.88419213801103e-09,2.6704399785185147,2.6704399785185147,1.297889606125607,1.5081544275334402,2.163049562335689,0.8422070000000001,4.553703288829606,0.5849625007211561
b3991,7.884192138011027e-09,,,,,,0.5432930000000002,4.273497722636369,
b0475,7.884192138011027e-09,0.5783249252814413,-0.5783249252814413,2.7148336720373276,2.2227823427568136,7.957632613252142,0.11584100000000142,,
b2927,7.884192138011027e-09,1.2777561873107601,-1.2777561873107601,1.267254457948343,1.707356919214844,1.4092736042681835,0.862956999999998,3.427684864272339,
b3997,7.884192138011027e-09,1.6144120742888264,-1.6144120742888264,3.539677463437903,2.5531699776718586,4.306143340525094,0.33487699999999876,4.80675537024174,1.0
b2320,7.884192138011025e-09,0.24538206652453737,0.24538206652453737,0.44818993943189794,0.630997883811675,0.3526262336898182,0.7479570000000004,,
b0025,7.884192138009159e-09,0.3090228453968362,-0.3090228453968362,0.2677803730936357,0.3924437700899578,0.5623986707249881,0.7465979999999988,7.084462929678648,1.736965594166206
b3917,2.638316502818105e-09,0.7818939253175398,-0.7818939253175398,1.4988002333971604,1.1963151348174437,1.0692832042883993,0.9249249999999982,8.167585308372253,3.7004397181410926
b0763,2.638316502818105e-09,0.21015385116073734,-0.21015385116073734,4.082077210716756,0.6210279541554338,0.18665840926429594,1.2008200000000002,1.4113825453339088,0.6629650127224291
b0765,2.638316502818105e-09,1.3106206016731365,-1.3106206016731365,6.055806042441487,1.4524596991120813,2.20670327576454,0.798333999999997,,
b0764,2.638316502818105e-09,,,,,,0.916105,2.3357767511441114,
b2425,2.638316502818105e-09,0.46287877718941683,-0.46287877718941683,0.8621677514833962,1.3895321337809747,0.5438801500657512,1.3065099999999994,6.31921400001504,2.1699250014423126
b2424,2.638316502818105e-09,3.365051815848186,-3.365051815848186,0.7094294051645477,1.3861709397692228,1.6867597146754627,1.8937719999999985,5.946193474848679,
b2423,2.638316502818105e-09,4.753331028425766,-4.753331028425766,1.4947041882750094,1.4606530911821607,2.2562415720134323,1.021825999999999,6.607003546726725,
b2422,2.638316502818105e-09,2.053679378382123,-2.053679378382123,0.8041441157240143,0.9264538837539831,1.082802216135627,0.4499820000000003,7.094470325475209,
b0827,2.3597561942157726e-09,0.2985859059781949,0.2985859059781949,0.7072752755683582,0.5669959189956637,0.7610465498511623,0.5181799999999992,,
b3857,2.3597561942157726e-09,0.14012640288329553,-0.14012640288329553,0.5761901312622809,0.6356815905347085,0.7037103086186786,0.2978189999999996,,
b3856,2.3597561942157726e-09,1.9324704394054792,-1.9324704394054792,0.9817311591171906,1.0516861307389571,0.9692296604663809,0.5464709999999986,,
b0174,4.795930185100763e-10,,,,,,1.1715899999999984,6.356569157993371,
b0776,6.341725864594927e-13,0.31534367433775795,0.31534367433775795,0.4117217485737058,1.0822404611651313,1.587410655090339,0.4999840000000031,5.385705156117372,
b1091,6.341725864594923e-13,0.5975064925837271,-0.5975064925837271,0.45007864754002086,0.6519183460410783,0.4559716490605456,1.2830900000000014,4.7593041713562965,0.3692338096657188
b0774,6.341725864594923e-13,0.8124928014036227,0.8124928014036227,1.131120663985755,0.5368647908687996,1.2036591832242907,0.4161830000000002,,
b0775,6.341725864594923e-13,4.106456773678466,-4.106456773678466,2.9060838165367917,2.121145455417513,3.0194708123360825,1.4480920000000008,,
b3412,6.341725864594923e-13,1.51131358010775,-1.51131358010775,1.6732597784217917,1.7879819712867466,2.492488502340829,0.13869700000000051,,
b0777,6.341725864594923e-13,,,,,,0.7100279999999994,5.026919671868328,
b0778,6.341725864594923e-13,1.9259914801386366,1.9259914801386366,0.1994110086323411,0.6403691263767615,1.8054828395143852,1.1063299999999998,,
b1288,6.341725864594923e-13,0.4365668425799595,-0.4365668425799595,0.5093776025181976,0.83213520762311,0.5930076668245193,1.83014,8.304550863444147,0.5052353082504224
b0180,6.341725864594923e-13,0.09507058487980331,0.09507058487980331,0.17065885282937787,0.507201957709189,0.33690462622765155,2.2721999999999998,7.0490179475912855,0.4150374992788439
