reaction_id,kappa_V_real,raw_F,fisher_dist,viability_margin,constraint_violation_rate,natural_grad,random_curvature,recovery_margin_erosion,V_traj_final
M1a,0.00825062106479981,0.03565773680800732,0.09073884484543464,0.021728978026058533,0.0,0.013023109929740788,-0.03196215821855216,0.005907256241384995,0.994092743758615
M1b,0.00825062106479981,0.03565773680800732,0.09073884484543464,0.021728978026058533,0.0,0.013023109929740788,-0.02609890883236711,0.005907256241384995,0.994092743758615
M2a,0.12630915233739695,0.23416627187786698,4.157387109386225,0.1852955077291082,0.0,0.08242379064446073,0.022137357215636786,0.1852746081365968,0.8147253918634032
M2b,0.12630915233739695,0.23416627187786698,4.157387109386225,0.1852955077291082,0.0,0.08242379064446073,0.15684070408443163,0.1852746081365968,0.8147253918634032
M3a,0.0019359995584219696,0.22029063352017375,0.17130501168750514,0.16560036175137413,0.0,0.00900831067090156,-0.08245556895501467,0.0,1.0586265944321371
M3b,0.0019359995584219696,0.22029063352017375,0.17130501168750514,0.16560036175137413,0.0,0.00900831067090156,-0.18487675057360756,0.0,1.0586265944321371
M4a,0.020506496129698973,0.12757215199843586,0.8515021423741183,0.11152396802802991,0.0,0.04128253539958546,-0.059751548572990004,0.04113453680709067,0.9588654631929093
M4b,0.020506496129698973,0.12757215199843586,0.8515021423741183,0.11152396802802991,0.0,0.04128253539958546,-0.03739720322998132,0.04113453680709067,0.9588654631929093
M5a,0.007122503307553791,0.22832708928248935,5.731943961300644,0.1074081464579444,0.0,0.10483502849156238,-0.112776983468866,0.0,1.090427419995856
M5b,0.007122503307553791,0.22832708928248935,5.731943961300644,0.1074081464579444,0.0,0.10483502849156238,-0.02571489467827189,0.0,1.090427419995856
M6a,0.0075288431413925655,0.1091997305348762,0.40045568738411674,0.053113641661416404,0.0,0.02659787624868261,0.20332767895985074,0.0,1.0130105268115508
M6b,0.0075288431413925655,0.1091997305348762,0.40045568738411674,0.053113641661416404,0.0,0.02659787624868261,-0.09532860809055475,0.0,1.0130105268115508
M7a,0.00825810231416163,0.036153461893634886,0.0906115817993243,0.0219832963378806,0.0,0.013011046135843486,0.04521433728772245,0.005907256241384995,0.994092743758615
M7b,0.00825810231416163,0.036153461893634886,0.0906115817993243,0.0219832963378806,0.0,0.013011046135843486,0.14992488502869356,0.005907256241384995,0.994092743758615
M8a,0.009819523935315854,0.034012387662074484,0.13785312815408718,0.018147593235646187,0.0,0.016674254580609626,0.15462473864612786,0.0016040817028725174,0.9983959182971275
M8b,0.009819523935315854,0.034012387662074484,0.13785312815408718,0.018147593235646187,0.0,0.016674254580609626,0.1509131076568416,0.0016040817028725174,0.9983959182971275
M9a,0.0052614815761054395,0.023906012537258214,0.030129445198337653,0.016210081202803157,0.0,0.006874752015106465,-0.042020452456250204,0.00590197335255116,0.9940980266474488
M9b,0.0052614815761054395,0.023906012537258214,0.030129445198337653,0.016210081202803157,0.0,0.006874752015106465,0.01709883226525286,0.00590197335255116,0.9940980266474488
M10a,1.3920556650409222e-05,0.022938783762197934,0.029264915807558866,0.1281305581044084,0.0,0.0070831063846346146,0.15970541176776468,0.0,1.1373088160313432
M10b,1.3920556650409222e-05,0.022938783762197934,0.029264915807558866,0.1281305581044084,0.0,0.0070831063846346146,-0.2753678934093448,0.0,1.1373088160313432
M11a,0.00825062106479981,0.03565773680800732,0.09073884484543464,0.021728978026058533,0.0,0.013023109929740788,0.2031314292265569,0.005907256241384995,0.994092743758615
M11b,0.00825062106479981,0.03565773680800732,0.09073884484543464,0.021728978026058533,0.0,0.013023109929740788,0.11662231877210408,0.005907256241384995,0.994092743758615
M12a,0.0011281177572460188,0.15874100087409082,2.917393258787406,0.08048518629647013,0.0,0.07491292325123303,0.055770443567243255,0.005907256241384995,0.994092743758615
M12b,0.0011281177572460188,0.15874100087409082,2.917393258787406,0.08048518629647013,0.0,0.07491292325123303,0.032047119153354196,0.005907256241384995,0.994092743758615
M13a,0.18325924183813902,0.18008977933756287,0.8910043520729629,0.30038030958868167,0.0,0.03877627308388713,0.1397968983777214,0.12487480678865881,0.8751251932113412
M13b,0.18325924183813902,0.18008977933756287,0.8910043520729629,0.30038030958868167,0.0,0.03877627308388713,-0.08145428440158961,0.12487480678865881,0.8751251932113412
M14a,0.026814998778384017,0.03220412591333621,0.07013465860901244,0.03846988117520256,0.0,0.011412477916531705,0.021001201215210204,0.027943613288942015,0.972056386711058
M14b,0.026814998778384017,0.03220412591333621,0.07013465860901244,0.03846988117520256,0.0,0.011412477916531705,-0.18350164292058657,0.027943613288942015,0.972056386711058
M15a,0.025121761690669604,0.04651916081069307,0.11939933548663201,0.040328974379943205,0.0,0.014970732738056233,-0.007215459853246784,0.022443650160838935,0.9775563498391611
M15b,0.025121761690669604,0.04651916081069307,0.11939933548663201,0.040328974379943205,0.0,0.014970732738056233,0.004408904197287015,0.022443650160838935,0.9775563498391611
M16a,2.834007097817361e-05,0.0426167860223996,0.12294687314426068,0.12872212561184496,0.0,0.01441509033775385,0.219004650760697,0.0,1.1276149489306606
M16b,2.834007097817361e-05,0.0426167860223996,0.12294687314426068,0.12872212561184496,0.0,0.01441509033775385,-0.13395414092353358,0.0,1.1276149489306606
M17a,0.007122503307553791,0.09234055255222229,0.6539139308409859,0.04577980094285485,0.0,0.03589581593685831,0.08453368832573364,0.0,1.0171899688304809
M17b,0.007122503307553791,0.09234055255222229,0.6539139308409859,0.04577980094285485,0.0,0.03589581593685831,-0.19618007790260938,0.0,1.0171899688304809
M18a,0.00825062106479981,0.03565773680800732,0.09073884484543464,0.021728978026058533,0.0,0.013023109929740788,-0.087414956593455,0.005907256241384995,0.994092743758615
M18b,0.00825062106479981,0.03565773680800732,0.09073884484543464,0.021728978026058533,0.0,0.013023109929740788,0.13557430410190247,0.005907256241384995,0.994092743758615
M19a,0.007122503307553791,0.05105588685591811,0.21976229528711033,0.029176614371916987,0.0,0.020687212857667368,0.030451379904264095,0.0,1.0017918187825703
M19b,0.007122503307553791,0.05105588685591811,0.21976229528711033,0.029176614371916987,0.0,0.020687212857667368,0.06567547193272469,0.0,1.0017918187825703
M20a,0.00825062106479981,0.03565773680800732,0.09073884484543464,0.021728978026058533,0.0,0.013023109929740788,0.0012228448997564027,0.005907256241384995,0.994092743758615
M20b,0.00825062106479981,0.03565773680800732,0.09073884484543464,0.021728978026058533,0.0,0.013023109929740788,-0.3261675061769327,0.005907256241384995,0.994092743758615
M21a,0.1159526087908264,0.16881892510598429,0.9900133334080812,0.18133624099903722,0.0,0.029619998026788025,0.020355666327602634,0.1414597065873231,0.8585402934126769
M21b,0.1159526087908264,0.16881892510598429,0.9900133334080812,0.18133624099903722,0.0,0.029619998026788025,-0.056214288678040986,0.1414597065873231,0.8585402934126769
M22a,0.00016136455860139517,0.19465988725852235,0.39023980106602074,0.203827851329347,0.0,0.01977618666428694,-0.00428788622869664,0.0,1.1981617485012173
M22b,0.00016136455860139517,0.19465988725852235,0.39023980106602074,0.203827851329347,0.0,0.01977618666428694,-0.11132299299240618,0.0,1.1981617485012173
M23a,0.009062511526128298,0.04680978664415991,0.23904700254484332,0.0233564515773917,0.0,0.021942404309050208,0.038253288217776585,0.0,1.0035333903546337
M23b,0.009062511526128298,0.04680978664415991,0.23904700254484332,0.0233564515773917,0.0,0.021942404309050208,0.053920785699325305,0.0,1.0035333903546337
E1a,0.00825062106479981,0.03565773680800732,0.09073884484543464,0.021728978026058533,0.0,0.013023109929740788,-0.06542545469264509,0.005907256241384995,0.994092743758615
E1b,0.00825062106479981,0.03565773680800732,0.09073884484543464,0.021728978026058533,0.0,0.013023109929740788,-0.022991418078602357,0.005907256241384995,0.994092743758615
E2a,0.06972726242716829,0.23423322378499734,1.2056432229432992,0.18638124382547416,0.0,0.03801476706791086,-0.1171373344065016,0.1510368793491469,0.8489631206508531
E2b,0.06972726242716829,0.23423322378499734,1.2056432229432992,0.18638124382547416,0.0,0.03801476706791086,0.11790687107832172,0.1510368793491469,0.8489631206508531
E3a,0.0,0.06497102277809508,0.13412205496146576,0.134373407952575,0.0,0.01321705046902381,-0.12035087951101511,0.0,1.0688988078554567
E3b,0.0,0.06497102277809508,0.13412205496146576,0.134373407952575,0.0,0.01321705046902381,0.05455156900237695,0.0,1.0688988078554567
E4a,0.010633113941941998,0.10109900797347948,0.6060960542569782,0.0572386321448749,0.0,0.03196243084005857,-0.028074377386873628,0.038872306040647175,0.9611276939593528
E4b,0.010633113941941998,0.10109900797347948,0.6060960542569782,0.0572386321448749,0.0,0.03196243084005857,-0.0026157990259270134,0.038872306040647175,0.9611276939593528
E5a,0.007148686438436794,0.17223832819254725,1.6425897672405285,0.08411480210649644,0.0,0.05342910444379929,-0.021784201976587137,0.0,1.0628702369159888
E5b,0.007148686438436794,0.17223832819254725,1.6425897672405285,0.08411480210649644,0.0,0.05342910444379929,0.13353630820684295,0.0,1.0628702369159888
E6a,0.00823336645027945,0.03615263217731601,0.09119542689739464,0.021968302207906014,0.0,0.013059088831004637,0.044964286417636334,0.004632058852252818,0.9953679411477472
E6b,0.00823336645027945,0.03615263217731601,0.09119542689739464,0.021968302207906014,0.0,0.013059088831004637,0.03712924898779551,0.004632058852252818,0.9953679411477472
E7a,0.008253163436655934,0.03614848201418008,0.09066068098254945,0.021744431451824097,0.0,0.01301638498933232,-0.07533473248606373,0.005038037651239113,0.9949619623487609
E7b,0.008253163436655934,0.03614848201418008,0.09066068098254945,0.021744431451824097,0.0,0.01301638498933232,-0.02440087787949377,0.005038037651239113,0.9949619623487609
E8a,0.009832487532119445,0.03491113033094384,0.0968797619364703,0.021606769753041048,0.0,0.013268848463819052,-0.021409480320914182,0.009775530050972203,0.9902244699490278
E8b,0.009832487532119445,0.03491113033094384,0.0968797619364703,0.021606769753041048,0.0,0.013268848463819052,0.14071934535801664,0.009775530050972203,0.9902244699490278
E9a,0.0012381244716626316,0.016556890367014132,0.019924601463565995,0.015815105693057212,0.0,0.005977170389892366,-0.034665635347448855,0.005869981774103583,0.9941300182258964
E9b,0.0012381244716625427,0.016556890367014132,0.01992460146356527,0.015815105693057212,0.0,0.005977170389892295,0.0012520585080410271,0.005869981774049071,0.9941300182259509
E10a,0.0,0.010043772421904018,0.0017495743626127676,0.12203023782833783,0.0,0.0013081592825061688,-0.09933120187291197,0.0,1.1373438059772174
E10b,0.0,0.010043772421904018,0.0017495743626127676,0.12203023782833783,0.0,0.0013081592825061688,0.04383011199915606,0.0,1.1373438059772174
E11a,0.00825062106479981,0.03565773680800732,0.09073884484543464,0.021728978026058533,0.0,0.013023109929740788,-0.24161714603887102,0.005907256241384995,0.994092743758615
E11b,0.00825062106479981,0.03565773680800732,0.09073884484543464,0.021728978026058533,0.0,0.013023109929740788,-0.08211534457369783,0.005907256241384995,0.994092743758615
E12a,0.006951416224971263,0.03565771754529368,0.07589875735460817,0.031933080274959634,0.0,0.01142706863076777,-0.1986641113782213,0.005907256241384995,0.994092743758615
E12b,0.006951416224971264,0.03565771754529368,0.07589875735460819,0.031933080274959634,0.0,0.011427068630767773,-0.16442956109889628,0.005907256241384995,0.994092743758615
E13a,0.1179438216031284,0.10635176931624901,0.2280595051485529,0.3005084446675186,0.0,0.020144394520508136,-0.008754635710143548,0.10657710635962503,0.893422893640375
E13b,0.1179438216031284,0.10635176931624901,0.2280595051485529,0.3005084446675186,0.0,0.020144394520508136,-0.13866846676732444,0.10657710635962503,0.893422893640375
E14a,0.014097106140030988,0.03507731357148114,0.07891859039664048,0.0334207112530064,0.0,0.012100909990750893,0.07894842947002433,0.019428172504810104,0.9805718274951899
E14b,0.014097106140030988,0.03507731357148114,0.07891859039664048,0.0334207112530064,0.0,0.012100909990750893,-0.10669295201879746,0.019428172504810104,0.9805718274951899
E15a,0.009114904966406382,0.041125773467543314,0.11412369237896372,0.025872437319452747,0.0,0.014706571799403417,0.17956886091219282,0.006951265231452064,0.9930487347685479
E15b,0.00911490496640638,0.041125773467543314,0.11412369237896372,0.025872437319452747,0.0,0.014706571799403417,0.0739416586721008,0.006951265231452064,0.9930487347685479
E17a,0.007227403482753998,0.06770316781470864,0.279274330577243,0.037448737911826624,0.0,0.022907224876133832,0.04737660082940008,0.0,1.0105828520081352
E17b,0.007227403482753998,0.06770316781470864,0.279274330577243,0.037448737911826624,0.0,0.022907224876133832,0.15366500283044904,0.0,1.0105828520081352
E19a,0.007509579759989812,0.04657326858699151,0.14030654901608886,0.02702563907369594,0.0,0.016327894571711375,-0.07420681721289091,0.0004105534915450626,0.9995894465084549
E19b,0.007509579759989812,0.04657326858699151,0.14030654901608886,0.02702563907369594,0.0,0.016327894571711375,0.09522871686055584,0.0004105534915450626,0.9995894465084549
E21a,0.06538402402778339,0.1389828752073703,0.37734939338008455,0.14287858880777032,0.0,0.023144310869756084,0.11288639526776947,0.07508570102668044,0.9249142989733196
E21b,0.06538402402822416,0.13898287520737007,0.37734939338371176,0.14287858880777032,0.0,0.023144310869816644,0.06972897886342651,0.07508570102668044,0.9249142989733196
E23a,0.009296761753423118,0.046810150613342705,0.17121195076380263,0.023346768540537428,0.0,0.01796875934642464,-0.021828946319173884,0.0,1.0035825200049326
E23b,0.009296761753423118,0.046810150613342705,0.17121195076380263,0.023346768540537428,0.0,0.01796875934642464,0.04706950208154569,0.0,1.0035825200049326
G_const,0.00825062106479981,0.03565773680800732,0.09073884484543464,0.021728978026058533,0.0,0.013023109929740788,0.17019502238719209,0.005907256241384995,0.994092743758615
G_auto,0.0002834873878482761,0.17785178628980458,0.7118749862795202,0.36751181532035254,0.0,0.02585413122484809,-0.031343782471219224,0.0,1.4658619135731168
