tau,beta,D,L,mdl,sse,kappa_V,abs_err_kappa
0.05,1.0,0.05,4,-84.71148240998731,15.282887376879085,0.2754736425461993,0.004751713715237749
0.05,1.0,0.05,8,-83.68389586109883,15.600226935859776,0.24389719072064714,0.02682473811031444
0.05,1.0,0.05,16,-83.68389586109883,15.600226935859776,0.24389719072064714,0.02682473811031444
0.05,1.0,0.05,32,-83.68389586109883,15.600226935859776,0.24389719072064714,0.02682473811031444
0.05,1.0,0.1,4,-80.78140595421594,16.532617693492973,0.2868411769174093,0.016119248086447713
0.05,1.0,0.1,8,-79.37801176580453,17.003226892117492,0.26571376955497605,0.005008159275985524
0.05,1.0,0.1,16,-79.37801176580453,17.003226892117492,0.26571376955497605,0.005008159275985524
0.05,1.0,0.1,32,-79.37801176580453,17.003226892117492,0.26571376955497605,0.005008159275985524
0.05,1.0,0.2,4,-80.0427946671262,16.778654032206667,0.2962895312729534,0.0255676024419918
0.05,1.0,0.2,8,-73.74154581516062,19.032203438692402,0.29285315774861165,0.02213122891765007
0.05,1.0,0.2,16,-73.74154581516062,19.032203438692402,0.29285315774861165,0.02213122891765007
0.05,1.0,0.2,32,-73.74154581516062,19.032203438692402,0.29285315774861165,0.02213122891765007
0.05,1.0,0.5,4,-107.29727062657932,9.72809378598804,0.25053334569509,0.020188583135871574
0.05,1.0,0.5,8,-100.96076074624885,11.042463550158905,0.2750671354531709,0.00434520662220933
0.05,1.0,0.5,16,-100.96076074624885,11.042463550158905,0.2750671354531709,0.00434520662220933
0.05,1.0,0.5,32,-100.96076074624885,11.042463550158905,0.2750671354531709,0.00434520662220933
0.05,5.0,0.05,4,-115.74352152240968,8.21607785076418,0.14068424161096188,0.1300376872199997
0.05,5.0,0.05,8,-107.61403121043942,9.666659059110003,0.1017928705309288,0.1689290583000328
0.05,5.0,0.05,16,-107.61403121043942,9.666659059110003,0.1017928705309288,0.1689290583000328
0.05,5.0,0.05,32,-107.61403121043942,9.666659059110003,0.1017928705309288,0.1689290583000328
0.05,5.0,0.1,4,-114.5346503194081,8.417142264655215,0.15972305184455507,0.11099887698640651
0.05,5.0,0.1,8,-108.1931313126471,9.555345654487308,0.12360482626527995,0.1471171025656816
0.05,5.0,0.1,16,-108.1931313126471,9.555345654487308,0.12360482626527995,0.1471171025656816
0.05,5.0,0.1,32,-108.1931313126471,9.555345654487308,0.12360482626527995,0.1471171025656816
0.05,5.0,0.2,4,-110.47671751584012,9.128752321155037,0.2036157534603285,0.06710617537063307
0.05,5.0,0.2,8,-106.33151036769173,9.917820318389069,0.16240824314896685,0.10831368568199473
0.05,5.0,0.2,16,-106.33151036769173,9.917820318389069,0.16240824314896685,0.10831368568199473
0.05,5.0,0.2,32,-106.33151036769173,9.917820318389069,0.16240824314896685,0.10831368568199473
0.05,5.0,0.5,4,-70.18473243403783,20.435400792452175,0.34879385989346756,0.07807193106250598
0.05,5.0,0.5,8,-68.42675162182849,21.166682094563225,0.31075361334980084,0.04003168451883926
0.05,5.0,0.5,16,-68.42675162182849,21.166682094563225,0.31075361334980084,0.04003168451883926
0.05,5.0,0.5,32,-68.42675162182849,21.166682094563225,0.31075361334980084,0.04003168451883926
0.05,10.0,0.05,4,-114.74032070800867,8.382590238250922,0.1132815955936205,0.15744033323734108
0.05,10.0,0.05,8,-104.82626389521364,10.22093533487683,0.06695673261873564,0.20376519621222594
0.05,10.0,0.05,16,-104.82626389521364,10.22093533487683,0.06695673261873564,0.20376519621222594
0.05,10.0,0.05,32,-104.82626389521364,10.22093533487683,0.06695673261873564,0.20376519621222594
0.05,10.0,0.1,4,-116.74592082098559,8.053002168697596,0.13502861115972795,0.13569331767123363
0.05,10.0,0.1,8,-108.25365412876916,9.543786323370714,0.09191924936310679,0.17880267946785477
0.05,10.0,0.1,16,-108.25365412876916,9.543786323370714,0.09191924936310679,0.17880267946785477
0.05,10.0,0.1,32,-108.25365412876916,9.543786323370714,0.09191924936310679,0.17880267946785477
0.05,10.0,0.2,4,-113.79045614841593,8.543358996354902,0.17242936398530243,0.09829256484565915
0.05,10.0,0.2,8,-109.27048143508638,9.351658898252747,0.1362165982805273,0.1345053305504343
0.05,10.0,0.2,16,-109.27048143508638,9.351658898252747,0.1362165982805273,0.1345053305504343
0.05,10.0,0.2,32,-109.27048143508638,9.351658898252747,0.1362165982805273,0.1345053305504343
0.05,10.0,0.5,4,-79.86516220223544,16.83836871553023,0.32322682508310563,0.05250489625214405
0.05,10.0,0.5,8,-79.78227096290703,16.866306932487912,0.2750708032625435,0.004348874431581939
0.05,10.0,0.5,16,-79.78227096290703,16.866306932487912,0.2750708032625435,0.004348874431581939
0.05,10.0,0.5,32,-79.78227096290703,16.866306932487912,0.2750708032625435,0.004348874431581939
0.05,50.0,0.05,4,-103.38411243099557,10.520030745897783,0.06973567064702216,0.20098625818393942
0.05,50.0,0.05,8,-97.26460742698369,11.889685148619515,0.027575277017334896,0.24314665181362669
0.05,50.0,0.05,16,-97.26460742698369,11.889685148619515,0.027575277017334896,0.24314665181362669
0.05,50.0,0.05,32,-97.26460742698369,11.889685148619515,0.027575277017334896,0.24314665181362669
0.05,50.0,0.1,4,-105.46543733729716,10.091107916862518,0.09268732942218115,0.17803459940878041
0.05,50.0,0.1,8,-99.6290213681764,11.340529055961717,0.04850701032362333,0.22221491850733824
0.05,50.0,0.1,16,-99.6290213681764,11.340529055961717,0.04850701032362333,0.22221491850733824
0.05,50.0,0.1,32,-99.6290213681764,11.340529055961717,0.04850701032362333,0.22221491850733824
0.05,50.0,0.2,4,-118.46223229169422,7.781263531892262,0.13993214831482245,0.13078978051613913
0.05,50.0,0.2,8,-110.36394621517887,9.149364782811917,0.09084639154469784,0.17987553728626374
0.05,50.0,0.2,16,-110.36394621517887,9.149364782811917,0.09084639154469784,0.17987553728626374
0.05,50.0,0.2,32,-110.36394621517887,9.149364782811917,0.09084639154469784,0.17987553728626374
0.05,50.0,0.5,4,-106.11906939543495,9.960048993692386,0.2817596807720367,0.011037751941075147
0.05,50.0,0.5,8,-102.9504828579181,10.611663446874225,0.2128223478385915,0.05789958099237008
0.05,50.0,0.5,16,-102.9504828579181,10.611663446874225,0.2128223478385915,0.05789958099237008
0.05,50.0,0.5,32,-102.9504828579181,10.611663446874225,0.2128223478385915,0.05789958099237008
0.1,1.0,0.05,4,-94.65745035323343,12.526098797620001,0.6091955188123314,0.3384735899813698
0.1,1.0,0.05,8,-93.22161466257091,12.891021809378667,0.697454856615657,0.4267329277846954
0.1,1.0,0.05,16,-93.22161466257091,12.891021809378667,0.697454856615657,0.4267329277846954
0.1,1.0,0.05,32,-93.22161466257091,12.891021809378667,0.697454856615657,0.4267329277846954
0.1,1.0,0.1,4,-96.6066641692395,12.047173825860114,0.5884039527501446,0.317682023919183
0.1,1.0,0.1,8,-95.20558767165417,12.389528315066931,0.6790861074720786,0.40836417864111707
0.1,1.0,0.1,16,-95.20558767165417,12.389528315066931,0.6790861074720786,0.40836417864111707
0.1,1.0,0.1,32,-95.20558767165417,12.389528315066931,0.6790861074720786,0.40836417864111707
0.1,1.0,0.2,4,-100.44599795093747,11.156735759734934,0.5384889087437092,0.26776697991274767
0.1,1.0,0.2,8,-98.8707369511421,11.513826753178451,0.6306195709520959,0.3598976421211343
0.1,1.0,0.2,16,-98.8707369511421,11.513826753178451,0.6306195709520959,0.3598976421211343
0.1,1.0,0.2,32,-98.8707369511421,11.513826753178451,0.6306195709520959,0.3598976421211343
0.1,1.0,0.5,4,-110.80485219035516,9.069039271258378,0.3486554959092032,0.07793356707824162
0.1,1.0,0.5,8,-107.92805166600077,9.606138730618515,0.419100634215156,0.1483787053841944
0.1,1.0,0.5,16,-107.92805166600077,9.606138730618515,0.419100634215156,0.1483787053841944
0.1,1.0,0.5,32,-107.92805166600077,9.606138730618515,0.419100634215156,0.1483787053841944
0.1,5.0,0.05,4,-96.54993417827377,12.06085030430412,0.6031958221852014,0.3324738933542398
0.1,5.0,0.05,8,-103.71781328102432,10.450053655743128,0.5306430791117596,0.259921150280798
0.1,5.0,0.05,16,-103.71781328102432,10.450053655743128,0.5306430791117596,0.259921150280798
0.1,5.0,0.05,32,-103.71781328102432,10.450053655743128,0.5306430791117596,0.259921150280798
0.1,5.0,0.1,4,-92.82830155865595,12.99282584906483,0.624635191470154,0.3539132626391924
0.1,5.0,0.1,8,-98.20666312633304,11.667767389162396,0.6038462586084302,0.33312432977746864
0.1,5.0,0.1,16,-98.20666312633304,11.667767389162396,0.6038462586084302,0.33312432977746864
0.1,5.0,0.1,32,-98.20666312633304,11.667767389162396,0.6038462586084302,0.33312432977746864
0.1,5.0,0.2,4,-85.61364619017927,15.00960687963328,0.6717729533994582,0.4010510245684966
0.1,5.0,0.2,8,-83.59541883908167,15.627856607002037,0.7475220599601134,0.47680013112915187
0.1,5.0,0.2,16,-83.59541883908167,15.627856607002037,0.7475220599601134,0.47680013112915187
0.1,5.0,0.2,32,-83.59541883908167,15.627856607002037,0.7475220599601134,0.47680013112915187
0.1,5.0,0.5,4,-95.21077170356327,12.388243827453838,0.6627262178654746,0.392004289034513
0.1,5.0,0.5,8,-82.1491770955795,16.08649076156902,0.9360194290133659,0.6652975001824043
0.1,5.0,0.5,16,-82.1491770955795,16.08649076156902,0.9360194290133659,0.6652975001824043
0.1,5.0,0.5,32,-82.1491770955795,16.08649076156902,0.9360194290133659,0.6652975001824043
0.1,10.0,0.05,4,-100.58754927112996,11.125195413060736,0.5629651340717278,0.2922432052407662
0.1,10.0,0.05,8,-107.01131384853275,9.783889472565022,0.3776525456874642,0.10693061685650262
0.1,10.0,0.05,16,-107.01131384853275,9.783889472565022,0.3776525456874642,0.10693061685650262
0.1,10.0,0.05,32,-107.01131384853275,9.783889472565022,0.3776525456874642,0.10693061685650262
0.1,10.0,0.1,4,-98.57815813860758,11.581398295569494,0.58880813785247,0.3180862090215084
0.1,10.0,0.1,8,-106.76802407547557,9.831611887151443,0.43670988859102544,0.16598795976006386
0.1,10.0,0.1,16,-106.76802407547557,9.831611887151443,0.43670988859102544,0.16598795976006386
0.1,10.0,0.1,32,-106.76802407547557,9.831611887151443,0.43670988859102544,0.16598795976006386
0.1,10.0,0.2,4,-92.97742688206039,12.954132392356037,0.6297572562299686,0.359035327399007
0.1,10.0,0.2,8,-104.6660950856525,10.253729333494826,0.5629499049174749,0.2922279760865133
0.1,10.0,0.2,16,-104.6660950856525,10.253729333494826,0.5629499049174749,0.2922279760865133
0.1,10.0,0.2,32,-104.6660950856525,10.253729333494826,0.5629499049174749,0.2922279760865133
0.1,10.0,0.5,4,-87.6030764588394,14.424120635106755,0.6902389437249191,0.41951701489395754
0.1,10.0,0.5,8,-66.15132708956321,22.152200496092547,0.9805998092365741,0.7098778804056125
0.1,10.0,0.5,16,-66.15132708956321,22.152200496092547,0.9805998092365741,0.7098778804056125
0.1,10.0,0.5,32,-66.15132708956321,22.152200496092547,0.9805998092365741,0.7098778804056125
0.1,50.0,0.05,4,-106.65144745269966,9.854561352672286,0.5043165913462352,0.2335946625152736
0.1,50.0,0.05,8,-97.13335592935917,11.920936928744268,0.2122595831923767,0.05846234563858488
0.1,50.0,0.05,16,-97.13335592935917,11.920936928744268,0.2122595831923767,0.05846234563858488
0.1,50.0,0.05,32,-97.13335592935917,11.920936928744268,0.2122595831923767,0.05846234563858488
0.1,50.0,0.1,4,-100.10811163397406,11.232385248220506,0.5345268044431537,0.2638048756121921
0.1,50.0,0.1,8,-105.48688868464747,10.08677948821365,0.2686921054034282,0.0020298234275333837
0.1,50.0,0.1,16,-105.48688868464747,10.08677948821365,0.2686921054034282,0.0020298234275333837
0.1,50.0,0.1,32,-105.48688868464747,10.08677948821365,0.2686921054034282,0.0020298234275333837
0.1,50.0,0.2,4,-98.39069655847702,11.624901140223042,0.5853699199366315,0.3146479911056699
0.1,50.0,0.2,8,-110.86819567722392,9.05755725450388,0.4086591239337787,0.1379371951028171
0.1,50.0,0.2,16,-110.86819567722392,9.05755725450388,0.4086591239337787,0.1379371951028171
0.1,50.0,0.2,32,-110.86819567722392,9.05755725450388,0.4086591239337787,0.1379371951028171
0.1,50.0,0.5,4,-82.40705463938907,16.003737452685403,0.7222265824274594,0.45150465359649783
0.1,50.0,0.5,8,-95.93597590157255,12.209860469634135,0.7953155854861277,0.5245936566551661
0.1,50.0,0.5,16,-95.93597590157255,12.209860469634135,0.7953155854861277,0.5245936566551661
0.1,50.0,0.5,32,-95.93597590157255,12.209860469634135,0.7953155854861277,0.5245936566551661
0.2,1.0,0.05,4,-93.80188467724611,12.74228110820452,0.5700655969830555,0.2993436681520939
0.2,1.0,0.05,8,-96.54357838703794,12.0623835266837,0.7816385269869754,0.5109165981560139
0.2,1.0,0.05,16,-96.54357838703794,12.0623835266837,0.7816385269869754,0.5109165981560139
0.2,1.0,0.05,32,-96.54357838703794,12.0623835266837,0.7816385269869754,0.5109165981560139
0.2,1.0,0.1,4,-95.68156527223945,12.2721451598513,0.5512969931518492,0.28057506432088763
0.2,1.0,0.1,8,-97.56829539052079,11.817688928407819,0.7450187947804261,0.4742968659494645
0.2,1.0,0.1,16,-97.56829539052079,11.817688928407819,0.7450187947804261,0.4742968659494645
0.2,1.0,0.1,32,-97.56829539052079,11.817688928407819,0.7450187947804261,0.4742968659494645
0.2,1.0,0.2,4,-99.56513475169122,11.35502847778996,0.506553844057906,0.23583191522694447
0.2,1.0,0.2,8,-99.84418093547815,11.291833437892569,0.6658715270346162,0.3951495982036546
0.2,1.0,0.2,16,-99.84418093547815,11.291833437892569,0.6658715270346162,0.3951495982036546
0.2,1.0,0.2,32,-99.84418093547815,11.291833437892569,0.6658715270346162,0.3951495982036546
0.2,1.0,0.5,4,-110.7554741385429,9.077999924946909,0.3350085347043364,0.06428660587337481
0.2,1.0,0.5,8,-107.9879284231963,9.594641927178234,0.4178103723962763,0.1470884435653147
0.2,1.0,0.5,16,-107.9879284231963,9.594641927178234,0.4178103723962763,0.1470884435653147
0.2,1.0,0.5,32,-107.9879284231963,9.594641927178234,0.4178103723962763,0.1470884435653147
0.2,5.0,0.05,4,-92.41763610027141,13.099979384918262,0.6001652973685426,0.32944336853758105
0.2,5.0,0.05,8,-86.77926434302184,14.663744572118897,0.9160406529123545,0.6453187240813929
0.2,5.0,0.05,16,-86.77926434302184,14.663744572118897,0.9160406529123545,0.6453187240813929
0.2,5.0,0.05,32,-86.77926434302184,14.663744572118897,0.9160406529123545,0.6453187240813929
0.2,5.0,0.1,4,-89.89908403156292,13.776740482995514,0.6153349160230733,0.34461298719211175
0.2,5.0,0.1,8,-82.26512352775296,16.049230555944938,0.966730890104433,0.6960089612734714
0.2,5.0,0.1,16,-82.26512352775296,16.049230555944938,0.966730890104433,0.6960089612734714
0.2,5.0,0.1,32,-82.26512352775296,16.049230555944938,0.966730890104433,0.6960089612734714
0.2,5.0,0.2,4,-84.3845843821979,15.383133637693179,0.6463831595583122,0.3756612307273506
0.2,5.0,0.2,8,-75.13863650127979,18.507770085294933,1.0653847440604869,0.7946628152295253
0.2,5.0,0.2,16,-75.13863650127979,18.507770085294933,1.0653847440604869,0.7946628152295253
0.2,5.0,0.2,32,-75.13863650127979,18.507770085294933,1.0653847440604869,0.7946628152295253
0.2,5.0,0.5,4,-95.17204536598803,12.39784257046421,0.6297332370518167,0.35901130822085514
0.2,5.0,0.5,8,-94.43109915438848,12.582933295718528,1.0849408843705317,0.8142189555395701
0.2,5.0,0.5,16,-94.43109915438848,12.582933295718528,1.0849408843705317,0.8142189555395701
0.2,5.0,0.5,32,-94.43109915438848,12.582933295718528,1.0849408843705317,0.8142189555395701
0.2,10.0,0.05,4,-96.53905651396688,12.063474467358757,0.5691034498074926,0.29838152097653103
0.2,10.0,0.05,8,-99.01665735586455,11.480273692560022,0.7779485575086817,0.5072266286777202
0.2,10.0,0.05,16,-99.01665735586455,11.480273692560022,0.7779485575086817,0.5072266286777202
0.2,10.0,0.05,32,-99.01665735586455,11.480273692560022,0.7779485575086817,0.5072266286777202
0.2,10.0,0.1,4,-95.30484250455707,12.364958298810558,0.5836632583814557,0.31294132955049414
0.2,10.0,0.1,8,-98.07714072172142,11.698031316579401,0.8212967540407824,0.5505748252098208
0.2,10.0,0.1,16,-98.07714072172142,11.698031316579401,0.8212967540407824,0.5505748252098208
0.2,10.0,0.1,32,-98.07714072172142,11.698031316579401,0.8212967540407824,0.5505748252098208
0.2,10.0,0.2,4,-90.75464071267527,13.543010233290284,0.6130578871393064,0.34233595830834485
0.2,10.0,0.2,8,-92.76791131065825,13.008528129306393,0.9153587200142614,0.6446367911832999
0.2,10.0,0.2,16,-92.76791131065825,13.008528129306393,0.9153587200142614,0.6446367911832999
0.2,10.0,0.2,32,-92.76791131065825,13.008528129306393,0.9153587200142614,0.6446367911832999
0.2,10.0,0.5,4,-84.77313223317084,15.264055243151583,0.6632951610420393,0.39257323221107776
0.2,10.0,0.5,8,-70.98563011326078,20.110675154183937,1.1593537368006825,0.888631807969721
0.2,10.0,0.5,16,-70.98563011326078,20.110675154183937,1.1593537368006825,0.888631807969721
0.2,10.0,0.5,32,-70.98563011326078,20.110675154183937,1.1593537368006825,0.888631807969721
0.2,50.0,0.05,4,-91.44095186033353,13.358385851816305,0.5304969015553759,0.2597749727244143
0.2,50.0,0.05,8,-96.76148146743384,12.009929298535168,0.6366153366654624,0.36589340783450086
0.2,50.0,0.05,16,-96.76148146743384,12.009929298535168,0.6366153366654624,0.36589340783450086
0.2,50.0,0.05,32,-96.76148146743384,12.009929298535168,0.6366153366654624,0.36589340783450086
0.2,50.0,0.1,4,-91.37371009116357,13.376362767061513,0.5481767022554171,0.27745477342445557
0.2,50.0,0.1,8,-95.95873543864315,12.20430391893554,0.6757085306863547,0.40498660185539315
0.2,50.0,0.1,16,-95.95873543864315,12.20430391893554,0.6757085306863547,0.40498660185539315
0.2,50.0,0.1,32,-95.95873543864315,12.20430391893554,0.6757085306863547,0.40498660185539315
0.2,50.0,0.2,4,-96.48937401321842,12.075467296294503,0.5767515066115766,0.306029577780615
0.2,50.0,0.2,8,-100.0610396625277,11.242964837814167,0.7796198958226748,0.5088979669917132
0.2,50.0,0.2,16,-100.0610396625277,11.242964837814167,0.7796198958226748,0.5088979669917132
0.2,50.0,0.2,32,-100.0610396625277,11.242964837814167,0.7796198958226748,0.5088979669917132
0.2,50.0,0.5,4,-82.90480894962953,15.845209256897222,0.6802102293377678,0.4094883005068062
0.2,50.0,0.5,8,-86.05253389741688,14.878432789823458,1.0425928777163762,0.7718709488854146
0.2,50.0,0.5,16,-86.05253389741688,14.878432789823458,1.0425928777163762,0.7718709488854146
0.2,50.0,0.5,32,-86.05253389741688,14.878432789823458,1.0425928777163762,0.7718709488854146
0.5,1.0,0.05,4,-95.72158038379189,12.262327663706069,0.4255227946709725,0.1548008658400109
0.5,1.0,0.05,8,-95.36314942901151,12.350547449178508,0.6088968756884998,0.33817494685753824
0.5,1.0,0.05,16,-95.36314942901151,12.350547449178508,0.6088968756884998,0.33817494685753824
0.5,1.0,0.05,32,-95.36314942901151,12.350547449178508,0.6088968756884998,0.33817494685753824
0.5,1.0,0.1,4,-97.42397476823686,11.851848929019024,0.4086504855017266,0.13792855667076503
0.5,1.0,0.1,8,-96.71740921254222,12.020520058741898,0.5843901551701807,0.3136682263392191
0.5,1.0,0.1,16,-96.71740921254222,12.020520058741898,0.5843901551701807,0.3136682263392191
0.5,1.0,0.1,32,-96.71740921254222,12.020520058741898,0.5843901551701807,0.3136682263392191
0.5,1.0,0.2,4,-101.20895771455108,10.987785252795922,0.3713274025321814,0.1006054737012198
0.5,1.0,0.2,8,-99.71832263093465,11.320292661395857,0.5303863895202824,0.2596644606893208
0.5,1.0,0.2,16,-99.71832263093465,11.320292661395857,0.5303863895202824,0.2596644606893208
0.5,1.0,0.2,32,-99.71832263093465,11.320292661395857,0.5303863895202824,0.2596644606893208
0.5,1.0,0.5,4,-113.09818155621299,8.662468666899695,0.24210315133642227,0.02861877749453931
0.5,1.0,0.5,8,-109.66959474555298,9.277308604125873,0.34631403254372195,0.07559210371276037
0.5,1.0,0.5,16,-109.66959474555298,9.277308604125873,0.34631403254372195,0.07559210371276037
0.5,1.0,0.5,32,-109.66959474555298,9.277308604125873,0.34631403254372195,0.07559210371276037
0.5,5.0,0.05,4,-83.31131336272644,15.71690856180097,0.5643707707369772,0.2936488419060156
0.5,5.0,0.05,8,-83.51547050852705,15.652865016397307,0.7782844426017655,0.507562513770804
0.5,5.0,0.05,16,-83.51547050852705,15.652865016397307,0.7782844426017655,0.507562513770804
0.5,5.0,0.05,32,-83.51547050852705,15.652865016397307,0.7782844426017655,0.507562513770804
0.5,5.0,0.1,4,-82.25107183444557,16.053741567100566,0.567045471257877,0.2963235424269154
0.5,5.0,0.1,8,-81.44325981325308,16.315216211599235,0.7981037277809694,0.5273817989500078
0.5,5.0,0.1,16,-81.44325981325308,16.315216211599235,0.7981037277809694,0.5273817989500078
0.5,5.0,0.1,32,-81.44325981325308,16.315216211599235,0.7981037277809694,0.5273817989500078
0.5,5.0,0.2,4,-81.05600922069519,16.442068356090537,0.568134207185114,0.2974122783541524
0.5,5.0,0.2,8,-77.83886318591236,17.534776101090927,0.8316464478199805,0.560924518989019
0.5,5.0,0.2,16,-77.83886318591236,17.534776101090927,0.8316464478199805,0.560924518989019
0.5,5.0,0.2,32,-77.83886318591236,17.534776101090927,0.8316464478199805,0.560924518989019
0.5,5.0,0.5,4,-101.54915110280326,10.913279565747445,0.49820619316292075,0.22748426433195917
0.5,5.0,0.5,8,-95.58330567916667,12.29628599255694,0.7913112820568743,0.5205893532259127
0.5,5.0,0.5,16,-95.58330567916667,12.29628599255694,0.7913112820568743,0.5205893532259127
0.5,5.0,0.5,32,-95.58330567916667,12.29628599255694,0.7913112820568743,0.5205893532259127
0.5,10.0,0.05,4,-86.80336419114609,14.65667839485122,0.5520939505327709,0.2813720217018093
0.5,10.0,0.05,8,-89.93247215830476,13.767543962736305,0.708053873781313,0.43733194495035144
0.5,10.0,0.05,16,-89.93247215830476,13.767543962736305,0.708053873781313,0.43733194495035144
0.5,10.0,0.05,32,-89.93247215830476,13.767543962736305,0.708053873781313,0.43733194495035144
0.5,10.0,0.1,4,-85.7894838237109,14.956914511872629,0.5567845762075205,0.28606264737655895
0.5,10.0,0.1,8,-89.24741613258817,13.957472890196273,0.7301656381949594,0.4594437093639978
0.5,10.0,0.1,16,-89.24741613258817,13.957472890196273,0.7301656381949594,0.4594437093639978
0.5,10.0,0.1,32,-89.24741613258817,13.957472890196273,0.7301656381949594,0.4594437093639978
0.5,10.0,0.2,4,-83.18680164558728,15.756096120114922,0.5657099772446329,0.2949880484136713
0.5,10.0,0.2,8,-85.76507041215194,14.964219281263581,0.7766955190258399,0.5059735901948783
0.5,10.0,0.2,16,-85.76507041215194,14.964219281263581,0.7766955190258399,0.5059735901948783
0.5,10.0,0.2,32,-85.76507041215194,14.964219281263581,0.7766955190258399,0.5059735901948783
0.5,10.0,0.5,4,-88.23753797033237,14.242246012379415,0.5500650864103257,0.2793431575793641
0.5,10.0,0.5,8,-77.06341043567352,17.808843679261006,0.863223746835197,0.5925018180042354
0.5,10.0,0.5,16,-77.06341043567352,17.808843679261006,0.863223746835197,0.5925018180042354
0.5,10.0,0.5,32,-77.06341043567352,17.808843679261006,0.863223746835197,0.5925018180042354
0.5,50.0,0.05,4,-79.53384352146449,16.950316532118773,0.5335236435998394,0.2628017147688778
0.5,50.0,0.05,8,-78.08470192249261,17.448773158836584,0.620804630670812,0.35008270183985046
0.5,50.0,0.05,16,-78.08470192249261,17.448773158836584,0.620804630670812,0.35008270183985046
0.5,50.0,0.05,32,-78.08470192249261,17.448773158836584,0.620804630670812,0.35008270183985046
0.5,50.0,0.1,4,-83.3789960034948,15.695647717424693,0.5405565297603503,0.2698346009293887
0.5,50.0,0.1,8,-84.9749882806751,15.202556628146429,0.642949642143808,0.37222771331284643
0.5,50.0,0.1,16,-84.9749882806751,15.202556628146429,0.642949642143808,0.37222771331284643
0.5,50.0,0.1,32,-84.9749882806751,15.202556628146429,0.642949642143808,0.37222771331284643
0.5,50.0,0.2,4,-88.4223792687778,14.18969210863537,0.549441994646163,0.27872006581520137
0.5,50.0,0.2,8,-91.00625554881337,13.47502898165447,0.6947400930106988,0.42401816417973726
0.5,50.0,0.2,16,-91.00625554881337,13.47502898165447,0.6947400930106988,0.42401816417973726
0.5,50.0,0.2,32,-91.00625554881337,13.47502898165447,0.6947400930106988,0.42401816417973726
0.5,50.0,0.5,4,-81.75541933688307,16.21367451109583,0.5771859595607193,0.3064640307297577
0.5,50.0,0.5,8,-82.11064716154382,16.098891767613054,0.8309874325465263,0.5602655037155647
0.5,50.0,0.5,16,-82.11064716154382,16.098891767613054,0.8309874325465263,0.5602655037155647
0.5,50.0,0.5,32,-82.11064716154382,16.098891767613054,0.8309874325465263,0.5602655037155647
