metabolite,closure_verdict,gene_level_verdict,n_producing_reactions,n_nonessential_gene_backups,n_essential_gene_backups,baseline_prod_flux,recovery_prod_flux
citr__L_c,AUTOPOIETIC,AUTOPOIETIC,1,1,0,0.29057772323013425,0.2905777232301372
3psme_c,AUTOPOIETIC,HOMEOSTATIC,1,0,1,0.3744005628946959,0.37440056289469104
zn2_c,AUTOPOIETIC,AUTOPOIETIC,2,1,1,0.0003349887881399003,0.00033498878813989925
indole_c,AUTOPOIETIC,AUTOPOIETIC,3,2,1,0.11168192190167948,0.11168192190168096
malACP_c,AUTOPOIETIC,HOMEOSTATIC,1,0,1,0.07645603344091544,0.07645603344091502
2mahmp_c,AUTOPOIETIC,HOMEOSTATIC,1,0,1,0.00021906891423811604,0.0002190689142381172
grdp_c,AUTOPOIETIC,HOMEOSTATIC,1,0,1,0.000273099363938101,0.0002730993639381022
fe3_c,AUTOPOIETIC,AUTOPOIETIC,6,4,2,0.003835179556886112,0.0038351795568861724
ohpb_c,AUTOPOIETIC,HOMEOSTATIC,1,0,1,0.00021906891423811677,0.0002190689142381177
moadamp_c,AUTOPOIETIC,HOMEOSTATIC,1,0,1,0.0004793974446107668,0.00047939744461076954
argsuc_c,AUTOPOIETIC,HOMEOSTATIC,1,0,1,0.29057772323013925,0.290577723230136
iscu_2fe2s_c,AUTOPOIETIC,HOMEOSTATIC,2,0,2,0.00028292308206537064,0.00028292308206536983
atp_c,AUTOPOIETIC,AUTOPOIETIC,4,4,0,56.68062259236275,55.815247399842306
4ampm_c,AUTOPOIETIC,AUTOPOIETIC,3,1,2,0.0002190689142381172,0.0002190689142381142
pap_c,AUTOPOIETIC,AUTOPOIETIC,3,1,2,0.24350246596426212,0.24350246596426078
2me4p_c,AUTOPOIETIC,HOMEOSTATIC,1,0,1,0.002346886260604771,0.0023468862606047646
akg_c,AUTOPOIETIC,AUTOPOIETIC,9,4,5,15.482493241182897,15.482493241213916
orn_c,AUTOPOIETIC,AUTOPOIETIC,2,1,1,0.2905777232301382,0.29057772323013925
dmlz_c,AUTOPOIETIC,HOMEOSTATIC,1,0,1,0.0008762756569524118,0.0008762756569525271
amp_c,AUTOPOIETIC,AUTOPOIETIC,86,63,23,2.2345490967039887,2.2345490967039754
opmeACP_c,AUTOPOIETIC,HOMEOSTATIC,1,0,1,1.9647436254539755e-06,1.964743625453965e-06
3mop_c,AUTOPOIETIC,HOMEOSTATIC,2,0,2,0.5708150007595137,0.5708150007595187
e4p_c,AUTOPOIETIC,AUTOPOIETIC,2,2,0,12.67084016496939,1.1667814054477554
uamr_c,AUTOPOIETIC,HOMEOSTATIC,1,0,1,0.02729814793205738,0.02729814793205718
for_c,AUTOPOIETIC,AUTOPOIETIC,11,7,4,0.0021906891423810696,0.0021906891423816104
3php_c,AUTOPOIETIC,AUTOPOIETIC,1,1,0,1.6878842334026218,1.6878842334026452
3hbcoa_c,AUTOPOIETIC,AUTOPOIETIC,1,1,0,0.3496064807132781,0.3496064807132778
moco_c,AUTOPOIETIC,HOMEOSTATIC,1,0,1,0.00011984936115269154,0.00011984936115269213
pimACP_c,AUTOPOIETIC,HOMEOSTATIC,1,0,1,1.964743625453954e-06,1.964743625453969e-06
r5p_c,HOMEOSTATIC,AUTOPOIETIC,7,7,0,0.9171079413484742,0.0
so4_c,AUTOPOIETIC,AUTOPOIETIC,3,3,0,0.24776399488786802,0.24776399488787176
kdo_c,AUTOPOIETIC,HOMEOSTATIC,1,0,1,0.038226051976831724,0.03822605197683232
amob_c,AUTOPOIETIC,HOMEOSTATIC,1,0,1,1.9647436254539633e-06,1.9647436254539624e-06
4adcho_c,AUTOPOIETIC,HOMEOSTATIC,1,0,1,0.0006572067427146105,0.0006572067427143719
cit_c,AUTOPOIETIC,AUTOPOIETIC,3,2,1,4.8577766442263055,4.857776644226242
mlthf_c,AUTOPOIETIC,AUTOPOIETIC,2,2,0,1.1494585224946032,1.1494585224946199
dpcoa_c,AUTOPOIETIC,HOMEOSTATIC,1,0,1,0.000565846164130201,0.0005658461641308988
glutrna_c,AUTOPOIETIC,HOMEOSTATIC,1,0,1,0.0035051026278098783,0.0035051026278098752
mal__L_c,AUTOPOIETIC,AUTOPOIETIC,5,5,0,4.826656087570884,4.826656087570996
acg5sa_c,AUTOPOIETIC,HOMEOSTATIC,1,0,1,0.2905777232301383,0.2905777232301408
glu5sa_c,AUTOPOIETIC,AUTOPOIETIC,2,1,1,0.21715820106236208,0.21715820106236403
ps161_c,AUTOPOIETIC,HOMEOSTATIC,1,0,1,0.07388811352244692,0.07388811352244783
4hbz_c,AUTOPOIETIC,HOMEOSTATIC,1,0,1,0.00021906891423811598,0.00021906891423811636
xmp_c,AUTOPOIETIC,AUTOPOIETIC,3,3,0,0.23941972871056805,0.23941972871056674
asn__L_c,AUTOPOIETIC,AUTOPOIETIC,4,4,0,0.23680563731690152,0.23680563731690066
udcpdp_c,AUTOPOIETIC,HOMEOSTATIC,3,0,3,0.01370310441572861,0.013703104415728478
dhgly_c,AUTOPOIETIC,HOMEOSTATIC,1,0,1,0.00021906891423811593,0.0002190689142381179
cpmp_c,AUTOPOIETIC,HOMEOSTATIC,1,0,1,0.00023969872230538247,0.00023969872230538257
3hmrsACP_c,AUTOPOIETIC,HOMEOSTATIC,1,0,1,0.07645210395366431,0.0764521039536663
hpmeACP_c,AUTOPOIETIC,HOMEOSTATIC,1,0,1,1.964743625453926e-06,1.9647436254539455e-06
suchms_c,AUTOPOIETIC,HOMEOSTATIC,1,0,1,0.15119782806861873,0.15119782806861998
uacgam_c,AUTOPOIETIC,HOMEOSTATIC,1,0,1,0.0928223478409448,0.09282234784094685
g3p_c,AUTOPOIETIC,AUTOPOIETIC,11,9,2,17.44434106412628,9.66015508639728
3odcoa_c,AUTOPOIETIC,AUTOPOIETIC,1,1,0,0.34960648071327627,0.3496064807132716
dhpt_c,AUTOPOIETIC,HOMEOSTATIC,1,0,1,0.0006572067427144262,0.0006572067427143752
nadp_c,AUTOPOIETIC,AUTOPOIETIC,76,33,43,2.083392528251506,2.083392528251508
pram_c,AUTOPOIETIC,HOMEOSTATIC,1,0,1,0.4403363765931417,0.44033637659310654
uagmda_c,AUTOPOIETIC,HOMEOSTATIC,1,0,1,0.027298147932057138,0.027298147932057145
uaagmda_c,AUTOPOIETIC,HOMEOSTATIC,1,0,1,0.027298147932057138,0.027298147932056826
4ppcys_c,AUTOPOIETIC,HOMEOSTATIC,1,0,1,0.0005658461641302783,0.0005658461641311408
3hocoa_c,AUTOPOIETIC,AUTOPOIETIC,1,1,0,0.3496064807132751,0.34960648071328065
4mop_c,AUTOPOIETIC,HOMEOSTATIC,1,0,1,0.44258895515969654,0.4425889551596965
accoa_c,AUTOPOIETIC,AUTOPOIETIC,8,8,0,8.648330979147486,8.076024737976194
dnad_c,AUTOPOIETIC,HOMEOSTATIC,1,0,1,0.0022378429893865023,0.002237842989395163
ade_c,AUTOPOIETIC,AUTOPOIETIC,9,6,3,0.000661136229965236,0.0006611362299652557
5aprbu_c,AUTOPOIETIC,HOMEOSTATIC,1,0,1,0.00043813782847620236,0.0004381378284761817
dhnpt_c,AUTOPOIETIC,AUTOPOIETIC,1,1,0,0.0006572067427142224,0.0006572067427143408
mobd_c,AUTOPOIETIC,AUTOPOIETIC,1,1,0,0.00012672596384177907,0.00012672596384178162
3ophb_c,AUTOPOIETIC,HOMEOSTATIC,1,0,1,0.00021906891423811427,0.00021906891423811563
utp_c,AUTOPOIETIC,AUTOPOIETIC,1,1,0,0.41778603163196393,0.41778603163196304
8aonn_c,AUTOPOIETIC,HOMEOSTATIC,1,0,1,1.9647436254539256e-06,1.964743625453955e-06
kdolipid4_c,AUTOPOIETIC,HOMEOSTATIC,1,0,1,0.019113025988416056,0.0191130259884165
db4p_c,AUTOPOIETIC,HOMEOSTATIC,1,0,1,0.0008762756569525823,0.0008762756569524991
aspsa_c,AUTOPOIETIC,AUTOPOIETIC,1,1,0,0.6858202865036518,0.6858202865036451
thmpp_c,AUTOPOIETIC,HOMEOSTATIC,1,0,1,0.00021906891423811766,0.00021906891423811801
ppp9_c,AUTOPOIETIC,HOMEOSTATIC,2,0,2,0.00021906891423811764,0.00021906891423811457
mql8_c,HOMEOSTATIC,AUTOPOIETIC,13,12,1,31.021723067218783,0.0
ugmda_c,AUTOPOIETIC,HOMEOSTATIC,1,0,1,0.02729814793205706,0.027298147932057294
s17bp_c,HOMEOSTATIC,AUTOPOIETIC,1,1,0,7.784185977729041,0.0
b2coa_c,AUTOPOIETIC,AUTOPOIETIC,2,2,0,0.6992129614265452,0.699212961426549
r15bp_c,OFF_PATH,AUTOPOIETIC,1,1,0,0.0,0.0
fmn_c,AUTOPOIETIC,AUTOPOIETIC,12,11,1,0.00021906891423808798,0.00021906891423808945
10fthf_c,AUTOPOIETIC,AUTOPOIETIC,2,2,0,0.9713309359238139,0.9713309359239315
3c3hmp_c,AUTOPOIETIC,HOMEOSTATIC,2,0,2,0.8851779103194002,0.8851779103194009
q8h2_c,AUTOPOIETIC,AUTOPOIETIC,17,16,1,35.14953949465202,35.14953949465209
air_c,AUTOPOIETIC,HOMEOSTATIC,1,0,1,0.44033637659314245,0.44033637659311786
mpt_c,AUTOPOIETIC,HOMEOSTATIC,1,0,1,0.00023969872230538284,0.00023969872230538772
h2s_c,AUTOPOIETIC,AUTOPOIETIC,3,2,1,0.2435024659642611,0.24350246596426064
dhpmp_c,AUTOPOIETIC,AUTOPOIETIC,1,1,0,0.0006572067427154403,0.0006572067427141577
cobalt2_c,AUTOPOIETIC,HOMEOSTATIC,1,0,1,2.4559295318174473e-05,2.455929531817456e-05
cdpdhdec9eg_c,AUTOPOIETIC,HOMEOSTATIC,1,0,1,0.07388811352244698,0.07388811352244724
iscu_4fe4s_c,AUTOPOIETIC,AUTOPOIETIC,1,1,0,0.00025541667130901446,0.00025541667130901007
3ohcoa_c,AUTOPOIETIC,AUTOPOIETIC,1,1,0,0.349606480713277,0.34960648071327355
3hhcoa_c,AUTOPOIETIC,AUTOPOIETIC,1,1,0,0.3496064807132795,0.3496064807132744
hco3_c,AUTOPOIETIC,AUTOPOIETIC,1,1,0,0.5165753058633756,0.5165753058634212
3htdcoa_c,AUTOPOIETIC,AUTOPOIETIC,1,1,0,0.27315437675961435,0.2731543767596119
u3hga_c,AUTOPOIETIC,HOMEOSTATIC,1,0,1,0.03822605197683167,0.038226051976832855
prpp_c,AUTOPOIETIC,AUTOPOIETIC,3,2,1,1.242071625139459,1.2420716251394819
3dhq_c,AUTOPOIETIC,AUTOPOIETIC,2,1,1,0.3744005628946945,0.3744005628946945
adp_c,AUTOPOIETIC,AUTOPOIETIC,271,200,71,50.67042016038272,50.66909788792304
2dhp_c,AUTOPOIETIC,HOMEOSTATIC,1,0,1,0.0005658461641310506,0.0005658461641314732
iscssh_c,AUTOPOIETIC,HOMEOSTATIC,1,0,1,0.001773181121972196,0.001773181121972205
lipidX_c,AUTOPOIETIC,HOMEOSTATIC,1,0,1,0.019113025988416087,0.019113025988416
histd_c,AUTOPOIETIC,HOMEOSTATIC,1,0,1,0.0930679407941275,0.09306794079412914
amet_c,AUTOPOIETIC,HOMEOSTATIC,1,0,1,0.0008821698878288143,0.0008821698878288243
3pg_c,AUTOPOIETIC,AUTOPOIETIC,2,2,0,14.58689040118666,14.586890401186862
dgtp_c,AUTOPOIETIC,AUTOPOIETIC,2,2,0,0.026540739264445338,0.026540739264445036
6hmhpt_c,AUTOPOIETIC,HOMEOSTATIC,1,0,1,0.0006572067427144089,0.0006572067427144563
nadh_c,AUTOPOIETIC,AUTOPOIETIC,58,49,9,35.524817219578054,35.52481721957804
r1p_c,HOMEOSTATIC,AUTOPOIETIC,5,5,0,0.0006611362299652644,0.0
6pgl_c,AUTOPOIETIC,AUTOPOIETIC,1,1,0,4.081934853516555,4.081934853516565
hisp_c,AUTOPOIETIC,HOMEOSTATIC,1,0,1,0.0930679407941279,0.09306794079412814
6pgc_c,AUTOPOIETIC,AUTOPOIETIC,2,2,0,4.081934853516555,4.081934853516564
2ohph_c,AUTOPOIETIC,AUTOPOIETIC,2,2,0,0.00021906891423811487,0.00021906891423811617
eig3p_c,AUTOPOIETIC,HOMEOSTATIC,1,0,1,0.09306794079412792,0.09306794079412886
skm5p_c,AUTOPOIETIC,AUTOPOIETIC,1,1,0,0.37440056289469076,0.37440056289469387
cu2_c,AUTOPOIETIC,HOMEOSTATIC,5,0,5,0.0009362003375288047,0.0009362003375288202
h2o2_c,AUTOPOIETIC,AUTOPOIETIC,10,9,1,0.003835179556886101,0.0038351795568860795
bmoco1gdp_c,AUTOPOIETIC,HOMEOSTATIC,1,0,1,0.00011984936115269243,0.00011984936115269079
iscs_c,AUTOPOIETIC,HOMEOSTATIC,5,0,5,0.001236806112223258,0.0012368061122232739
glu__L_c,AUTOPOIETIC,AUTOPOIETIC,32,15,17,6.668432207741381,6.6684322077410485
ara5p_c,AUTOPOIETIC,AUTOPOIETIC,1,1,0,0.0382260519768326,0.0382260519768323
u3aga_c,AUTOPOIETIC,HOMEOSTATIC,1,0,1,0.038226051976832175,0.03822605197683164
ppi_c,AUTOPOIETIC,AUTOPOIETIC,142,89,53,7.925480091165653,6.779545336363267
fum_c,AUTOPOIETIC,AUTOPOIETIC,9,6,3,5.151619771361953,4.826656087570856
3oddcoa_c,AUTOPOIETIC,AUTOPOIETIC,1,1,0,0.3496064807132748,0.34960648071327366
gtp_c,HOMEOSTATIC,AUTOPOIETIC,2,2,0,0.7766877144372905,0.0
phthr_c,AUTOPOIETIC,HOMEOSTATIC,1,0,1,0.00021906891423811484,0.0002190689142381191
hdd2coa_c,AUTOPOIETIC,AUTOPOIETIC,3,3,0,0.5463087535192223,0.5463087535192268
mn2_c,AUTOPOIETIC,AUTOPOIETIC,2,1,1,0.000678818922594337,0.0006788189225943409
malcoa_c,AUTOPOIETIC,HOMEOSTATIC,1,0,1,0.07645799818454019,0.07645799818454087
3hhdcoa_c,AUTOPOIETIC,AUTOPOIETIC,1,1,0,0.2731543767596131,0.2731543767596127
3ig3p_c,AUTOPOIETIC,HOMEOSTATIC,1,0,1,0.05584096095083915,0.05584096095083944
cmp_c,AUTOPOIETIC,AUTOPOIETIC,28,17,11,0.1777159727813764,0.17771597278137416
ala__D_c,AUTOPOIETIC,AUTOPOIETIC,7,7,0,0.054596295864114464,0.054596295864114824
dhptd_c,AUTOPOIETIC,HOMEOSTATIC,1,0,1,0.00044010257210170997,0.0004401025721016847
fadh2_c,AUTOPOIETIC,AUTOPOIETIC,12,11,1,4.293921651762483,4.293921651756974
rhcys_c,AUTOPOIETIC,HOMEOSTATIC,1,0,1,0.000440102572101683,0.0004401025721016863
prlp_c,AUTOPOIETIC,HOMEOSTATIC,1,0,1,0.09306794079412792,0.09306794079412853
kdo8p_c,AUTOPOIETIC,HOMEOSTATIC,1,0,1,0.03822605197683196,0.03822605197683217
5drib_c,AUTOPOIETIC,HOMEOSTATIC,1,0,1,0.0002210336578635549,0.0002210336578635697
gly_c,AUTOPOIETIC,AUTOPOIETIC,9,9,0,1.0958166008466135,1.0958166008465975
34hpp_c,AUTOPOIETIC,HOMEOSTATIC,2,0,2,0.2713684248040746,0.2713684248040735
pnto__R_c,AUTOPOIETIC,AUTOPOIETIC,2,1,1,0.000565846164130124,0.000565846164131775
cl_c,AUTOPOIETIC,AUTOPOIETIC,1,1,0,0.002556622642621957,0.0025566226426219684
thdp_c,AUTOPOIETIC,HOMEOSTATIC,1,0,1,0.3644098415592594,0.36440984155926165
cbasp_c,AUTOPOIETIC,HOMEOSTATIC,2,0,2,0.6499273675820406,0.6499273675820447
dctp_c,AUTOPOIETIC,AUTOPOIETIC,2,2,0,0.026540739264444734,0.02654073926444467
uppg3_c,AUTOPOIETIC,HOMEOSTATIC,1,0,1,0.00043813782847623164,0.0004381378284762317
cdpdhdecg_c,AUTOPOIETIC,HOMEOSTATIC,1,0,1,0.06268907485735929,0.06268907485735918
