dimension,profile,starting_set,lambda,n_iter,final_distance,fitted_q,r2,valid_fit,verdict
2,canonical,halton 27,0.0,40,0.000000e+00,0.854269,0.246745,True,STRONG-CONVERGED (machine precision; q<1)
2,canonical,halton 27,0.3,40,0.000000e+00,0.439317,0.896751,True,STRONG-CONVERGED (machine precision; q<1)
2,canonical,halton 27,0.5,40,9.837405e-14,0.510025,1.000000,True,STRONG-CONVERGED (machine precision; q<1)
2,canonical,halton 27,0.7,40,2.034812e-08,0.706017,1.000000,True,"CONFIRMED (q=0.7060, R^2=1.0000)"
2,canonical,halton 27,0.9,40,9.931866e-05,0.902023,1.000000,True,"CONFIRMED (q=0.9020, R^2=1.0000)"
2,canonical,random 27,0.0,40,0.000000e+00,0.854772,0.245381,True,STRONG-CONVERGED (machine precision; q<1)
2,canonical,random 27,0.3,40,0.000000e+00,0.426017,0.913012,True,STRONG-CONVERGED (machine precision; q<1)
2,canonical,random 27,0.5,40,2.253784e-13,0.510079,1.000000,True,STRONG-CONVERGED (machine precision; q<1)
2,canonical,random 27,0.7,40,4.589556e-08,0.706052,1.000000,True,"CONFIRMED (q=0.7061, R^2=1.0000)"
2,canonical,random 27,0.9,40,2.220616e-04,0.902046,1.000000,True,"CONFIRMED (q=0.9020, R^2=1.0000)"
2,canonical,corners 8,0.0,40,0.000000e+00,0.852580,0.248629,True,STRONG-CONVERGED (machine precision; q<1)
2,canonical,corners 8,0.3,40,0.000000e+00,0.399572,0.931255,True,STRONG-CONVERGED (machine precision; q<1)
2,canonical,corners 8,0.5,40,8.995696e-13,0.510085,1.000000,True,STRONG-CONVERGED (machine precision; q<1)
2,canonical,corners 8,0.7,40,1.787744e-07,0.706052,1.000000,True,"CONFIRMED (q=0.7061, R^2=1.0000)"
2,canonical,corners 8,0.9,40,8.540181e-04,0.902032,1.000000,True,"CONFIRMED (q=0.9020, R^2=1.0000)"
2,k=3 axis,halton 27,0.0,40,0.000000e+00,0.503322,0.715138,True,STRONG-CONVERGED (machine precision; q<1)
2,k=3 axis,halton 27,0.3,40,0.000000e+00,0.436780,0.904067,True,STRONG-CONVERGED (machine precision; q<1)
2,k=3 axis,halton 27,0.5,40,4.735704e-12,0.571655,0.998747,True,STRONG-CONVERGED (machine precision; q<1)
2,k=3 axis,halton 27,0.7,40,8.641162e-08,0.729667,0.999336,True,"CONFIRMED (q=0.7297, R^2=0.9993)"
2,k=3 axis,halton 27,0.9,40,1.685505e-04,0.894210,0.864788,True,"WEAK (q=0.8942, R^2=0.8648)"
2,k=3 axis,random 27,0.0,40,0.000000e+00,0.499819,0.712677,True,STRONG-CONVERGED (machine precision; q<1)
2,k=3 axis,random 27,0.3,40,0.000000e+00,0.437709,0.952837,True,STRONG-CONVERGED (machine precision; q<1)
2,k=3 axis,random 27,0.5,40,8.357173e-12,0.576305,0.999152,True,STRONG-CONVERGED (machine precision; q<1)
2,k=3 axis,random 27,0.7,40,3.269449e-07,0.745363,0.998964,True,"CONFIRMED (q=0.7454, R^2=0.9990)"
2,k=3 axis,random 27,0.9,40,5.141152e-04,0.915872,0.999998,True,"CONFIRMED (q=0.9159, R^2=1.0000)"
2,k=3 axis,corners 8,0.0,40,0.000000e+00,0.501906,0.710857,True,STRONG-CONVERGED (machine precision; q<1)
2,k=3 axis,corners 8,0.3,40,8.881784e-16,0.424235,1.000000,True,STRONG-CONVERGED (machine precision; q<1)
2,k=3 axis,corners 8,0.5,40,2.165553e-10,0.588290,0.999997,True,"CONFIRMED (q=0.5883, R^2=1.0000)"
2,k=3 axis,corners 8,0.7,40,1.874630e-06,0.750973,0.999978,True,"CONFIRMED (q=0.7510, R^2=1.0000)"
2,k=3 axis,corners 8,0.9,40,1.467115e-03,0.913162,0.999762,True,"CONFIRMED (q=0.9132, R^2=0.9998)"
2,k=7 axis,halton 27,0.0,40,0.000000e+00,0.855483,0.244507,True,STRONG-CONVERGED (machine precision; q<1)
2,k=7 axis,halton 27,0.3,40,3.526136e-22,0.299811,0.999991,True,STRONG-CONVERGED (machine precision; q<1)
2,k=7 axis,halton 27,0.5,40,1.282245e-13,0.501305,1.000000,True,STRONG-CONVERGED (machine precision; q<1)
2,k=7 axis,halton 27,0.7,40,3.673010e-08,0.700689,1.000000,True,"CONFIRMED (q=0.7007, R^2=1.0000)"
2,k=7 axis,halton 27,0.9,40,2.167423e-04,0.900210,1.000000,True,"CONFIRMED (q=0.9002, R^2=1.0000)"
2,k=7 axis,random 27,0.0,40,0.000000e+00,0.855267,0.244641,True,STRONG-CONVERGED (machine precision; q<1)
2,k=7 axis,random 27,0.3,40,3.461967e-22,0.298375,0.998542,True,STRONG-CONVERGED (machine precision; q<1)
2,k=7 axis,random 27,0.5,40,2.776034e-13,0.509594,0.999999,True,STRONG-CONVERGED (machine precision; q<1)
2,k=7 axis,random 27,0.7,40,5.847725e-08,0.705508,0.999997,True,"CONFIRMED (q=0.7055, R^2=1.0000)"
2,k=7 axis,random 27,0.9,40,2.886829e-04,0.901430,0.999994,True,"CONFIRMED (q=0.9014, R^2=1.0000)"
2,k=7 axis,corners 8,0.0,40,0.000000e+00,0.855360,0.244627,True,STRONG-CONVERGED (machine precision; q<1)
2,k=7 axis,corners 8,0.3,40,1.418394e-22,0.281387,0.994423,True,STRONG-CONVERGED (machine precision; q<1)
2,k=7 axis,corners 8,0.5,40,6.138637e-13,0.509909,1.000000,True,STRONG-CONVERGED (machine precision; q<1)
2,k=7 axis,corners 8,0.7,40,1.235634e-07,0.705900,1.000000,True,"CONFIRMED (q=0.7059, R^2=1.0000)"
2,k=7 axis,corners 8,0.9,40,5.954106e-04,0.901864,1.000000,True,"CONFIRMED (q=0.9019, R^2=1.0000)"
2,k=3 rotated,halton 27,0.0,40,0.000000e+00,0.504251,0.713476,True,STRONG-CONVERGED (machine precision; q<1)
2,k=3 rotated,halton 27,0.3,40,0.000000e+00,0.437768,0.991394,True,STRONG-CONVERGED (machine precision; q<1)
2,k=3 rotated,halton 27,0.5,40,9.728193e-13,0.555436,0.997849,True,STRONG-CONVERGED (machine precision; q<1)
2,k=3 rotated,halton 27,0.7,40,7.716256e-08,0.742220,0.999632,True,"CONFIRMED (q=0.7422, R^2=0.9996)"
2,k=3 rotated,halton 27,0.9,40,1.241330e-04,0.912065,0.999951,True,"CONFIRMED (q=0.9121, R^2=1.0000)"
2,k=3 rotated,random 27,0.0,40,0.000000e+00,0.501686,0.715771,True,STRONG-CONVERGED (machine precision; q<1)
2,k=3 rotated,random 27,0.3,40,1.570092e-16,0.423411,0.999752,True,STRONG-CONVERGED (machine precision; q<1)
2,k=3 rotated,random 27,0.5,40,6.111437e-11,0.587661,1.000000,True,STRONG-CONVERGED (machine precision; q<1)
2,k=3 rotated,random 27,0.7,40,5.910377e-07,0.752698,1.000000,True,"CONFIRMED (q=0.7527, R^2=1.0000)"
2,k=3 rotated,random 27,0.9,40,4.581579e-04,0.917792,0.999975,True,"CONFIRMED (q=0.9178, R^2=1.0000)"
2,k=3 rotated,corners 8,0.0,40,0.000000e+00,0.494015,0.724148,True,STRONG-CONVERGED (machine precision; q<1)
2,k=3 rotated,corners 8,0.3,40,5.551115e-17,0.415680,0.999443,True,STRONG-CONVERGED (machine precision; q<1)
2,k=3 rotated,corners 8,0.5,40,2.496783e-11,0.565780,0.998432,True,STRONG-CONVERGED (machine precision; q<1)
2,k=3 rotated,corners 8,0.7,40,2.986463e-07,0.715594,0.999726,True,"CONFIRMED (q=0.7156, R^2=0.9997)"
2,k=3 rotated,corners 8,0.9,40,8.697310e-04,0.902365,1.000000,True,"CONFIRMED (q=0.9024, R^2=1.0000)"
2,k=7 rotated,halton 27,0.0,40,0.000000e+00,1.000000,1.000000,True,STRONG-CONVERGED (machine precision; q<1)
2,k=7 rotated,halton 27,0.3,40,4.323983e-22,0.294998,0.999636,True,STRONG-CONVERGED (machine precision; q<1)
2,k=7 rotated,halton 27,0.5,40,2.573573e-13,0.500000,1.000000,True,STRONG-CONVERGED (machine precision; q<1)
2,k=7 rotated,halton 27,0.7,40,7.318808e-08,0.700000,1.000000,True,"CONFIRMED (q=0.7000, R^2=1.0000)"
2,k=7 rotated,halton 27,0.9,40,4.279273e-04,0.900000,1.000000,True,"CONFIRMED (q=0.9000, R^2=1.0000)"
2,k=7 rotated,random 27,0.0,40,0.000000e+00,1.000000,1.000000,True,STRONG-CONVERGED (machine precision; q<1)
2,k=7 rotated,random 27,0.3,40,4.425919e-22,0.297710,0.999898,True,STRONG-CONVERGED (machine precision; q<1)
2,k=7 rotated,random 27,0.5,40,1.934596e-13,0.500000,1.000000,True,STRONG-CONVERGED (machine precision; q<1)
2,k=7 rotated,random 27,0.7,40,5.792612e-08,0.700000,1.000000,True,"CONFIRMED (q=0.7000, R^2=1.0000)"
2,k=7 rotated,random 27,0.9,40,3.482644e-04,0.900000,1.000000,True,"CONFIRMED (q=0.9000, R^2=1.0000)"
2,k=7 rotated,corners 8,0.0,40,0.000000e+00,1.000000,1.000000,True,STRONG-CONVERGED (machine precision; q<1)
2,k=7 rotated,corners 8,0.3,40,1.418394e-22,0.296760,0.999913,True,STRONG-CONVERGED (machine precision; q<1)
2,k=7 rotated,corners 8,0.5,40,6.421678e-14,0.499997,1.000000,True,STRONG-CONVERGED (machine precision; q<1)
2,k=7 rotated,corners 8,0.7,40,1.929434e-08,0.700000,1.000000,True,"CONFIRMED (q=0.7000, R^2=1.0000)"
2,k=7 rotated,corners 8,0.9,40,1.161296e-04,0.900000,1.000000,True,"CONFIRMED (q=0.9000, R^2=1.0000)"
3,canonical,halton 27,0.0,40,0.000000e+00,0.835500,0.236314,True,STRONG-CONVERGED (machine precision; q<1)
3,canonical,halton 27,0.3,40,0.000000e+00,0.438330,0.898680,True,STRONG-CONVERGED (machine precision; q<1)
3,canonical,halton 27,0.5,40,1.032687e-13,0.510202,1.000000,True,STRONG-CONVERGED (machine precision; q<1)
3,canonical,halton 27,0.7,40,2.163362e-08,0.706251,1.000000,True,"CONFIRMED (q=0.7063, R^2=1.0000)"
3,canonical,halton 27,0.9,40,1.059593e-04,0.902121,1.000000,True,"CONFIRMED (q=0.9021, R^2=1.0000)"
3,canonical,random 27,0.0,40,0.000000e+00,0.834637,0.237019,True,STRONG-CONVERGED (machine precision; q<1)
3,canonical,random 27,0.3,40,0.000000e+00,0.418838,0.923587,True,STRONG-CONVERGED (machine precision; q<1)
3,canonical,random 27,0.5,40,4.039561e-13,0.511362,1.000000,True,STRONG-CONVERGED (machine precision; q<1)
3,canonical,random 27,0.7,40,7.845995e-08,0.706740,1.000000,True,"CONFIRMED (q=0.7067, R^2=1.0000)"
3,canonical,random 27,0.9,40,3.711124e-04,0.902209,1.000000,True,"CONFIRMED (q=0.9022, R^2=1.0000)"
3,canonical,corners 8,0.0,40,0.000000e+00,0.834999,0.236585,True,STRONG-CONVERGED (machine precision; q<1)
3,canonical,corners 8,0.3,40,0.000000e+00,0.398706,0.936107,True,STRONG-CONVERGED (machine precision; q<1)
3,canonical,corners 8,0.5,40,1.101910e-12,0.511253,1.000000,True,STRONG-CONVERGED (machine precision; q<1)
3,canonical,corners 8,0.7,40,2.082789e-07,0.706670,1.000000,True,"CONFIRMED (q=0.7067, R^2=1.0000)"
3,canonical,corners 8,0.9,40,9.717748e-04,0.902242,1.000000,True,"CONFIRMED (q=0.9022, R^2=1.0000)"
3,k=3 axis,halton 27,0.0,40,0.000000e+00,0.503322,0.715138,True,STRONG-CONVERGED (machine precision; q<1)
3,k=3 axis,halton 27,0.3,40,0.000000e+00,0.440221,0.904759,True,STRONG-CONVERGED (machine precision; q<1)
3,k=3 axis,halton 27,0.5,40,6.181747e-12,0.577805,0.999302,True,STRONG-CONVERGED (machine precision; q<1)
3,k=3 axis,halton 27,0.7,40,1.627826e-07,0.744285,0.999710,True,"CONFIRMED (q=0.7443, R^2=0.9997)"
3,k=3 axis,halton 27,0.9,40,2.105178e-04,0.911879,0.999962,True,"CONFIRMED (q=0.9119, R^2=1.0000)"
3,k=3 axis,random 27,0.0,40,0.000000e+00,0.498796,0.713498,True,STRONG-CONVERGED (machine precision; q<1)
3,k=3 axis,random 27,0.3,40,0.000000e+00,0.419707,0.925248,True,STRONG-CONVERGED (machine precision; q<1)
3,k=3 axis,random 27,0.5,40,8.566035e-13,0.519977,0.999604,True,STRONG-CONVERGED (machine precision; q<1)
3,k=3 axis,random 27,0.7,40,7.741479e-08,0.707183,0.999999,True,"CONFIRMED (q=0.7072, R^2=1.0000)"
3,k=3 axis,random 27,0.9,40,3.612695e-04,0.902361,1.000000,True,"CONFIRMED (q=0.9024, R^2=1.0000)"
3,k=3 axis,corners 8,0.0,40,0.000000e+00,0.501906,0.710857,True,STRONG-CONVERGED (machine precision; q<1)
3,k=3 axis,corners 8,0.3,40,8.881784e-16,0.424205,1.000000,True,STRONG-CONVERGED (machine precision; q<1)
3,k=3 axis,corners 8,0.5,40,2.165562e-10,0.587919,0.999993,True,"CONFIRMED (q=0.5879, R^2=1.0000)"
3,k=3 axis,corners 8,0.7,40,1.877673e-06,0.749537,0.999943,True,"CONFIRMED (q=0.7495, R^2=0.9999)"
3,k=3 axis,corners 8,0.9,40,1.538644e-03,0.911823,0.999794,True,"CONFIRMED (q=0.9118, R^2=0.9998)"
3,k=7 axis,halton 27,0.0,40,0.000000e+00,0.835546,0.236310,True,STRONG-CONVERGED (machine precision; q<1)
3,k=7 axis,halton 27,0.3,40,3.526136e-22,0.292097,0.996285,True,STRONG-CONVERGED (machine precision; q<1)
3,k=7 axis,halton 27,0.5,40,6.823906e-13,0.511259,0.999999,True,STRONG-CONVERGED (machine precision; q<1)
3,k=7 axis,halton 27,0.7,40,1.283656e-07,0.706180,1.000000,True,"CONFIRMED (q=0.7062, R^2=1.0000)"
3,k=7 axis,halton 27,0.9,40,6.211681e-04,0.901961,1.000000,True,"CONFIRMED (q=0.9020, R^2=1.0000)"
3,k=7 axis,random 27,0.0,40,0.000000e+00,0.834671,0.237014,True,STRONG-CONVERGED (machine precision; q<1)
3,k=7 axis,random 27,0.3,40,9.755296e-23,0.278914,0.993809,True,STRONG-CONVERGED (machine precision; q<1)
3,k=7 axis,random 27,0.5,40,5.508367e-13,0.510128,1.000000,True,STRONG-CONVERGED (machine precision; q<1)
3,k=7 axis,random 27,0.7,40,1.101902e-07,0.706023,1.000000,True,"CONFIRMED (q=0.7060, R^2=1.0000)"
3,k=7 axis,random 27,0.9,40,5.294136e-04,0.901918,1.000000,True,"CONFIRMED (q=0.9019, R^2=1.0000)"
3,k=7 axis,corners 8,0.0,40,0.000000e+00,0.835097,0.236570,True,STRONG-CONVERGED (machine precision; q<1)
3,k=7 axis,corners 8,0.3,40,1.418394e-22,0.281852,0.992200,True,STRONG-CONVERGED (machine precision; q<1)
3,k=7 axis,corners 8,0.5,40,8.841990e-13,0.511881,1.000000,True,STRONG-CONVERGED (machine precision; q<1)
3,k=7 axis,corners 8,0.7,40,1.633639e-07,0.706980,1.000000,True,"CONFIRMED (q=0.7070, R^2=1.0000)"
3,k=7 axis,corners 8,0.9,40,7.546609e-04,0.902276,1.000000,True,"CONFIRMED (q=0.9023, R^2=1.0000)"
3,k=3 rotated,halton 27,0.0,40,0.000000e+00,0.504020,0.721265,True,STRONG-CONVERGED (machine precision; q<1)
3,k=3 rotated,halton 27,0.3,40,0.000000e+00,0.439000,0.906467,True,STRONG-CONVERGED (machine precision; q<1)
3,k=3 rotated,halton 27,0.5,40,4.921083e-12,0.577326,0.999351,True,STRONG-CONVERGED (machine precision; q<1)
3,k=3 rotated,halton 27,0.7,40,1.415853e-07,0.744979,0.999769,True,"CONFIRMED (q=0.7450, R^2=0.9998)"
3,k=3 rotated,halton 27,0.9,40,1.903296e-04,0.912833,0.999969,True,"CONFIRMED (q=0.9128, R^2=1.0000)"
3,k=3 rotated,random 27,0.0,40,0.000000e+00,0.498718,0.717296,True,STRONG-CONVERGED (machine precision; q<1)
3,k=3 rotated,random 27,0.3,40,0.000000e+00,0.425899,0.917642,True,STRONG-CONVERGED (machine precision; q<1)
3,k=3 rotated,random 27,0.5,40,1.830101e-12,0.538911,0.998389,True,STRONG-CONVERGED (machine precision; q<1)
3,k=3 rotated,random 27,0.7,40,1.326395e-07,0.725612,0.999475,True,"CONFIRMED (q=0.7256, R^2=0.9995)"
3,k=3 rotated,random 27,0.9,40,3.801854e-04,0.908912,0.999953,True,"CONFIRMED (q=0.9089, R^2=1.0000)"
3,k=3 rotated,corners 8,0.0,40,0.000000e+00,0.494068,0.722306,True,STRONG-CONVERGED (machine precision; q<1)
3,k=3 rotated,corners 8,0.3,40,5.551115e-17,0.414647,0.999321,True,STRONG-CONVERGED (machine precision; q<1)
3,k=3 rotated,corners 8,0.5,40,2.497587e-11,0.563300,0.998324,True,STRONG-CONVERGED (machine precision; q<1)
3,k=3 rotated,corners 8,0.7,40,3.171899e-07,0.714368,0.999807,True,"CONFIRMED (q=0.7144, R^2=0.9998)"
3,k=3 rotated,corners 8,0.9,40,9.856122e-04,0.902499,1.000000,True,"CONFIRMED (q=0.9025, R^2=1.0000)"
3,k=7 rotated,halton 27,0.0,40,0.000000e+00,0.835670,0.236293,True,STRONG-CONVERGED (machine precision; q<1)
3,k=7 rotated,halton 27,0.3,40,5.121830e-22,0.296978,0.996483,True,STRONG-CONVERGED (machine precision; q<1)
3,k=7 rotated,halton 27,0.5,40,5.714783e-13,0.507547,0.999981,True,STRONG-CONVERGED (machine precision; q<1)
3,k=7 rotated,halton 27,0.7,40,1.159676e-07,0.703827,0.999991,True,"CONFIRMED (q=0.7038, R^2=1.0000)"
3,k=7 rotated,halton 27,0.9,40,5.880363e-04,0.900615,1.000000,True,"CONFIRMED (q=0.9006, R^2=1.0000)"
3,k=7 rotated,random 27,0.0,40,0.000000e+00,0.834954,0.237063,True,STRONG-CONVERGED (machine precision; q<1)
3,k=7 rotated,random 27,0.3,40,5.559620e-22,0.298366,0.999372,True,STRONG-CONVERGED (machine precision; q<1)
3,k=7 rotated,random 27,0.5,40,3.258143e-13,0.505189,0.999994,True,STRONG-CONVERGED (machine precision; q<1)
3,k=7 rotated,random 27,0.7,40,7.619737e-08,0.675512,0.965464,True,"CONFIRMED (q=0.6755, R^2=0.9655)"
3,k=7 rotated,random 27,0.9,40,4.222070e-04,0.900568,1.000000,True,"CONFIRMED (q=0.9006, R^2=1.0000)"
3,k=7 rotated,corners 8,0.0,40,0.000000e+00,0.835385,0.236536,True,STRONG-CONVERGED (machine precision; q<1)
3,k=7 rotated,corners 8,0.3,40,1.418394e-22,0.285802,0.992687,True,STRONG-CONVERGED (machine precision; q<1)
3,k=7 rotated,corners 8,0.5,40,6.396117e-13,0.513939,1.000000,True,STRONG-CONVERGED (machine precision; q<1)
3,k=7 rotated,corners 8,0.7,40,1.085915e-07,0.708212,1.000000,True,"CONFIRMED (q=0.7082, R^2=1.0000)"
3,k=7 rotated,corners 8,0.9,40,4.780014e-04,0.902787,1.000000,True,"CONFIRMED (q=0.9028, R^2=1.0000)"
5,canonical,halton 27,0.0,40,0.000000e+00,0.835485,0.236313,True,STRONG-CONVERGED (machine precision; q<1)
5,canonical,halton 27,0.3,40,0.000000e+00,0.409639,0.928995,True,STRONG-CONVERGED (machine precision; q<1)
5,canonical,halton 27,0.5,40,5.922697e-13,0.510425,1.000000,True,STRONG-CONVERGED (machine precision; q<1)
5,canonical,halton 27,0.7,40,1.160319e-07,0.706224,1.000000,True,"CONFIRMED (q=0.7062, R^2=1.0000)"
5,canonical,halton 27,0.9,40,5.508811e-04,0.902077,1.000000,True,"CONFIRMED (q=0.9021, R^2=1.0000)"
5,canonical,random 27,0.0,40,0.000000e+00,0.835466,0.236378,True,STRONG-CONVERGED (machine precision; q<1)
5,canonical,random 27,0.3,40,0.000000e+00,0.400600,0.929208,True,STRONG-CONVERGED (machine precision; q<1)
5,canonical,random 27,0.5,40,7.944911e-13,0.509560,1.000000,True,STRONG-CONVERGED (machine precision; q<1)
5,canonical,random 27,0.7,40,1.607236e-07,0.705703,1.000000,True,"CONFIRMED (q=0.7057, R^2=1.0000)"
5,canonical,random 27,0.9,40,7.775313e-04,0.901962,1.000000,True,"CONFIRMED (q=0.9020, R^2=1.0000)"
5,canonical,corners 8,0.0,40,0.000000e+00,0.834976,0.236582,True,STRONG-CONVERGED (machine precision; q<1)
5,canonical,corners 8,0.3,40,0.000000e+00,0.395107,0.937929,True,STRONG-CONVERGED (machine precision; q<1)
5,canonical,corners 8,0.5,40,1.331210e-12,0.509512,1.000000,True,STRONG-CONVERGED (machine precision; q<1)
5,canonical,corners 8,0.7,40,2.690742e-07,0.705525,1.000000,True,"CONFIRMED (q=0.7055, R^2=1.0000)"
5,canonical,corners 8,0.9,40,1.311030e-03,0.901796,1.000000,True,"CONFIRMED (q=0.9018, R^2=1.0000)"
5,k=3 axis,halton 27,0.0,40,0.000000e+00,0.503322,0.715138,True,STRONG-CONVERGED (machine precision; q<1)
5,k=3 axis,halton 27,0.3,40,0.000000e+00,0.414071,0.934174,True,STRONG-CONVERGED (machine precision; q<1)
5,k=3 axis,halton 27,0.5,40,1.258281e-12,0.521708,0.999397,True,STRONG-CONVERGED (machine precision; q<1)
5,k=3 axis,halton 27,0.7,40,2.628703e-07,0.727660,0.999368,True,"CONFIRMED (q=0.7277, R^2=0.9994)"
5,k=3 axis,halton 27,0.9,40,5.281364e-04,0.905674,0.999978,True,"CONFIRMED (q=0.9057, R^2=1.0000)"
5,k=3 axis,random 27,0.0,40,0.000000e+00,0.499819,0.712677,True,STRONG-CONVERGED (machine precision; q<1)
5,k=3 axis,random 27,0.3,40,2.220446e-16,0.423749,0.999969,True,STRONG-CONVERGED (machine precision; q<1)
5,k=3 axis,random 27,0.5,40,1.177384e-10,0.587816,0.999989,True,"CONFIRMED (q=0.5878, R^2=1.0000)"
5,k=3 axis,random 27,0.7,40,1.340041e-06,0.750833,0.999971,True,"CONFIRMED (q=0.7508, R^2=1.0000)"
5,k=3 axis,random 27,0.9,40,1.378054e-03,0.911279,0.999193,True,"CONFIRMED (q=0.9113, R^2=0.9992)"
5,k=3 axis,corners 8,0.0,40,0.000000e+00,0.501906,0.710857,True,STRONG-CONVERGED (machine precision; q<1)
5,k=3 axis,corners 8,0.3,40,8.881784e-16,0.424100,0.999999,True,STRONG-CONVERGED (machine precision; q<1)
5,k=3 axis,corners 8,0.5,40,2.165576e-10,0.586690,0.999957,True,"CONFIRMED (q=0.5867, R^2=1.0000)"
5,k=3 axis,corners 8,0.7,40,1.885510e-06,0.745140,0.999753,True,"CONFIRMED (q=0.7451, R^2=0.9998)"
5,k=3 axis,corners 8,0.9,40,1.773462e-03,0.908325,0.999860,True,"CONFIRMED (q=0.9083, R^2=0.9999)"
5,k=7 axis,halton 27,0.0,40,0.000000e+00,0.835531,0.236309,True,STRONG-CONVERGED (machine precision; q<1)
5,k=7 axis,halton 27,0.3,40,2.728289e-22,0.283056,0.989742,True,STRONG-CONVERGED (machine precision; q<1)
5,k=7 axis,halton 27,0.5,40,6.617089e-13,0.506041,0.999977,True,STRONG-CONVERGED (machine precision; q<1)
5,k=7 axis,halton 27,0.7,40,1.407869e-07,0.702122,1.000000,True,"CONFIRMED (q=0.7021, R^2=1.0000)"
5,k=7 axis,halton 27,0.9,40,7.793543e-04,0.891882,0.882275,True,"WEAK (q=0.8919, R^2=0.8823)"
5,k=7 axis,random 27,0.0,40,0.000000e+00,0.835520,0.236354,True,STRONG-CONVERGED (machine precision; q<1)
5,k=7 axis,random 27,0.3,40,8.915796e-23,0.276995,0.992413,True,STRONG-CONVERGED (machine precision; q<1)
5,k=7 axis,random 27,0.5,40,7.313083e-13,0.507805,1.000000,True,STRONG-CONVERGED (machine precision; q<1)
5,k=7 axis,random 27,0.7,40,1.578118e-07,0.704390,1.000000,True,"CONFIRMED (q=0.7044, R^2=1.0000)"
5,k=7 axis,random 27,0.9,40,8.031758e-04,0.901371,1.000000,True,"CONFIRMED (q=0.9014, R^2=1.0000)"
5,k=7 axis,corners 8,0.0,40,0.000000e+00,0.835072,0.236566,True,STRONG-CONVERGED (machine precision; q<1)
5,k=7 axis,corners 8,0.3,40,1.418394e-22,0.277811,0.991970,True,STRONG-CONVERGED (machine precision; q<1)
5,k=7 axis,corners 8,0.5,40,1.166434e-12,0.509230,1.000000,True,STRONG-CONVERGED (machine precision; q<1)
5,k=7 axis,corners 8,0.7,40,2.370223e-07,0.705317,1.000000,True,"CONFIRMED (q=0.7053, R^2=1.0000)"
5,k=7 axis,corners 8,0.9,40,1.160713e-03,0.901686,1.000000,True,"CONFIRMED (q=0.9017, R^2=1.0000)"
5,k=3 rotated,halton 27,0.0,40,0.000000e+00,0.504281,0.712819,True,STRONG-CONVERGED (machine precision; q<1)
5,k=3 rotated,halton 27,0.3,40,0.000000e+00,0.414633,0.972005,True,STRONG-CONVERGED (machine precision; q<1)
5,k=3 rotated,halton 27,0.5,40,7.149263e-12,0.549392,0.997826,True,STRONG-CONVERGED (machine precision; q<1)
5,k=3 rotated,halton 27,0.7,40,1.352543e-07,0.708664,0.999962,True,"CONFIRMED (q=0.7087, R^2=1.0000)"
5,k=3 rotated,halton 27,0.9,40,5.579910e-04,0.902266,1.000000,True,"CONFIRMED (q=0.9023, R^2=1.0000)"
5,k=3 rotated,random 27,0.0,40,0.000000e+00,0.497780,0.720408,True,STRONG-CONVERGED (machine precision; q<1)
5,k=3 rotated,random 27,0.3,40,1.570092e-16,0.421088,0.999933,True,STRONG-CONVERGED (machine precision; q<1)
5,k=3 rotated,random 27,0.5,40,7.700751e-11,0.583411,0.999855,True,STRONG-CONVERGED (machine precision; q<1)
5,k=3 rotated,random 27,0.7,40,9.351610e-07,0.743144,0.999703,True,"CONFIRMED (q=0.7431, R^2=0.9997)"
5,k=3 rotated,random 27,0.9,40,1.030056e-03,0.909606,0.999975,True,"CONFIRMED (q=0.9096, R^2=1.0000)"
5,k=3 rotated,corners 8,0.0,40,0.000000e+00,0.494008,0.724226,True,STRONG-CONVERGED (machine precision; q<1)
5,k=3 rotated,corners 8,0.3,40,5.551115e-17,0.412416,0.998983,True,STRONG-CONVERGED (machine precision; q<1)
5,k=3 rotated,corners 8,0.5,40,2.498706e-11,0.557627,0.997970,True,STRONG-CONVERGED (machine precision; q<1)
5,k=3 rotated,corners 8,0.7,40,3.600420e-07,0.710664,0.999895,True,"CONFIRMED (q=0.7107, R^2=0.9999)"
5,k=3 rotated,corners 8,0.9,40,1.321319e-03,0.901940,1.000000,True,"CONFIRMED (q=0.9019, R^2=1.0000)"
5,k=7 rotated,halton 27,0.0,40,0.000000e+00,0.827086,0.274133,True,STRONG-CONVERGED (machine precision; q<1)
5,k=7 rotated,halton 27,0.3,40,5.121830e-22,0.294011,0.996208,True,STRONG-CONVERGED (machine precision; q<1)
5,k=7 rotated,halton 27,0.5,40,7.601354e-13,0.507449,0.999994,True,STRONG-CONVERGED (machine precision; q<1)
5,k=7 rotated,halton 27,0.7,40,1.550453e-07,0.703614,0.999999,True,"CONFIRMED (q=0.7036, R^2=1.0000)"
5,k=7 rotated,halton 27,0.9,40,7.939820e-04,0.901009,1.000000,True,"CONFIRMED (q=0.9010, R^2=1.0000)"
5,k=7 rotated,random 27,0.0,40,0.000000e+00,0.827017,0.274179,True,STRONG-CONVERGED (machine precision; q<1)
5,k=7 rotated,random 27,0.3,40,5.202798e-22,0.293086,0.995850,True,STRONG-CONVERGED (machine precision; q<1)
5,k=7 rotated,random 27,0.5,40,9.058648e-13,0.507962,0.999998,True,STRONG-CONVERGED (machine precision; q<1)
5,k=7 rotated,random 27,0.7,40,1.870962e-07,0.703984,1.000000,True,"CONFIRMED (q=0.7040, R^2=1.0000)"
5,k=7 rotated,random 27,0.9,40,9.869887e-04,0.898701,0.993054,True,"CONFIRMED (q=0.8987, R^2=0.9931)"
5,k=7 rotated,corners 8,0.0,40,0.000000e+00,0.826794,0.274332,True,STRONG-CONVERGED (machine precision; q<1)
5,k=7 rotated,corners 8,0.3,40,1.418394e-22,0.279601,0.990381,True,STRONG-CONVERGED (machine precision; q<1)
5,k=7 rotated,corners 8,0.5,40,1.349594e-12,0.508401,1.000000,True,STRONG-CONVERGED (machine precision; q<1)
5,k=7 rotated,corners 8,0.7,40,2.790102e-07,0.704902,1.000000,True,"CONFIRMED (q=0.7049, R^2=1.0000)"
5,k=7 rotated,corners 8,0.9,40,1.375088e-03,0.901691,1.000000,True,"CONFIRMED (q=0.9017, R^2=1.0000)"
10,canonical,halton 27,0.0,40,0.000000e+00,0.835203,0.236370,True,STRONG-CONVERGED (machine precision; q<1)
10,canonical,halton 27,0.3,40,0.000000e+00,0.402948,0.931354,True,STRONG-CONVERGED (machine precision; q<1)
10,canonical,halton 27,0.5,40,7.417930e-13,0.510284,1.000000,True,STRONG-CONVERGED (machine precision; q<1)
10,canonical,halton 27,0.7,40,1.438939e-07,0.706075,1.000000,True,"CONFIRMED (q=0.7061, R^2=1.0000)"
10,canonical,halton 27,0.9,40,6.821728e-04,0.902004,1.000000,True,"CONFIRMED (q=0.9020, R^2=1.0000)"
10,canonical,random 27,0.0,40,0.000000e+00,0.835201,0.236418,True,STRONG-CONVERGED (machine precision; q<1)
10,canonical,random 27,0.3,40,0.000000e+00,0.399719,0.938428,True,STRONG-CONVERGED (machine precision; q<1)
10,canonical,random 27,0.5,40,1.156111e-12,0.509615,1.000000,True,STRONG-CONVERGED (machine precision; q<1)
10,canonical,random 27,0.7,40,2.312925e-07,0.705676,1.000000,True,"CONFIRMED (q=0.7057, R^2=1.0000)"
10,canonical,random 27,0.9,40,1.114772e-03,0.901837,1.000000,True,"CONFIRMED (q=0.9018, R^2=1.0000)"
10,canonical,corners 8,0.0,40,0.000000e+00,0.834633,0.236662,True,STRONG-CONVERGED (machine precision; q<1)
10,canonical,corners 8,0.3,40,0.000000e+00,0.388798,0.946771,True,STRONG-CONVERGED (machine precision; q<1)
10,canonical,corners 8,0.5,40,2.305744e-12,0.509490,1.000000,True,STRONG-CONVERGED (machine precision; q<1)
10,canonical,corners 8,0.7,40,4.614167e-07,0.705605,1.000000,True,"CONFIRMED (q=0.7056, R^2=1.0000)"
10,canonical,corners 8,0.9,40,2.224701e-03,0.901863,1.000000,True,"CONFIRMED (q=0.9019, R^2=1.0000)"
10,k=3 axis,halton 27,0.0,40,0.000000e+00,0.503322,0.715138,True,STRONG-CONVERGED (machine precision; q<1)
10,k=3 axis,halton 27,0.3,40,0.000000e+00,0.416048,0.974108,True,STRONG-CONVERGED (machine precision; q<1)
10,k=3 axis,halton 27,0.5,40,1.530812e-11,0.562791,0.998123,True,STRONG-CONVERGED (machine precision; q<1)
10,k=3 axis,halton 27,0.7,40,3.378533e-07,0.725896,0.999381,True,"CONFIRMED (q=0.7259, R^2=0.9994)"
10,k=3 axis,halton 27,0.9,40,6.712997e-04,0.904290,0.999988,True,"CONFIRMED (q=0.9043, R^2=1.0000)"
10,k=3 axis,random 27,0.0,40,0.000000e+00,0.499819,0.712677,True,STRONG-CONVERGED (machine precision; q<1)
10,k=3 axis,random 27,0.3,40,0.000000e+00,0.400549,0.937994,True,STRONG-CONVERGED (machine precision; q<1)
10,k=3 axis,random 27,0.5,40,1.608562e-11,0.552434,0.997762,True,STRONG-CONVERGED (machine precision; q<1)
10,k=3 axis,random 27,0.7,40,3.892586e-07,0.716430,0.999672,True,"CONFIRMED (q=0.7164, R^2=0.9997)"
10,k=3 axis,random 27,0.9,40,1.109882e-03,0.902750,0.999997,True,"CONFIRMED (q=0.9028, R^2=1.0000)"
10,k=3 axis,corners 8,0.0,40,0.000000e+00,0.501906,0.710857,True,STRONG-CONVERGED (machine precision; q<1)
10,k=3 axis,corners 8,0.3,40,0.000000e+00,0.406902,0.984476,True,STRONG-CONVERGED (machine precision; q<1)
10,k=3 axis,corners 8,0.5,40,7.811715e-11,0.570792,0.998651,True,STRONG-CONVERGED (machine precision; q<1)
10,k=3 axis,corners 8,0.7,40,1.311373e-06,0.728825,0.999307,True,"CONFIRMED (q=0.7288, R^2=0.9993)"
10,k=3 axis,corners 8,0.9,40,2.331877e-03,0.904277,0.999984,True,"CONFIRMED (q=0.9043, R^2=1.0000)"
10,k=7 axis,halton 27,0.0,40,0.000000e+00,0.835247,0.236366,True,STRONG-CONVERGED (machine precision; q<1)
10,k=7 axis,halton 27,0.3,40,1.150460e-21,0.297582,0.998693,True,STRONG-CONVERGED (machine precision; q<1)
10,k=7 axis,halton 27,0.5,40,7.743191e-13,0.504518,1.000000,True,STRONG-CONVERGED (machine precision; q<1)
10,k=7 axis,halton 27,0.7,40,2.345264e-07,0.701545,1.000000,True,"CONFIRMED (q=0.7015, R^2=1.0000)"
10,k=7 axis,halton 27,0.9,40,8.762901e-04,0.900859,1.000000,True,"CONFIRMED (q=0.9009, R^2=1.0000)"
10,k=7 axis,random 27,0.0,40,0.000000e+00,0.835294,0.236414,True,STRONG-CONVERGED (machine precision; q<1)
10,k=7 axis,random 27,0.3,40,8.915796e-23,0.276395,0.989749,True,STRONG-CONVERGED (machine precision; q<1)
10,k=7 axis,random 27,0.5,40,1.214168e-12,0.507851,1.000000,True,STRONG-CONVERGED (machine precision; q<1)
10,k=7 axis,random 27,0.7,40,2.621370e-07,0.704678,1.000000,True,"CONFIRMED (q=0.7047, R^2=1.0000)"
10,k=7 axis,random 27,0.9,40,1.334759e-03,0.901721,1.000000,True,"CONFIRMED (q=0.9017, R^2=1.0000)"
10,k=7 axis,corners 8,0.0,40,0.000000e+00,0.834717,0.236646,True,STRONG-CONVERGED (machine precision; q<1)
10,k=7 axis,corners 8,0.3,40,1.418394e-22,0.275911,0.988760,True,STRONG-CONVERGED (machine precision; q<1)
10,k=7 axis,corners 8,0.5,40,2.171740e-12,0.508645,1.000000,True,STRONG-CONVERGED (machine precision; q<1)
10,k=7 axis,corners 8,0.7,40,4.467580e-07,0.705058,1.000000,True,"CONFIRMED (q=0.7051, R^2=1.0000)"
10,k=7 axis,corners 8,0.9,40,2.192882e-03,0.901649,1.000000,True,"CONFIRMED (q=0.9016, R^2=1.0000)"
10,k=3 rotated,halton 27,0.0,40,0.000000e+00,0.504399,0.709792,True,STRONG-CONVERGED (machine precision; q<1)
10,k=3 rotated,halton 27,0.3,40,0.000000e+00,0.414095,0.983093,True,STRONG-CONVERGED (machine precision; q<1)
10,k=3 rotated,halton 27,0.5,40,8.876157e-13,0.511579,0.999968,True,STRONG-CONVERGED (machine precision; q<1)
10,k=3 rotated,halton 27,0.7,40,1.556428e-07,0.707337,0.999988,True,"CONFIRMED (q=0.7073, R^2=1.0000)"
10,k=3 rotated,halton 27,0.9,40,6.870585e-04,0.902125,1.000000,True,"CONFIRMED (q=0.9021, R^2=1.0000)"
10,k=3 rotated,random 27,0.0,40,0.000000e+00,0.507138,0.707163,True,STRONG-CONVERGED (machine precision; q<1)
10,k=3 rotated,random 27,0.3,40,5.551115e-17,0.418637,0.999588,True,STRONG-CONVERGED (machine precision; q<1)
10,k=3 rotated,random 27,0.5,40,9.725279e-11,0.583152,0.999830,True,STRONG-CONVERGED (machine precision; q<1)
10,k=3 rotated,random 27,0.7,40,1.185862e-06,0.742452,0.999643,True,"CONFIRMED (q=0.7425, R^2=0.9996)"
10,k=3 rotated,random 27,0.9,40,1.325363e-03,0.908369,0.999935,True,"CONFIRMED (q=0.9084, R^2=0.9999)"
10,k=3 rotated,corners 8,0.0,40,0.000000e+00,0.513783,0.710623,True,STRONG-CONVERGED (machine precision; q<1)
10,k=3 rotated,corners 8,0.3,40,5.551115e-17,0.409508,0.998865,True,STRONG-CONVERGED (machine precision; q<1)
10,k=3 rotated,corners 8,0.5,40,8.681912e-12,0.526426,0.998911,True,STRONG-CONVERGED (machine precision; q<1)
10,k=3 rotated,corners 8,0.7,40,4.523668e-07,0.705425,1.000000,True,"CONFIRMED (q=0.7054, R^2=1.0000)"
10,k=3 rotated,corners 8,0.9,40,2.215435e-03,0.901827,1.000000,True,"CONFIRMED (q=0.9018, R^2=1.0000)"
10,k=7 rotated,halton 27,0.0,40,0.000000e+00,0.834221,0.241206,True,STRONG-CONVERGED (machine precision; q<1)
10,k=7 rotated,halton 27,0.3,40,9.111064e-22,0.294895,0.997945,True,STRONG-CONVERGED (machine precision; q<1)
10,k=7 rotated,halton 27,0.5,40,1.094150e-12,0.506477,0.999999,True,STRONG-CONVERGED (machine precision; q<1)
10,k=7 rotated,halton 27,0.7,40,2.506964e-07,0.703257,1.000000,True,"CONFIRMED (q=0.7033, R^2=1.0000)"
10,k=7 rotated,halton 27,0.9,40,1.296063e-03,0.900205,1.000000,True,"CONFIRMED (q=0.9002, R^2=1.0000)"
10,k=7 rotated,random 27,0.0,40,0.000000e+00,0.834138,0.241344,True,STRONG-CONVERGED (machine precision; q<1)
10,k=7 rotated,random 27,0.3,40,3.461967e-22,0.288214,0.994902,True,STRONG-CONVERGED (machine precision; q<1)
10,k=7 rotated,random 27,0.5,40,1.491849e-12,0.505810,0.999999,True,STRONG-CONVERGED (machine precision; q<1)
10,k=7 rotated,random 27,0.7,40,3.429137e-07,0.702821,1.000000,True,"CONFIRMED (q=0.7028, R^2=1.0000)"
10,k=7 rotated,random 27,0.9,40,1.031945e-03,0.878827,0.791086,True,"WEAK (q=0.8788, R^2=0.7911)"
10,k=7 rotated,corners 8,0.0,40,0.000000e+00,0.826422,0.274316,True,STRONG-CONVERGED (machine precision; q<1)
10,k=7 rotated,corners 8,0.3,40,0.000000e+00,0.389203,0.945477,True,STRONG-CONVERGED (machine precision; q<1)
10,k=7 rotated,corners 8,0.5,40,2.061742e-12,0.508512,1.000000,True,STRONG-CONVERGED (machine precision; q<1)
10,k=7 rotated,corners 8,0.7,40,4.185082e-07,0.704864,1.000000,True,"CONFIRMED (q=0.7049, R^2=1.0000)"
10,k=7 rotated,corners 8,0.9,40,2.066913e-03,0.901678,1.000000,True,"CONFIRMED (q=0.9017, R^2=1.0000)"
20,canonical,halton 27,0.0,40,0.000000e+00,0.805561,0.289005,True,STRONG-CONVERGED (machine precision; q<1)
20,canonical,halton 27,0.3,40,0.000000e+00,0.396086,0.937551,True,STRONG-CONVERGED (machine precision; q<1)
20,canonical,halton 27,0.5,40,1.278377e-12,0.507358,1.000000,True,STRONG-CONVERGED (machine precision; q<1)
20,canonical,halton 27,0.7,40,2.795127e-07,0.704323,1.000000,True,"CONFIRMED (q=0.7043, R^2=1.0000)"
20,canonical,halton 27,0.9,40,1.417882e-03,0.901469,1.000000,True,"CONFIRMED (q=0.9015, R^2=1.0000)"
20,canonical,random 27,0.0,40,0.000000e+00,0.803279,0.291122,True,STRONG-CONVERGED (machine precision; q<1)
20,canonical,random 27,0.3,40,0.000000e+00,0.390793,0.947811,True,STRONG-CONVERGED (machine precision; q<1)
20,canonical,random 27,0.5,40,2.274237e-12,0.511912,0.999999,True,STRONG-CONVERGED (machine precision; q<1)
20,canonical,random 27,0.7,40,4.070451e-07,0.706710,1.000000,True,"CONFIRMED (q=0.7067, R^2=1.0000)"
20,canonical,random 27,0.9,40,1.877717e-03,0.902067,1.000000,True,"CONFIRMED (q=0.9021, R^2=1.0000)"
20,canonical,corners 8,0.0,40,0.000000e+00,0.803328,0.294686,True,STRONG-CONVERGED (machine precision; q<1)
20,canonical,corners 8,0.3,40,0.000000e+00,0.384559,0.952003,True,STRONG-CONVERGED (machine precision; q<1)
20,canonical,corners 8,0.5,40,3.416225e-12,0.506922,0.999636,True,STRONG-CONVERGED (machine precision; q<1)
20,canonical,corners 8,0.7,40,6.996303e-07,0.702516,0.995861,True,"CONFIRMED (q=0.7025, R^2=0.9959)"
20,canonical,corners 8,0.9,40,3.488703e-03,0.901952,1.000000,True,"CONFIRMED (q=0.9020, R^2=1.0000)"
20,k=3 axis,halton 27,0.0,40,0.000000e+00,0.503322,0.715138,True,STRONG-CONVERGED (machine precision; q<1)
20,k=3 axis,halton 27,0.3,40,0.000000e+00,0.396086,0.937547,True,STRONG-CONVERGED (machine precision; q<1)
20,k=3 axis,halton 27,0.5,40,1.038120e-11,0.537569,0.997908,True,STRONG-CONVERGED (machine precision; q<1)
20,k=3 axis,halton 27,0.7,40,3.399575e-07,0.707658,0.999951,True,"CONFIRMED (q=0.7077, R^2=1.0000)"
20,k=3 axis,halton 27,0.9,40,1.430416e-03,0.901630,1.000000,True,"CONFIRMED (q=0.9016, R^2=1.0000)"
20,k=3 axis,random 27,0.0,40,0.000000e+00,0.500575,0.712026,True,STRONG-CONVERGED (machine precision; q<1)
20,k=3 axis,random 27,0.3,40,0.000000e+00,0.392298,0.953105,True,STRONG-CONVERGED (machine precision; q<1)
20,k=3 axis,random 27,0.5,40,1.260086e-11,0.536060,0.998417,True,STRONG-CONVERGED (machine precision; q<1)
20,k=3 axis,random 27,0.7,40,5.231448e-07,0.711500,0.999909,True,"CONFIRMED (q=0.7115, R^2=0.9999)"
20,k=3 axis,random 27,0.9,40,1.874720e-03,0.902391,0.999999,True,"CONFIRMED (q=0.9024, R^2=1.0000)"
20,k=3 axis,corners 8,0.0,40,0.000000e+00,0.501906,0.710857,True,STRONG-CONVERGED (machine precision; q<1)
20,k=3 axis,corners 8,0.3,40,8.881784e-16,0.422382,0.999902,True,STRONG-CONVERGED (machine precision; q<1)
20,k=3 axis,corners 8,0.5,40,2.165804e-10,0.576261,0.998697,True,"CONFIRMED (q=0.5763, R^2=0.9987)"
20,k=3 axis,corners 8,0.7,40,1.993516e-06,0.724793,0.995695,True,"CONFIRMED (q=0.7248, R^2=0.9957)"
20,k=3 axis,corners 8,0.9,40,3.686459e-03,0.903323,0.999996,True,"CONFIRMED (q=0.9033, R^2=1.0000)"
20,k=7 axis,halton 27,0.0,40,0.000000e+00,0.805567,0.289007,True,STRONG-CONVERGED (machine precision; q<1)
20,k=7 axis,halton 27,0.3,40,1.150460e-21,0.293875,0.997734,True,STRONG-CONVERGED (machine precision; q<1)
20,k=7 axis,halton 27,0.5,40,1.387926e-12,0.505652,1.000000,True,STRONG-CONVERGED (machine precision; q<1)
20,k=7 axis,halton 27,0.7,40,3.311789e-07,0.702921,1.000000,True,"CONFIRMED (q=0.7029, R^2=1.0000)"
20,k=7 axis,halton 27,0.9,40,1.772015e-03,0.900921,1.000000,True,"CONFIRMED (q=0.9009, R^2=1.0000)"
20,k=7 axis,random 27,0.0,40,0.000000e+00,0.803274,0.291148,True,STRONG-CONVERGED (machine precision; q<1)
20,k=7 axis,random 27,0.3,40,1.466101e-22,0.282304,0.986739,True,STRONG-CONVERGED (machine precision; q<1)
20,k=7 axis,random 27,0.5,40,2.275295e-12,0.510610,0.999996,True,STRONG-CONVERGED (machine precision; q<1)
20,k=7 axis,random 27,0.7,40,4.186928e-07,0.705614,1.000000,True,"CONFIRMED (q=0.7056, R^2=1.0000)"
20,k=7 axis,random 27,0.9,40,2.011368e-03,0.901869,1.000000,True,"CONFIRMED (q=0.9019, R^2=1.0000)"
20,k=7 axis,corners 8,0.0,40,0.000000e+00,0.803337,0.294690,True,STRONG-CONVERGED (machine precision; q<1)
20,k=7 axis,corners 8,0.3,40,1.418394e-22,0.272406,0.986153,True,STRONG-CONVERGED (machine precision; q<1)
20,k=7 axis,corners 8,0.5,40,3.651478e-12,0.508207,0.999616,True,STRONG-CONVERGED (machine precision; q<1)
20,k=7 axis,corners 8,0.7,40,7.023811e-07,0.703698,0.995688,True,"CONFIRMED (q=0.7037, R^2=0.9957)"
20,k=7 axis,corners 8,0.9,40,3.433958e-03,0.901944,1.000000,True,"CONFIRMED (q=0.9019, R^2=1.0000)"
20,k=3 rotated,halton 27,0.0,40,0.000000e+00,0.504020,0.721265,True,STRONG-CONVERGED (machine precision; q<1)
20,k=3 rotated,halton 27,0.3,40,0.000000e+00,0.396006,0.937590,True,STRONG-CONVERGED (machine precision; q<1)
20,k=3 rotated,halton 27,0.5,40,5.669032e-12,0.526305,0.998716,True,STRONG-CONVERGED (machine precision; q<1)
20,k=3 rotated,halton 27,0.7,40,3.223707e-07,0.706742,0.999973,True,"CONFIRMED (q=0.7067, R^2=1.0000)"
20,k=3 rotated,halton 27,0.9,40,1.427151e-03,0.901605,1.000000,True,"CONFIRMED (q=0.9016, R^2=1.0000)"
20,k=3 rotated,random 27,0.0,40,0.000000e+00,0.506744,0.718804,True,STRONG-CONVERGED (machine precision; q<1)
20,k=3 rotated,random 27,0.3,40,1.570092e-16,0.418305,0.999774,True,STRONG-CONVERGED (machine precision; q<1)
20,k=3 rotated,random 27,0.5,40,1.046026e-10,0.576705,0.999339,True,"CONFIRMED (q=0.5767, R^2=0.9993)"
20,k=3 rotated,random 27,0.7,40,1.264814e-06,0.731146,0.999388,True,"CONFIRMED (q=0.7311, R^2=0.9994)"
20,k=3 rotated,random 27,0.9,40,2.013438e-03,0.904535,0.999981,True,"CONFIRMED (q=0.9045, R^2=1.0000)"
20,k=3 rotated,corners 8,0.0,40,0.000000e+00,0.494068,0.722306,True,STRONG-CONVERGED (machine precision; q<1)
20,k=3 rotated,corners 8,0.3,40,0.000000e+00,0.385678,0.967452,True,STRONG-CONVERGED (machine precision; q<1)
20,k=3 rotated,corners 8,0.5,40,9.724019e-12,0.520828,0.999465,True,STRONG-CONVERGED (machine precision; q<1)
20,k=3 rotated,corners 8,0.7,40,7.417163e-07,0.701573,0.995992,True,"CONFIRMED (q=0.7016, R^2=0.9960)"
20,k=3 rotated,corners 8,0.9,40,3.480322e-03,0.898386,0.771981,True,"WEAK (q=0.8984, R^2=0.7720)"
20,k=7 rotated,halton 27,0.0,40,0.000000e+00,0.804094,0.296613,True,STRONG-CONVERGED (machine precision; q<1)
20,k=7 rotated,halton 27,0.3,40,9.111064e-22,0.295575,0.995203,True,STRONG-CONVERGED (machine precision; q<1)
20,k=7 rotated,halton 27,0.5,40,1.836121e-12,0.509243,1.000000,True,STRONG-CONVERGED (machine precision; q<1)
20,k=7 rotated,halton 27,0.7,40,3.739776e-07,0.705272,1.000000,True,"CONFIRMED (q=0.7053, R^2=1.0000)"
20,k=7 rotated,halton 27,0.9,40,1.840604e-03,0.901735,1.000000,True,"CONFIRMED (q=0.9017, R^2=1.0000)"
20,k=7 rotated,random 27,0.0,40,0.000000e+00,0.801293,0.300982,True,STRONG-CONVERGED (machine precision; q<1)
20,k=7 rotated,random 27,0.3,40,1.466101e-22,0.278447,0.989136,True,STRONG-CONVERGED (machine precision; q<1)
20,k=7 rotated,random 27,0.5,40,2.245178e-12,0.505150,0.999121,True,STRONG-CONVERGED (machine precision; q<1)
20,k=7 rotated,random 27,0.7,40,4.617653e-07,0.694417,0.990988,True,"CONFIRMED (q=0.6944, R^2=0.9910)"
20,k=7 rotated,random 27,0.9,40,2.550903e-03,0.905088,0.997155,True,"CONFIRMED (q=0.9051, R^2=0.9972)"
20,k=7 rotated,corners 8,0.0,40,0.000000e+00,0.802439,0.299379,True,STRONG-CONVERGED (machine precision; q<1)
20,k=7 rotated,corners 8,0.3,40,1.418394e-22,0.272921,0.986064,True,STRONG-CONVERGED (machine precision; q<1)
20,k=7 rotated,corners 8,0.5,40,3.612294e-12,0.510027,0.999999,True,STRONG-CONVERGED (machine precision; q<1)
20,k=7 rotated,corners 8,0.7,40,6.936264e-07,0.705619,1.000000,True,"CONFIRMED (q=0.7056, R^2=1.0000)"
20,k=7 rotated,corners 8,0.9,40,3.326209e-03,0.901833,1.000000,True,"CONFIRMED (q=0.9018, R^2=1.0000)"
